fen,eval
rnbqkb1r/pppp1ppp/5n2/4p3/4P3/2N2N2/PPPP1PPP/R1BQKB1R b KQkq - 3 3,0.3600
rnbqk2r/pppp1ppp/5n2/4p3/1b2P3/2N2N2/PPPP1PPP/R1BQKB1R w KQkq - 4 4,0.3200
rnbqk2r/pppp1ppp/5n2/4N3/1b2P3/2N5/PPPP1PPP/R1BQKB1R b KQkq - 0 4,0.3200
rnbq1rk1/pppp1ppp/5n2/4N3/1b2P3/2N5/PPPP1PPP/R1BQKB1R w KQ - 1 5,0.3400
rnbq1rk1/pppp1ppp/5n2/4N3/1bB1P3/2N5/PPPP1PPP/R1BQK2R b KQ - 2 5,0.1600
rnb1qrk1/pppp1ppp/5n2/4N3/1bB1P3/2N5/PPPP1PPP/R1BQK2R w KQ - 3 6,0.1700
rnb1qrk1/pppp1ppp/5n2/8/1bB1P1N1/2N5/PPPP1PPP/R1BQK2R b KQ - 4 6,-3.5900
rnb1qrk1/pppp1ppp/8/8/1bB1P1n1/2N5/PPPP1PPP/R1BQK2R w KQ - 0 7,-2.9300
rnb1qrk1/pppp1ppp/8/8/1bB1P1n1/2N5/PPPP1PPP/R1BQ1RK1 b - - 1 7,-3.8300
rnb1qrk1/pppp1ppp/8/4n3/1bB1P3/2N5/PPPP1PPP/R1BQ1RK1 w - - 2 8,-2.2200
rnb1qrk1/pppp1ppp/8/4n3/1b2P3/1BN5/PPPP1PPP/R1BQ1RK1 b - - 3 8,-2.6000
rnb1qrk1/pppp1ppp/6n1/8/1b2P3/1BN5/PPPP1PPP/R1BQ1RK1 w - - 4 9,-1.3900
rnb1qrk1/pppp1ppp/6n1/8/1b2PP2/1BN5/PPPP2PP/R1BQ1RK1 b - - 0 9,-1.7800
rnb1qrk1/pppp1ppp/6n1/8/4PP2/1Bb5/PPPP2PP/R1BQ1RK1 w - - 0 10,-1.7200
rnb1qrk1/pppp1ppp/6n1/5P2/4P3/1Bb5/PPPP2PP/R1BQ1RK1 b - - 0 10,-3.6100
rnb1qrk1/pppp1ppp/6n1/b4P2/4P3/1B6/PPPP2PP/R1BQ1RK1 w - - 1 11,-2.6200
rnb1qrk1/pppp1ppp/6n1/b4P2/3PP3/1B6/PPP3PP/R1BQ1RK1 b - - 0 11,-2.7400
rnb2rk1/pppp1ppp/6n1/b4P2/3Pq3/1B6/PPP3PP/R1BQ1RK1 w - - 0 12,-2.5100
rnb2rk1/pppp1ppp/6n1/b4P2/3Pq3/1BP5/PP4PP/R1BQ1RK1 b - - 0 12,-3.0400
rnb2rkn/pppp1ppp/8/b4P2/3Pq3/1BP5/PP4PP/R1BQ1RK1 w - - 1 13,-1.8900
rnb2rkn/pppp1ppp/8/b4P2/3PqR2/1BP5/PP4PP/R1BQ2K1 b - - 2 13,-1.6900
rnb1qrkn/pppp1ppp/8/b4P2/3P1R2/1BP5/PP4PP/R1BQ2K1 w - - 3 14,-1.7300
rnb1qrkn/pppp1ppp/5P2/b7/3P1R2/1BP5/PP4PP/R1BQ2K1 b - - 0 14,-2.0000
rnb1qrk1/pppp1ppp/5Pn1/b7/3P1R2/1BP5/PP4PP/R1BQ2K1 w - - 1 15,-1.7900
rnb1qrk1/pppp1ppp/5Pn1/b6Q/3P1R2/1BP5/PP4PP/R1B3K1 b - - 2 15,-2.0000
rnb1qrk1/ppp2ppp/3p1Pn1/b6Q/3P1R2/1BP5/PP4PP/R1B3K1 w - - 0 16,-0.9300
rnb1qrk1/ppp2ppp/3p1Pn1/b6Q/3P1R2/1BP5/PP1B2PP/R5K1 b - - 1 16,-1.9400
r1b1qrk1/pppn1ppp/3p1Pn1/b6Q/3P1R2/1BP5/PP1B2PP/R5K1 w - - 2 17,-0.1200
r1b1qrk1/pppn1pPp/3p2n1/b6Q/3P1R2/1BP5/PP1B2PP/R5K1 b - - 0 17,-0.8600
r1b1qrk1/pppn1pPp/6n1/b2p3Q/3P1R2/1BP5/PP1B2PP/R5K1 w - - 0 18,1.4600
r1b1qRk1/pppn1p1p/6n1/b2p3Q/3P1R2/1BP5/PP1B2PP/R5K1 b - - 0 18,0.3400
r1b1qk2/pppn1p1p/6n1/b2p3Q/3P1R2/1BP5/PP1B2PP/R5K1 w - - 0 19,4.5100
r1b1qk2/pppn1p1p/6n1/b2p3Q/3P1R2/1BP5/PP1B2PP/4R1K1 b - - 1 19,4.2500
r1b2k2/pppn1p1p/4q1n1/b2p3Q/3P1R2/1BP5/PP1B2PP/4R1K1 w - - 2 20,7.5700
r1b2k2/pppn1p1p/4q1n1/b2p3Q/3P4/1BP2R2/PP1B2PP/4R1K1 b - - 3 20,4.9100
r1b2k2/pppn1p1p/6n1/b2p3Q/3P4/1BP2R2/PP1B2PP/4q1K1 w - - 0 21,5.5200
r1b2k2/pppn1p1p/6n1/b2p3Q/3P4/1BP5/PP1B2PP/4qRK1 b - - 1 21,-2.9400
r1b2k2/pppn1p1p/6n1/b2p3Q/3P3q/1BP5/PP1B2PP/5RK1 w - - 2 22,3.5900
r1b2k2/pppn1p1p/6n1/b2Q4/3P3q/1BP5/PP1B2PP/5RK1 b - - 0 22,4.6400
rnbqkb1r/ppp1pppp/3p1n2/8/2PP4/2N5/PP2PPPP/R1BQKBNR b KQkq - 1 3,0.4500
rn1qkb1r/ppp1pppp/3p1n2/5b2/2PP4/2N5/PP2PPPP/R1BQKBNR w KQkq - 2 4,0.8000
rn1qkb1r/ppp1pppp/3p1n2/5b2/2PP4/2N3P1/PP2PP1P/R1BQKBNR b KQkq - 0 4,0.6500
rn1qkb1r/ppp1ppp1/3p1n1p/5b2/2PP4/2N3P1/PP2PP1P/R1BQKBNR w KQkq - 0 5,0.8400
rn1qkb1r/ppp1ppp1/3p1n1p/5b2/2PP4/2N3P1/PP2PPBP/R1BQK1NR b KQkq - 1 5,0.8200
rn1qkb1r/pp2ppp1/2pp1n1p/5b2/2PP4/2N3P1/PP2PPBP/R1BQK1NR w KQkq - 0 6,0.8400
rn1qkb1r/pp2ppp1/2pp1n1p/5b2/2PP4/2N2NP1/PP2PPBP/R1BQK2R b KQkq - 1 6,0.7500
rn1qkb1r/pp3pp1/2pppn1p/5b2/2PP4/2N2NP1/PP2PPBP/R1BQK2R w KQkq - 0 7,0.8800
rn1qkb1r/pp3pp1/2pppn1p/3P1b2/2P5/2N2NP1/PP2PPBP/R1BQK2R b KQkq - 0 7,0.7700
rn1qkb1r/pp3pp1/2pp1n1p/3Ppb2/2P5/2N2NP1/PP2PPBP/R1BQK2R w KQkq - 0 8,0.7900
rn1qkb1r/pp3pp1/2pp1n1p/3Ppb2/2P4N/2N3P1/PP2PPBP/R1BQK2R b KQkq - 1 8,0.9400
rn1qkb1r/pp3ppb/2pp1n1p/3Pp3/2P4N/2N3P1/PP2PPBP/R1BQK2R w KQkq - 2 9,0.9900
rn1qkb1r/pp3ppb/2pp1n1p/3Pp3/2P4N/2N3P1/PP2PPBP/R1BQ1RK1 b kq - 3 9,0.7900
rn1qkb1r/pp3p1b/2pp1n1p/3Pp1p1/2P4N/2N3P1/PP2PPBP/R1BQ1RK1 w kq - 0 10,0.8700
rn1qkb1r/pp3p1b/2pp1n1p/3Pp1p1/2P5/2N2NP1/PP2PPBP/R1BQ1RK1 b kq - 1 10,0.9300
rn1qk2r/pp2bp1b/2pp1n1p/3Pp1p1/2P5/2N2NP1/PP2PPBP/R1BQ1RK1 w kq - 2 11,1.1800
rn1qk2r/pp2bp1b/2pp1n1p/3Pp1p1/P1P5/2N2NP1/1P2PPBP/R1BQ1RK1 b kq - 0 11,1.0400
rn1qk2r/pp2bp1b/2pp3p/3Pp1p1/P1P1n3/2N2NP1/1P2PPBP/R1BQ1RK1 w kq - 1 12,1.3200
rn1qk2r/pp2bp1b/2pp3p/P2Pp1p1/2P1n3/2N2NP1/1P2PPBP/R1BQ1RK1 b kq - 0 12,0.5500
rn1qk2r/pp2bp1b/2pp3p/P2Pp1p1/2P5/2n2NP1/1P2PPBP/R1BQ1RK1 w kq - 0 13,0.7800
rn1qk2r/pp2bp1b/2pp3p/P2Pp1p1/2P5/2n2NP1/1P2PPBP/R1B1QRK1 b kq - 1 13,-2.7900
rn1qk2r/pp2bp1b/3p3p/P2pp1p1/2P5/2n2NP1/1P2PPBP/R1B1QRK1 w kq - 0 14,0.0700
rn1qk2r/pp2bp1b/3p3p/P2pp1p1/2P5/2P2NP1/4PPBP/R1B1QRK1 b kq - 0 14,-0.8000
r2qk2r/pp1nbp1b/3p3p/P2pp1p1/2P5/2P2NP1/4PPBP/R1B1QRK1 w kq - 1 15,0.5200
r2qk2r/pp1nbp1b/3p3p/P2pp1p1/2P5/2P3P1/3NPPBP/R1B1QRK1 b kq - 2 15,0.3400
r2qk2r/pp1nbp1b/3p3p/P3p1p1/2p5/2P3P1/3NPPBP/R1B1QRK1 w kq - 0 16,0.6000
r2qk2r/pp1nbp1b/3p3p/P3p1p1/2p5/B1P3P1/3NPPBP/R3QRK1 b kq - 1 16,0.1100
r3k2r/ppqnbp1b/3p3p/P3p1p1/2p5/B1P3P1/3NPPBP/R3QRK1 w kq - 2 17,0.0000
r3k2r/ppqnbp1b/3p3p/P3p1p1/2p1P3/B1P3P1/3N1PBP/R3QRK1 b kq - 0 17,-1.1300
r3k2r/p1qnbp1b/3p3p/Pp2p1p1/2p1P3/B1P3P1/3N1PBP/R3QRK1 w kq b6 0 18,-0.5500
r3k2r/p1qnbp1b/1P1p3p/4p1p1/2p1P3/B1P3P1/3N1PBP/R3QRK1 b kq - 0 18,-0.4800
r3k2r/p1q1bp1b/1n1p3p/4p1p1/2p1P3/B1P3P1/3N1PBP/R3QRK1 w kq - 0 19,-0.2500
r3k2r/p1q1bp1b/1n1p3p/4p1p1/2p1P3/B1P3P1/3NQPBP/R4RK1 b kq - 1 19,-0.6100
r3k2r/p1q1bp2/1n1p2bp/4p1p1/2p1P3/B1P3P1/3NQPBP/R4RK1 w kq - 2 20,-0.2600
r3k2r/p1q1bp2/1n1p2bp/4p1p1/1Bp1P3/2P3P1/3NQPBP/R4RK1 b kq - 3 20,-0.2100
r3k2r/p1q1bp2/1n1p2b1/4p1pp/1Bp1P3/2P3P1/3NQPBP/R4RK1 w kq - 0 21,0.3700
r3k2r/p1q1bp2/1n1p2b1/4p1pp/1Bp1P3/2P3PP/3NQPB1/R4RK1 b kq - 0 21,0.1000
r2bk2r/p1q2p2/1n1p2b1/4p1pp/1Bp1P3/2P3PP/3NQPB1/R4RK1 w kq - 1 22,0.8200
r2bk2r/p1q2p2/1n1p2b1/R3p1pp/1Bp1P3/2P3PP/3NQPB1/5RK1 b kq - 2 22,0.6900
r3k2r/p1q1bp2/1n1p2b1/R3p1pp/1Bp1P3/2P3PP/3NQPB1/5RK1 w kq - 3 23,0.7700
r3k2r/p1q1bp2/1n1p2b1/R3p1pp/1Bp1P3/2P3PP/3NQPB1/R5K1 b kq - 4 23,0.7600
r3k2r/p1q1bp2/1n1p2b1/R3p1p1/1Bp1P2p/2P3PP/3NQPB1/R5K1 w kq - 0 24,0.7700
r3k2r/p1q1bp2/1n1p2b1/R3p1p1/1Bp1P2p/2P3PP/4QPB1/R4NK1 b kq - 1 24,0.6200
r3k2r/2q1bp2/pn1p2b1/R3p1p1/1Bp1P2p/2P3PP/4QPB1/R4NK1 w kq - 0 25,0.8200
r3k2r/2q1bp2/Rn1p2b1/4p1p1/1Bp1P2p/2P3PP/4QPB1/R4NK1 b kq - 0 25,0.8300
4k2r/2q1bp2/rn1p2b1/4p1p1/1Bp1P2p/2P3PP/4QPB1/R4NK1 w k - 0 26,1.2000
4k2r/2q1bp2/rn1B2b1/4p1p1/2p1P2p/2P3PP/4QPB1/R4NK1 b k - 0 26,-3.2300
4k2r/4bp2/rnqB2b1/4p1p1/2p1P2p/2P3PP/4QPB1/R4NK1 w k - 1 27,-2.3800
4k2r/4bp2/RnqB2b1/4p1p1/2p1P2p/2P3PP/4QPB1/5NK1 b k - 0 27,-2.3900
4k2r/4bp2/RnqB4/4p1pb/2p1P2p/2P3PP/4QPB1/5NK1 w k - 1 28,2.7500
4k2r/4bp2/RnqB4/4p1pb/2p1P2p/2P3PP/1Q3PB1/5NK1 b k - 2 28,2.4300
3bk2r/5p2/RnqB4/4p1pb/2p1P2p/2P3PP/1Q3PB1/5NK1 w k - 3 29,3.3600
3bk2r/5p2/Rnq5/4B1pb/2p1P2p/2P3PP/1Q3PB1/5NK1 b k - 0 29,3.3400
3b1rk1/5p2/Rnq5/4B1pb/2p1P2p/2P3PP/1Q3PB1/5NK1 w - - 1 30,3.2400
3b1rk1/5p2/Rnq5/4B1pb/2p1P2P/2P4P/1Q3PB1/5NK1 b - - 0 30,2.8600
3b1rk1/5p2/Rn2q3/4B1pb/2p1P2P/2P4P/1Q3PB1/5NK1 w - - 1 31,3.5300
3b1rk1/5p2/Rn2q3/6pb/2p1P2P/2P4P/1Q3PBB/5NK1 b - - 2 31,2.4500
3b1rk1/5p2/Rn2q3/7b/2p1P2p/2P4P/1Q3PBB/5NK1 w - - 0 32,2.3200
3b1rk1/5p2/1n2q3/R6b/2p1P2p/2P4P/1Q3PBB/5NK1 b - - 1 32,2.0300
3b1rk1/5p2/1n4q1/R6b/2p1P2p/2P4P/1Q3PBB/5NK1 w - - 2 33,2.4100
3b1rk1/5p2/1n4q1/R6b/2p1P2p/2P1N2P/1Q3PBB/6K1 b - - 3 33,1.1100
3b1rk1/5p2/1n4q1/R7/2p1P2p/2P1Nb1P/1Q3PBB/6K1 w - - 4 34,1.2000
rnbqkbnr/1p1ppppp/p7/2p5/4P3/8/PPPP1PPP/RNBQKBNR b KQkq - 1 3,-0.4600
rnbqkbnr/3ppppp/p7/1pp5/4P3/8/PPPP1PPP/RNBQKBNR w KQkq - 0 4,-0.3500
rnbqkbnr/3ppppp/p7/1pp5/P3P3/8/1PPP1PPP/RNBQKBNR b KQkq - 0 4,-0.3800
rn1qkbnr/1b1ppppp/p7/1pp5/P3P3/8/1PPP1PPP/RNBQKBNR w KQkq - 1 5,-0.1700
rn1qkbnr/1b1ppppp/p7/1pp5/P3P3/3P4/1PP2PPP/RNBQKBNR b KQkq - 0 5,-0.3700
rn1qkbnr/1b1ppppp/p7/2p5/Pp2P3/3P4/1PP2PPP/RNBQKBNR w KQkq - 0 6,-0.3200
rn1qkbnr/1b1ppppp/p7/2p5/Pp2P3/3P1N2/1PP2PPP/RNBQKB1R b KQkq - 1 6,-0.3300
rn1qkbnr/1b1p1ppp/p3p3/2p5/Pp2P3/3P1N2/1PP2PPP/RNBQKB1R w KQkq - 0 7,-0.2600
rn1qkbnr/1b1p1ppp/p3p3/2p5/Pp2P3/3P1N2/1PP1BPPP/RNBQK2R b KQkq - 1 7,-0.4600
r2qkbnr/1b1p1ppp/p1n1p3/2p5/Pp2P3/3P1N2/1PP1BPPP/RNBQK2R w KQkq - 2 8,-0.3900
r2qkbnr/1b1p1ppp/p1n1p3/2p5/Pp2P3/3P1N2/1PP1BPPP/RNBQ1RK1 b kq - 3 8,-0.4300
r2qkb1r/1b1p1ppp/p1n1pn2/2p5/Pp2P3/3P1N2/1PP1BPPP/RNBQ1RK1 w kq - 4 9,-0.4200
r2qkb1r/1b1p1ppp/p1n1pn2/2p5/Pp2PB2/3P1N2/1PP1BPPP/RN1Q1RK1 b kq - 5 9,-0.2100
r2qkb1r/1b3ppp/p1n1pn2/2pp4/Pp2PB2/3P1N2/1PP1BPPP/RN1Q1RK1 w kq - 0 10,-0.1100
r2qkb1r/1b3ppp/p1n1pn2/2pp4/Pp2PB2/3P1N2/1PP1BPPP/RN1QR1K1 b kq - 1 10,-0.3800
r2qkb1r/1b3ppp/p1n1pn2/2p5/Pp2pB2/3P1N2/1PP1BPPP/RN1QR1K1 w kq - 0 11,-0.2500
r2qkb1r/1b3ppp/p1n1pn2/2p1N3/Pp2pB2/3P4/1PP1BPPP/RN1QR1K1 b kq - 1 11,-1.7200
r3kb1r/1bq2ppp/p1n1pn2/2p1N3/Pp2pB2/3P4/1PP1BPPP/RN1QR1K1 w kq - 2 12,-1.4400
r3kb1r/1bq2ppp/p1n1pnN1/2p5/Pp2pB2/3P4/1PP1BPPP/RN1QR1K1 b kq - 3 12,-1.7900
r3k2r/1bq2ppp/p1nbpnN1/2p5/Pp2pB2/3P4/1PP1BPPP/RN1QR1K1 w kq - 4 13,2.1000
r3k2r/1bq2ppp/p1nbpnN1/2p5/Pp2pB2/3P4/1PPQBPPP/RN2R1K1 b kq - 5 13,-6.2800
r3k2r/1bq3pp/p1nbpnp1/2p5/Pp2pB2/3P4/1PPQBPPP/RN2R1K1 w kq - 0 14,-4.8600
r3k2r/1bq3pp/p1nbpnp1/2p5/Pp2pB2/3P2P1/1PPQBP1P/RN2R1K1 b kq - 0 14,-5.6000
r3k2r/1b2q1pp/p1nbpnp1/2p5/Pp2pB2/3P2P1/1PPQBP1P/RN2R1K1 w kq - 1 15,-4.7100
r3k2r/1b2q1pp/p1nbpnp1/2p3B1/Pp2p3/3P2P1/1PPQBP1P/RN2R1K1 b kq - 2 15,-5.7600
r3k2r/1b1q2pp/p1nbpnp1/2p3B1/Pp2p3/3P2P1/1PPQBP1P/RN2R1K1 w kq - 3 16,-5.1500
r3k2r/1b1q2pp/p1nbpnp1/2p3B1/Pp2p3/2PP2P1/1P1QBP1P/RN2R1K1 b kq - 0 16,-5.4500
r4rk1/1b1q2pp/p1nbpnp1/2p3B1/Pp2p3/2PP2P1/1P1QBP1P/RN2R1K1 w - - 1 17,-5.4400
r4rk1/1b1q2pp/p1nbpnp1/P1p3B1/1p2p3/2PP2P1/1P1QBP1P/RN2R1K1 b - - 0 17,-5.6200
r4rk1/1b1q2pp/p2bpnp1/P1p1n1B1/1p2p3/2PP2P1/1P1QBP1P/RN2R1K1 w - - 1 18,-5.1000
r4rk1/1b1q2pp/p2bpnp1/P1p1n3/1p2pB2/2PP2P1/1P1QBP1P/RN2R1K1 b - - 2 18,-5.6700
r4rk1/1b1q2pp/p2bpnp1/P1p1n3/1p3B2/2PPp1P1/1P1QBP1P/RN2R1K1 w - - 0 19,-5.4300
r4rk1/1b1q2pp/p2bpnp1/P1p1n3/1p3B2/2PPQ1P1/1P2BP1P/RN2R1K1 b - - 0 19,-5.9400
r4rk1/1b1q2pp/p2bp1p1/P1pnn3/1p3B2/2PPQ1P1/1P2BP1P/RN2R1K1 w - - 1 20,-5.5200
r4rk1/1b1q2pp/p2bp1p1/P1pnn3/1p3B2/2PPQ1P1/1P1NBP1P/R3R1K1 b - - 2 20,-6.8000
r4rk1/1b1q2pp/p2bp1p1/P1p1n3/1p3n2/2PPQ1P1/1P1NBP1P/R3R1K1 w - - 0 21,-4.5100
r4rk1/1b1q2pp/p2bp1p1/P1p1n3/1p1P1n2/2P1Q1P1/1P1NBP1P/R3R1K1 b - - 0 21,-6.5100
r4rk1/1b1q2pp/p2bp1p1/P3n3/1p1p1n2/2P1Q1P1/1P1NBP1P/R3R1K1 w - - 0 22,-6.0000
r4rk1/1b1q2pp/p2bp1p1/P3n3/1p1p1Q2/2P3P1/1P1NBP1P/R3R1K1 b - - 0 22,-6.7800
r5k1/1b1q2pp/p2bp1p1/P3n3/1p1p1r2/2P3P1/1P1NBP1P/R3R1K1 w - - 0 23,-6.9400
r5k1/1b1q2pp/B2bp1p1/P3n3/1p1p1r2/2P3P1/1P1N1P1P/R3R1K1 b - - 0 23,-7.4700
r5k1/3q2pp/b2bp1p1/P3n3/1p1p1r2/2P3P1/1P1N1P1P/R3R1K1 w - - 0 24,-7.5400
r5k1/3q2pp/b2bp1p1/P3n3/1pNp1r2/2P3P1/1P3P1P/R3R1K1 b - - 1 24,-9.2200
r5k1/3q2pp/b2bp1p1/P7/1pnp1r2/2P3P1/1P3P1P/R3R1K1 w - - 0 25,-8.9000
r5k1/3q2pp/b2bp1p1/P7/1pnp1r2/1PP3P1/5P1P/R3R1K1 b - - 0 25,-9.9000
r5k1/3q2pp/b2bp1p1/P7/1pnp4/1PP2rP1/5P1P/R3R1K1 w - - 1 26,-8.8200
r5k1/3q2pp/b2bp1p1/P7/1pnp4/1PP2rP1/5P1P/R4RK1 b - - 2 26,-9.8600
r5k1/3q2pp/b2bp1p1/P3n3/1p1p4/1PP2rP1/5P1P/R4RK1 w - - 3 27,-9.8700
r5k1/3q2pp/b2bp1p1/P3n3/1P1p4/1P3rP1/5P1P/R4RK1 b - - 0 27,-10.6500
r5k1/3q2pp/b2bp1p1/P3n3/1P1p4/1r4P1/5P1P/R4RK1 w - - 0 28,-9.5800
r5k1/3q2pp/b2bp1p1/P3n3/1P1p1P2/1r4P1/7P/R4RK1 b - - 0 28,-10.3600
r5k1/3q2pp/b2bp1p1/P3n3/1r1p1P2/6P1/7P/R4RK1 w - - 0 29,-10.0900
r5k1/3q2pp/b2bp1p1/P3P3/1r1p4/6P1/7P/R4RK1 b - - 0 29,-9.1100
r5k1/3q2pp/3bp1p1/P3P3/1r1p4/6P1/7P/R4bK1 w - - 0 30,-8.6200
r5k1/3q2pp/3bp1p1/P3P3/1r1p2P1/8/7P/R4bK1 b - - 0 30,-9.8800
r5k1/3q2pp/4p1p1/P3b3/1r1p2P1/8/7P/R4bK1 w - - 0 31,-8.4600
r5k1/3q2pp/4p1p1/P3b3/1r1p2P1/7P/8/R4bK1 b - - 0 31,-10.5600
r5k1/3q2pp/4p1p1/P3b3/1r1p2P1/7b/8/R5K1 w - - 0 32,-10.3900
r5k1/3q2pp/4p1p1/P3b1P1/1r1p4/7b/8/R5K1 b - - 0 32,-10.0000
r5k1/3q2pp/4p1p1/P3b1P1/1r1p2b1/8/8/R5K1 w - - 1 33,-10.5200
r5k1/3q2pp/4p1p1/P3b1P1/1r1p2b1/8/8/3R2K1 b - - 2 33,-12.3200
r5k1/2q3pp/4p1p1/P3b1P1/1r1p2b1/8/8/3R2K1 w - - 3 34,-12.0600
r5k1/2q3pp/P3p1p1/4b1P1/1r1p2b1/8/8/3R2K1 b - - 0 34,-10.0000
r5k1/q5pp/P3p1p1/4b1P1/1r1p2b1/8/8/3R2K1 w - - 1 35,-11.5300
r5k1/q5pp/P3p1p1/4b1P1/1r1p2b1/8/8/5RK1 b - - 2 35,-10.0000
r5k1/2q3pp/P3p1p1/4b1P1/1r1p2b1/8/8/5RK1 w - - 3 36,-11.4500
r5k1/2q3pp/P3pRp1/4b1P1/1r1p2b1/8/8/6K1 b - - 4 36,-10.0000
r5k1/2q3pp/P3pRp1/4b1P1/3p2b1/8/8/1r4K1 w - - 5 37,-10.0000
rnbqkb1r/ppp1pppp/5n2/3p4/P2P4/2P5/1P2PPPP/RNBQKBNR b KQkq - 0 3,-0.1100
rn1qkb1r/ppp1pppp/5n2/3p1b2/P2P4/2P5/1P2PPPP/RNBQKBNR w KQkq - 1 4,-0.0900
rn1qkb1r/ppp1pppp/5n2/3p1b2/P2P1B2/2P5/1P2PPPP/RN1QKBNR b KQkq - 2 4,-0.0500
rn1qkb1r/1pp1pppp/p4n2/3p1b2/P2P1B2/2P5/1P2PPPP/RN1QKBNR w KQkq - 0 5,0.1300
rn1qkb1r/1pp1pppp/p4n2/3p1b2/P2P1B2/1QP5/1P2PPPP/RN2KBNR b KQkq - 1 5,0.1300
rn1qkb1r/2p1pppp/pp3n2/3p1b2/P2P1B2/1QP5/1P2PPPP/RN2KBNR w KQkq - 0 6,0.0700
rn1qkb1r/2p1pppp/pp3n2/3p1b2/P2P1B2/1QP5/1P1NPPPP/R3KBNR b KQkq - 1 6,0.0000
rn1qkb1r/2p1ppp1/pp3n1p/3p1b2/P2P1B2/1QP5/1P1NPPPP/R3KBNR w KQkq - 0 7,-0.0600
rn1qkb1r/2p1ppp1/pp3n1p/3p1b2/P2P1B2/1QP4P/1P1NPPP1/R3KBNR b KQkq - 0 7,-0.1700
rn1qkb1r/2p2pp1/pp2pn1p/3p1b2/P2P1B2/1QP4P/1P1NPPP1/R3KBNR w KQkq - 0 8,-0.1300
rn1qkb1r/2p2pp1/pp2pn1p/3p1b2/P2P1B2/1QP2N1P/1P1NPPP1/R3KB1R b KQkq - 1 8,-0.2000
rn1qk2r/2p2pp1/pp1bpn1p/3p1b2/P2P1B2/1QP2N1P/1P1NPPP1/R3KB1R w KQkq - 2 9,-0.0400
rn1qk2r/2p2pp1/pp1bpn1p/3pNb2/P2P1B2/1QP4P/1P1NPPP1/R3KB1R b KQkq - 3 9,-0.3900
rn1q1rk1/2p2pp1/pp1bpn1p/3pNb2/P2P1B2/1QP4P/1P1NPPP1/R3KB1R w KQ - 4 10,-0.4700
rn1q1rk1/2p2pp1/pp1bpn1p/3pNb2/P2P1B2/1QP1P2P/1P1N1PP1/R3KB1R b KQ - 0 10,-0.3500
rn1q1rk1/2p2pp1/pp2pn1p/3pbb2/P2P1B2/1QP1P2P/1P1N1PP1/R3KB1R w KQ - 0 11,-0.0600
rn1q1rk1/2p2pp1/pp2pn1p/3pPb2/P4B2/1QP1P2P/1P1N1PP1/R3KB1R b KQ - 0 11,-0.6400
rn1q1rk1/2p2p2/pp2pn1p/3pPbp1/P4B2/1QP1P2P/1P1N1PP1/R3KB1R w KQ - 0 12,0.2300
rn1q1rk1/2p2p2/pp2pn1p/3pPbB1/P7/1QP1P2P/1P1N1PP1/R3KB1R b KQ - 0 12,-0.3700
rn1q1rk1/2p2p2/pp2pn2/3pPbp1/P7/1QP1P2P/1P1N1PP1/R3KB1R w KQ - 0 13,-0.3500
rn1q1rk1/2p2p2/pp2pn2/3pPbp1/P6P/1QP1P3/1P1N1PP1/R3KB1R b KQ - 0 13,-2.5600
rn1q1rk1/2pn1p2/pp2p3/3pPbp1/P6P/1QP1P3/1P1N1PP1/R3KB1R w KQ - 1 14,-2.4300
rn1q1rk1/2pn1p2/pp2p3/3pPbp1/P4P1P/1QP1P3/1P1N2P1/R3KB1R b KQ - 0 14,-2.9100
rn1q1rk1/2pn1p2/pp2p3/3pPb2/P4p1P/1QP1P3/1P1N2P1/R3KB1R w KQ - 0 15,-3.0300
rn1q1rk1/2pn1p2/pp2p3/3pPb2/P4p1P/1QP1PN2/1P4P1/R3KB1R b KQ - 1 15,-3.4300
rn1q1rk1/2p2p2/pp2p3/2npPb2/P4p1P/1QP1PN2/1P4P1/R3KB1R w KQ - 2 16,-3.4000
rn1q1rk1/2p2p2/pp2p3/2npPb2/PQ3p1P/2P1PN2/1P4P1/R3KB1R b KQ - 3 16,-3.8700
rn1q1rk1/2p2p2/pp2p3/2npP3/PQ2bp1P/2P1PN2/1P4P1/R3KB1R w KQ - 4 17,-3.1600
rn1q1rk1/2p2p2/pp2p3/2npP3/PQ2bP1P/2P2N2/1P4P1/R3KB1R b KQ - 0 17,-3.2100
r2q1rk1/2p2p2/ppn1p3/2npP3/PQ2bP1P/2P2N2/1P4P1/R3KB1R w KQ - 1 18,-3.2700
r2q1rk1/2p2p2/ppn1p3/2npP3/PQ2bP1P/2P2N1R/1P4P1/R3KB2 b Q - 2 18,-5.3500
r2q1rk1/2p2p2/ppn1p3/2npPb2/PQ3P1P/2P2N1R/1P4P1/R3KB2 w Q - 3 19,-3.4700
r2q1rk1/2p2p2/ppn1p3/2npPb2/P2Q1P1P/2P2N1R/1P4P1/R3KB2 b Q - 4 19,-5.9700
r2q1rk1/2p2p2/pp2p3/2npPb2/P2n1P1P/2P2N1R/1P4P1/R3KB2 w Q - 0 20,-4.6800
r2q1rk1/2p2p2/pp2p3/2npPb2/PP1n1P1P/2P2N1R/6P1/R3KB2 b Q - 0 20,-7.7300
r2q1rk1/2p2p2/pp2p3/2npPb2/PP3P1P/2P2N1R/2n3P1/R3KB2 w Q - 1 21,-7.4100
r2q1rk1/2p2p2/pp2p3/2npPb2/PP3P1P/2P2N1R/2n2KP1/R4B2 b - - 2 21,-7.8800
r2q1rk1/2p2p2/pp2p3/2npPb2/PP3P1P/2P2N1R/5KP1/n4B2 w - - 0 22,-6.4400
r2q1rk1/2p2p2/pp2p3/2npPb2/PP3PPP/2P2N1R/5K2/n4B2 b - - 0 22,-7.2000
r2q1rk1/2p2p2/pp2p3/2npP3/PP3PbP/2P2N1R/5K2/n4B2 w - - 0 23,-6.1100
r2q1rk1/2p2p2/pp2p3/2npPP2/PP4bP/2P2N1R/5K2/n4B2 b - - 0 23,-7.0400
r2q1rk1/2p2p2/pp2p3/3pPP2/PP2n1bP/2P2N1R/5K2/n4B2 w - - 1 24,-7.0300
r2q1rk1/2p2p2/pp2p3/3pPP2/PP2n1bP/2P2N1R/8/n4BK1 b - - 2 24,-6.7600
r2q1rk1/2p5/pp2pp2/3pPP2/PP2n1bP/2P2N1R/8/n4BK1 w - - 0 25,-6.6000
r2q1rk1/2p5/pp2pp2/3pPP2/PP2n1bP/2P4R/3N4/n4BK1 b - - 1 25,-7.0400
r2q1rk1/2p5/pp2p3/3ppP2/PP2n1bP/2P4R/3N4/n4BK1 w - - 0 26,-6.9100
r2q1rk1/2p5/pp2P3/3pp3/PP2n1bP/2P4R/3N4/n4BK1 b - - 0 26,-8.3500
r2q1rk1/2p5/pp2b3/3pp3/PP2n2P/2P4R/3N4/n4BK1 w - - 0 27,-7.7700
rnbqkb1r/pp1ppppp/2p2n2/8/3P4/4PN2/PPP2PPP/RNBQKB1R b KQkq - 0 3,0.3400
rnbqkb1r/pp1ppp1p/2p2np1/8/3P4/4PN2/PPP2PPP/RNBQKB1R w KQkq - 0 4,0.3500
rnbqkb1r/pp1ppp1p/2p2np1/8/2PP4/4PN2/PP3PPP/RNBQKB1R b KQkq - 0 4,0.4200
rnbqkb1r/pp2pp1p/2pp1np1/8/2PP4/4PN2/PP3PPP/RNBQKB1R w KQkq - 0 5,0.5400
rnbqkb1r/pp2pp1p/2pp1np1/8/2PP4/3BPN2/PP3PPP/RNBQK2R b KQkq - 1 5,0.3400
rnbqk2r/pp2ppbp/2pp1np1/8/2PP4/3BPN2/PP3PPP/RNBQK2R w KQkq - 2 6,0.3800
rnbqk2r/pp2ppbp/2pp1np1/8/2PP4/3BPN2/PP3PPP/RNBQ1RK1 b kq - 3 6,0.3600
rnbqkbnr/pp1p1ppp/8/2p1p3/P3P3/2N5/1PPP1PPP/R1BQKBNR b KQkq - 0 3,0.7100
rnbqk1nr/pp1pbppp/8/2p1p3/P3P3/2N5/1PPP1PPP/R1BQKBNR w KQkq - 1 4,0.7300
rnbqk1nr/pp1pbppp/8/2p1p3/P3P3/2N2N2/1PPP1PPP/R1BQKB1R b KQkq - 2 4,0.3700
r1bqk1nr/pp1pbppp/2n5/2p1p3/P3P3/2N2N2/1PPP1PPP/R1BQKB1R w KQkq - 3 5,0.4000
r1bqk1nr/pp1pbppp/2n5/1Bp1p3/P3P3/2N2N2/1PPP1PPP/R1BQK2R b KQkq - 4 5,0.2700
r1bqk1nr/pp1p1ppp/2n2b2/1Bp1p3/P3P3/2N2N2/1PPP1PPP/R1BQK2R w KQkq - 5 6,0.6700
r1bqk1nr/pp1p1ppp/2n2b2/1Bp1p3/P3P3/2N2N2/1PPP1PPP/R1BQ1RK1 b kq - 6 6,0.6800
r1bqk1nr/pp1p1ppp/5b2/1Bp1p3/Pn2P3/2N2N2/1PPP1PPP/R1BQ1RK1 w kq - 7 7,0.6500
r1bqk1nr/pp1p1ppp/5b2/1Bp1p3/Pn2P3/2NP1N2/1PP2PPP/R1BQ1RK1 b kq - 0 7,0.5400
r1bqk2r/pp1pnppp/5b2/1Bp1p3/Pn2P3/2NP1N2/1PP2PPP/R1BQ1RK1 w kq - 1 8,0.5900
r1bqk2r/pp1pnppp/5b2/1Bp1p3/Pn2P3/2NPBN2/1PP2PPP/R2Q1RK1 b kq - 2 8,0.5000
r1b1k2r/pp1pnppp/1q3b2/1Bp1p3/Pn2P3/2NPBN2/1PP2PPP/R2Q1RK1 w kq - 3 9,1.4800
r1b1k2r/pp1pnppp/1q3b2/2p1p3/PnB1P3/2NPBN2/1PP2PPP/R2Q1RK1 b kq - 4 9,1.1100
r1b2rk1/pp1pnppp/1q3b2/2p1p3/PnB1P3/2NPBN2/1PP2PPP/R2Q1RK1 w - - 5 10,1.1500
r1b2rk1/pp1pnppp/1q3b2/2p1p3/PnB1P2P/2NPBN2/1PP2PP1/R2Q1RK1 b - - 0 10,0.5600
r1b2rk1/pp1pnpp1/1q3b1p/2p1p3/PnB1P2P/2NPBN2/1PP2PP1/R2Q1RK1 w - - 0 11,1.3400
r1b2rk1/pp1pnpp1/1q3b1p/2p1p3/PnB1P2P/2NPB3/1PP2PPN/R2Q1RK1 b - - 1 11,0.8000
r1b2rk1/1p1pnpp1/1q3b1p/p1p1p3/PnB1P2P/2NPB3/1PP2PPN/R2Q1RK1 w - - 0 12,1.7300
r1b2rk1/1p1pnpp1/1q3b1p/p1p1p2Q/PnB1P2P/2NPB3/1PP2PPN/R4RK1 b - - 1 12,1.0000
r1b2rk1/1p1pnpp1/2q2b1p/p1p1p2Q/PnB1P2P/2NPB3/1PP2PPN/R4RK1 w - - 2 13,1.9100
r1b2rk1/1p1pnpp1/2q2b1p/pBp1p2Q/Pn2P2P/2NPB3/1PP2PPN/R4RK1 b - - 3 13,1.3800
r1b2rk1/1p1pnpp1/3q1b1p/pBp1p2Q/Pn2P2P/2NPB3/1PP2PPN/R4RK1 w - - 4 14,2.0700
r1b2rk1/1p1pnpp1/3q1b1p/pBp1p2Q/Pn2P1NP/2NPB3/1PP2PP1/R4RK1 b - - 5 14,1.7900
r1b2rk1/1p1pnpp1/1q3b1p/pBp1p2Q/Pn2P1NP/2NPB3/1PP2PP1/R4RK1 w - - 6 15,2.0300
r1b2rk1/1p1pnpp1/1q3b1p/pBp1p2Q/Pn2PPNP/2NPB3/1PP3P1/R4RK1 b - - 0 15,2.3600
r1b2rk1/1p1pnp2/1q3bpp/pBp1p2Q/Pn2PPNP/2NPB3/1PP3P1/R4RK1 w - - 0 16,3.5000
r1b2rk1/1p1pnp2/1q3bpN/pBp1p2Q/Pn2PP1P/2NPB3/1PP3P1/R4RK1 b - - 0 16,2.4900
r1b2r2/1p1pnpk1/1q3bpN/pBp1p2Q/Pn2PP1P/2NPB3/1PP3P1/R4RK1 w - - 1 17,3.4500
r1b2r2/1p1pnpk1/1q3bpN/pBp1p3/Pn2PP1P/2NPBQ2/1PP3P1/R4RK1 b - - 2 17,1.7700
r1b2r2/1p1pnpk1/1q3bpN/pBp5/Pn2Pp1P/2NPBQ2/1PP3P1/R4RK1 w - - 0 18,3.7800
r1b2r2/1p1pnpk1/1q3bpN/pBp5/Pn2PB1P/2NP1Q2/1PP3P1/R4RK1 b - - 0 18,2.4500
r1b2r2/1p1pnpk1/1q4pN/pBp5/Pn1bPB1P/2NP1Q2/1PP3P1/R4RK1 w - - 1 19,2.8900
r1b2r2/1p1pnpk1/1q4pN/pBp5/Pn1bPB1P/2NP1Q2/1PP3PK/R4R2 b - - 2 19,2.6300
r1b2r2/1p2npk1/1q4pN/pBpp4/Pn1bPB1P/2NP1Q2/1PP3PK/R4R2 w - - 0 20,2.6800
r1b2r2/1p2npk1/1q4pN/pBpp4/Pn1bPB1P/2NP1Q2/1PP3PK/4RR2 b - - 1 20,2.4700
r1bq1r2/1p2npk1/6pN/pBpp4/Pn1bPB1P/2NP1Q2/1PP3PK/4RR2 w - - 2 21,3.3400
r1bq1r2/1p2npk1/6pN/pBpp4/Pn1bPB1P/3P1Q2/1PP1N1PK/4RR2 b - - 3 21,1.5900
r1bq1rn1/1p3pk1/6pN/pBpp4/Pn1bPB1P/3P1Q2/1PP1N1PK/4RR2 w - - 4 22,1.8700
r1bq1rn1/1p3pk1/6pN/pBpp4/Pn1bPB1P/3P2Q1/1PP1N1PK/4RR2 b - - 5 22,1.7500
r1bq1rn1/1p3pk1/5bpN/pBpp4/Pn2PB1P/3P2Q1/1PP1N1PK/4RR2 w - - 6 23,2.0700
r1bq1rn1/1pB2pk1/5bpN/pBpp4/Pn2P2P/3P2Q1/1PP1N1PK/4RR2 b - - 7 23,2.0300
r1b2rn1/1pq2pk1/5bpN/pBpp4/Pn2P2P/3P2Q1/1PP1N1PK/4RR2 w - - 0 24,3.8100
r1b2rN1/1pq2pk1/5bp1/pBpp4/Pn2P2P/3P2Q1/1PP1N1PK/4RR2 b - - 0 24,-3.0200
r1b2rN1/1pq2pk1/6p1/pBppb3/Pn2P2P/3P2Q1/1PP1N1PK/4RR2 w - - 1 25,-2.5700
r1b2r2/1pq2pk1/5Np1/pBppb3/Pn2P2P/3P2Q1/1PP1N1PK/4RR2 b - - 2 25,-3.4600
r1b2r2/1pq2pk1/5Np1/pBppb3/P3P2P/3P2Q1/1Pn1N1PK/4RR2 w - - 0 26,-1.8900
r1b2r2/1pq2pk1/6p1/pBppb2N/P3P2P/3P2Q1/1Pn1N1PK/4RR2 b - - 1 26,-1.5700
r1b2r1k/1pq2p2/6p1/pBppb2N/P3P2P/3P2Q1/1Pn1N1PK/4RR2 w - - 2 27,-1.9100
r1b2r1k/1pq2p2/6p1/pBppb2N/P3PN1P/3P2Q1/1Pn3PK/4RR2 b - - 3 27,-2.3100
r1b2r1k/1p3p2/3q2p1/pBppb2N/P3PN1P/3P2Q1/1Pn3PK/4RR2 w - - 4 28,-0.4800
r1b2r1k/1p3p2/3q2p1/pBppb2N/P2PPN1P/6Q1/1Pn3PK/4RR2 b - - 0 28,-1.0400
r1b2r1k/1p3p2/3q2p1/pBppb2N/P2nPN1P/6Q1/1P4PK/4RR2 w - - 0 29,-0.0900
r1b2r1k/1p3p2/3q2N1/pBppb2N/P2nP2P/6Q1/1P4PK/4RR2 b - - 0 29,0.9000
r1b2r1k/1p6/3q2p1/pBppb2N/P2nP2P/6Q1/1P4PK/4RR2 w - - 0 30,0.8100
r1b2R1k/1p6/3q2p1/pBppb2N/P2nP2P/6Q1/1P4PK/4R3 b - - 0 30,0.8100
r1b2R2/1p5k/3q2p1/pBppb2N/P2nP2P/6Q1/1P4PK/4R3 w - - 1 31,0.8100
r1b2R2/1p5k/3q2p1/pBppQ2N/P2nP2P/8/1P4PK/4R3 b - - 0 31,-2.6200
r1b2R2/1p5k/6p1/pBppq2N/P2nP2P/8/1P4PK/4R3 w - - 0 32,-3.0500
r1b2R2/1p5k/6p1/pBppq2N/P2nP2P/6P1/1P5K/4R3 b - - 0 32,-3.4700
r1b2R2/1p5k/6p1/pBppq2N/P3P2P/5nP1/1P5K/4R3 w - - 1 33,-2.6100
r1b2R2/1p5k/6p1/pBppq2N/P3P2P/5nP1/1P4K1/4R3 b - - 2 33,-5.9700
r1b2R2/1p5k/8/pBppq2p/P3P2P/5nP1/1P4K1/4R3 w - - 0 34,-3.9500
r1b5/1p3R1k/8/pBppq2p/P3P2P/5nP1/1P4K1/4R3 b - - 1 34,-4.2100
r1b5/1p3R2/6k1/pBppq2p/P3P2P/5nP1/1P4K1/4R3 w - - 2 35,-3.5800
r1b1B3/1p3R2/6k1/p1ppq2p/P3P2P/5nP1/1P4K1/4R3 b - - 3 35,-7.5800
r1b1B3/1p3R2/6k1/p1ppq2p/P3P2P/6P1/1P4K1/4n3 w - - 0 36,-7.6800
r1b1B3/1p3R2/6k1/p1ppq2p/P3P2P/6P1/1P6/4n1K1 b - - 1 36,-11.6500
r1b1B3/1p3R2/6k1/p1ppq2p/P3P2P/5nP1/1P6/6K1 w - - 2 37,-7.2100
r1b1B3/1p3R2/6k1/p1ppq2p/P3P2P/5nP1/1P4K1/8 b - - 3 37,-8.2400
r1b1B3/1p3R2/6k1/p1ppq2p/P3P2P/6P1/1P4K1/4n3 w - - 4 38,-7.8600
r1b1B3/1p3R2/6k1/p1ppq2p/P3P2P/6P1/1P6/4n1K1 b - - 5 38,-10.0000
r1b1B3/1p3R2/6k1/p1ppq2p/P3P2P/5nP1/1P6/6K1 w - - 6 39,-7.4200
r1b1B3/1p6/6k1/p1ppq2p/P3P2P/5RP1/1P6/6K1 b - - 0 39,-7.4300
r1b1B3/1p4k1/8/p1ppq2p/P3P2P/5RP1/1P6/6K1 w - - 1 40,-5.7700
r1b1B3/1p4k1/8/p1ppqR1p/P3P2P/6P1/1P6/6K1 b - - 2 40,-8.7200
rnbqk1nr/pppp1ppp/8/4p3/1b2PP2/2N5/PPPP2PP/R1BQKBNR b KQkq - 0 3,-0.2900
rnbqk1nr/pppp1ppp/8/8/1b2Pp2/2N5/PPPP2PP/R1BQKBNR w KQkq - 0 4,-0.1900
rnbqk1nr/pppp1ppp/8/7Q/1b2Pp2/2N5/PPPP2PP/R1B1KBNR b KQkq - 1 4,-0.9700
r1bqk1nr/pppp1ppp/2n5/7Q/1b2Pp2/2N5/PPPP2PP/R1B1KBNR w KQkq - 2 5,-0.7800
r1bqk1nr/pppp1ppp/2n5/7Q/1bB1Pp2/2N5/PPPP2PP/R1B1K1NR b KQkq - 3 5,-1.0100
r1bqk1nr/pppp1p1p/2n3p1/7Q/1bB1Pp2/2N5/PPPP2PP/R1B1K1NR w KQkq - 0 6,-0.7700
r1bqk1nr/pppp1p1p/2n3p1/8/1bB1Pp2/2N2Q2/PPPP2PP/R1B1K1NR b KQkq - 1 6,-1.4100
r1bqk1nr/pppp1p1p/2n5/6p1/1bB1Pp2/2N2Q2/PPPP2PP/R1B1K1NR w KQkq - 0 7,0.5000
rnbqkb1r/pppp1ppp/4pn2/8/2PP4/2N5/PP2PPPP/R1BQKBNR b KQkq - 1 3,0.2100
rnbqkb1r/ppp2ppp/3ppn2/8/2PP4/2N5/PP2PPPP/R1BQKBNR w KQkq - 0 4,0.7000
rnbqkb1r/ppp2ppp/3ppn2/8/2PPP3/2N5/PP3PPP/R1BQKBNR b KQkq - 0 4,0.7500
r1bqkb1r/ppp2ppp/2nppn2/8/2PPP3/2N5/PP3PPP/R1BQKBNR w KQkq - 1 5,0.8800
r1bqkb1r/ppp2ppp/2nppn2/8/2PPP3/2N2N2/PP3PPP/R1BQKB1R b KQkq - 2 5,0.8500
r1bqkb1r/1pp2ppp/p1nppn2/8/2PPP3/2N2N2/PP3PPP/R1BQKB1R w KQkq - 0 6,1.0300
r1bqkb1r/1pp2ppp/p1nppn2/8/2PPP3/2N1BN2/PP3PPP/R2QKB1R b KQkq - 1 6,1.0300
r1bqkb1r/1pp2p1p/p1nppnp1/8/2PPP3/2N1BN2/PP3PPP/R2QKB1R w KQkq - 0 7,1.0900
r1bqkb1r/1pp2p1p/p1nppnp1/8/2PPP3/2N1BN1P/PP3PP1/R2QKB1R b KQkq - 0 7,1.1000
r1bqkb1r/1ppn1p1p/p1npp1p1/8/2PPP3/2N1BN1P/PP3PP1/R2QKB1R w KQkq - 1 8,1.3900
r1bqkb1r/1ppn1p1p/p1npp1p1/8/2PPP3/2N1BN1P/PP1Q1PP1/R3KB1R b KQkq - 2 8,1.2800
r1bqk2r/1ppn1pbp/p1npp1p1/8/2PPP3/2N1BN1P/PP1Q1PP1/R3KB1R w KQkq - 3 9,1.3600
r1bqk2r/1ppn1pbp/p1npp1p1/8/2PPP2P/2N1BN2/PP1Q1PP1/R3KB1R b KQkq - 0 9,1.1300
r1bqk2r/1ppn1pbp/p1np2p1/4p3/2PPP2P/2N1BN2/PP1Q1PP1/R3KB1R w KQkq - 0 10,1.3400
r1bqk2r/1ppn1pbp/p1np2p1/3Pp3/2P1P2P/2N1BN2/PP1Q1PP1/R3KB1R b KQkq - 0 10,1.3300
r1bqkbnr/pppp1ppp/2n5/4p3/2B1P3/2N5/PPPP1PPP/R1BQK1NR b KQkq - 3 3,0.1600
r1bqkbnr/1ppp1ppp/p1n5/4p3/2B1P3/2N5/PPPP1PPP/R1BQK1NR w KQkq - 0 4,0.6700
r1bqkbnr/1ppp1ppp/p1n5/4p3/4P3/1BN5/PPPP1PPP/R1BQK1NR b KQkq - 1 4,0.1400
r1bqk1nr/1ppp1ppp/p1n5/2b1p3/4P3/1BN5/PPPP1PPP/R1BQK1NR w KQkq - 2 5,0.2000
r1bqk1nr/1ppp1ppp/p1n5/2b1p3/4P3/1BN2N2/PPPP1PPP/R1BQK2R b KQkq - 3 5,0.1200
r1bqk1nr/1ppp1pp1/p1n4p/2b1p3/4P3/1BN2N2/PPPP1PPP/R1BQK2R w KQkq - 0 6,0.4200
r1bqk1nr/1ppp1pp1/p1n4p/2bNp3/4P3/1B3N2/PPPP1PPP/R1BQK2R b KQkq - 1 6,0.2900
r1bqk1nr/bppp1pp1/p1n4p/3Np3/4P3/1B3N2/PPPP1PPP/R1BQK2R w KQkq - 2 7,0.1800
r1bqk1nr/bppp1pp1/p1n4p/3Np3/4P3/1BP2N2/PP1P1PPP/R1BQK2R b KQkq - 0 7,0.1900
r1bqk1nr/bpp2pp1/p1np3p/3Np3/4P3/1BP2N2/PP1P1PPP/R1BQK2R w KQkq - 0 8,0.2000
r1bqk1nr/bpp2pp1/p1np3p/3Np3/4P3/1BPP1N2/PP3PPP/R1BQK2R b KQkq - 0 8,0.0000
r1bqk2r/bpp1npp1/p1np3p/3Np3/4P3/1BPP1N2/PP3PPP/R1BQK2R w KQkq - 1 9,0.1200
r1bqk2r/bpp1npp1/p1np3p/4p3/4P3/1BPPNN2/PP3PPP/R1BQK2R b KQkq - 2 9,0.1200
r1bqk2r/bpp1npp1/p2p3p/n3p3/4P3/1BPPNN2/PP3PPP/R1BQK2R w KQkq - 3 10,0.5500
r1bqk2r/bpp1npp1/p2p3p/n3p3/4P3/2PPNN2/PPB2PPP/R1BQK2R b KQkq - 4 10,0.6000
r1bq1rk1/bpp1npp1/p2p3p/n3p3/4P3/2PPNN2/PPB2PPP/R1BQK2R w KQ - 5 11,0.5700
r1bq1rk1/bpp1npp1/p2p3p/n3p3/4P2N/2PPN3/PPB2PPP/R1BQK2R b KQ - 6 11,0.2700
r1bq1rk1/bpp1npp1/p1np3p/4p3/4P2N/2PPN3/PPB2PPP/R1BQK2R w KQ - 7 12,0.8600
r1bq1rk1/bpp1npp1/p1np3p/4p3/4P2N/2PPN2P/PPB2PP1/R1BQK2R b KQ - 0 12,0.2000
r1bq1r2/bpp1nppk/p1np3p/4p3/4P2N/2PPN2P/PPB2PP1/R1BQK2R w KQ - 1 13,0.5600
r1bq1r2/bpp1nppk/p1np3p/4p3/4P2N/2PPN2P/PPB1QPP1/R1B1K2R b KQ - 2 13,0.3500
r1bq1r2/bpp1nppk/p1n4p/3pp3/4P2N/2PPN2P/PPB1QPP1/R1B1K2R w KQ - 0 14,0.6700
r1bq1r2/bpp1nppk/p1n4p/3Pp3/7N/2PPN2P/PPB1QPP1/R1B1K2R b KQ - 0 14,0.8500
r1bq1r2/bpp2ppk/p1n4p/3np3/7N/2PPN2P/PPB1QPP1/R1B1K2R w KQ - 0 15,1.0500
r1bq1r2/bpp2ppk/p1n4p/3np3/3P3N/2P1N2P/PPB1QPP1/R1B1K2R b KQ - 0 15,0.6700
r1bq1rk1/bpp2pp1/p1n4p/3np3/3P3N/2P1N2P/PPB1QPP1/R1B1K2R w KQ - 1 16,0.6700
r1bq1rk1/bpp2pp1/p1n4p/3np3/3P3N/2PQN2P/PPB2PP1/R1B1K2R b KQ - 2 16,0.3400
r1bq1rk1/bpp3p1/p1n4p/3npp2/3P3N/2PQN2P/PPB2PP1/R1B1K2R w KQ - 0 17,2.3300
r1bq1rk1/bpp3p1/p1n4p/3Npp2/3P3N/2PQ3P/PPB2PP1/R1B1K2R b KQ - 0 17,0.6700
r1bq1rk1/bpp3p1/p1n4p/3N1p2/3p3N/2PQ3P/PPB2PP1/R1B1K2R w KQ - 0 18,2.3000
r1bq1rk1/bpp3p1/p1n4p/3N1p2/3p3N/2PQ3P/PPB2PP1/R1B2RK1 b - - 1 18,0.7500
r1bq1r2/bpp3pk/p1n4p/3N1p2/3p3N/2PQ3P/PPB2PP1/R1B2RK1 w - - 2 19,2.3100
r1bq1r2/bpp3pk/p1n4B/3N1p2/3p3N/2PQ3P/PPB2PP1/R4RK1 b - - 0 19,0.6200
r1bq1r2/bpp4k/p1n4p/3N1p2/3p3N/2PQ3P/PPB2PP1/R4RK1 w - - 0 20,2.4700
r1bq1r2/bpp4k/p1n4p/3N1p2/3p3N/2PQ3P/PPB2PP1/R3R1K1 b - - 1 20,-2.0500
r1b2r2/bpp4k/p1n4p/3q1p2/3p3N/2PQ3P/PPB2PP1/R3R1K1 w - - 0 21,-2.0500
r1b2r2/bpp4k/p1n4p/3q1p2/3p3N/2PQ3P/PPB2PP1/R3R2K b - - 1 21,-2.6100
r1b2r2/1pp4k/pbn4p/3q1p2/3p3N/2PQ3P/PPB2PP1/R3R2K w - - 2 22,-2.7500
r1b2r2/1pp4k/pbn4p/3q1p2/3p3N/2PQ3P/PPB2PP1/R3R1K1 b - - 3 22,-2.7200
r1bq1r2/1pp4k/pbn4p/5p2/3p3N/2PQ3P/PPB2PP1/R3R1K1 w - - 4 23,-2.2200
r1bq1r2/1pp4k/pbn4p/5p2/3p3N/2PQ2PP/PPB2P2/R3R1K1 b - - 0 23,-3.1800
r1b2r2/1pp4k/pbn2q1p/5p2/3p3N/2PQ2PP/PPB2P2/R3R1K1 w - - 1 24,-2.8700
r1b2r2/1pp4k/pbn2q1p/5p2/3p4/2PQ2PP/PPB2PN1/R3R1K1 b - - 2 24,-3.6500
r4r2/1ppb3k/pbn2q1p/5p2/3p4/2PQ2PP/PPB2PN1/R3R1K1 w - - 3 25,-3.2800
r4r2/1ppb3k/pbn2q1p/5p2/3p4/2PQ2PP/PPB2PN1/3RR1K1 b - - 4 25,-3.5400
4rr2/1ppb3k/pbn2q1p/5p2/3p4/2PQ2PP/PPB2PN1/3RR1K1 w - - 5 26,-3.0300
4rr2/1ppb3k/pbn2q1p/5p2/3p2P1/2PQ3P/PPB2PN1/3RR1K1 b - - 0 26,-3.3600
4rr1k/1ppb4/pbn2q1p/5p2/3p2P1/2PQ3P/PPB2PN1/3RR1K1 w - - 1 27,-3.5800
4rr1k/1ppb4/pbn2q1p/5p2/3p2P1/2P4P/PPBQ1PN1/3RR1K1 b - - 2 27,-4.1200
5r1k/1ppb4/pbn2q1p/5p2/3p2P1/2P4P/PPBQ1PN1/3Rr1K1 w - - 0 28,-4.1100
5r1k/1ppb4/pbn2q1p/5p2/3p2P1/2P4P/PPBQ1P2/3RN1K1 b - - 0 28,-5.1800
5r1k/1ppb2q1/pbn4p/5p2/3p2P1/2P4P/PPBQ1P2/3RN1K1 w - - 1 29,-4.7000
5r1k/1ppb2q1/pbn4p/5p2/3p2P1/2P4P/PPBQ1P1K/3RN3 b - - 2 29,-5.1100
5r1k/1ppb2q1/pbn4p/8/3p2p1/2P4P/PPBQ1P1K/3RN3 w - - 0 30,-4.5500
5r1k/1ppb2q1/pbn4p/8/3p2p1/2P4P/PPBQ1P2/3RN2K b - - 1 30,-5.2900
5r1k/1ppb4/pbn2q1p/8/3p2p1/2P4P/PPBQ1P2/3RN2K w - - 2 31,-4.5200
5r1k/1ppb4/pbn2q1p/8/3p2p1/2P4P/PPBQ1PN1/3R3K b - - 3 31,-4.8000
5r1k/1ppb4/pbn4p/6q1/3p2p1/2P4P/PPBQ1PN1/3R3K w - - 4 32,-4.9000
5r1k/1ppb4/pbn4p/6q1/3p2p1/2PQ3P/PPB2PN1/3R3K b - - 5 32,-5.1500
7k/1ppb1r2/pbn4p/6q1/3p2p1/2PQ3P/PPB2PN1/3R3K w - - 6 33,-3.7600
7k/1ppb1r2/pbn4p/6q1/3pQ1p1/2P4P/PPB2PN1/3R3K b - - 7 33,-4.7200
3n3k/1ppb1r2/pb5p/6q1/3pQ1p1/2P4P/PPB2PN1/3R3K w - - 8 34,-3.8100
rnbqkbnr/pp1p1ppp/2p1p3/8/3P4/5N2/PPPNPPPP/R1BQKB1R b KQkq - 1 3,0.7200
rnbqkb1r/pp1pnppp/2p1p3/8/3P4/5N2/PPPNPPPP/R1BQKB1R w KQkq - 2 4,1.1700
rnbqkb1r/pp1pnppp/2p1p3/8/3PP3/5N2/PPPN1PPP/R1BQKB1R b KQkq - 0 4,1.1600
rnbqkb1r/pp1pnpp1/2p1p2p/8/3PP3/5N2/PPPN1PPP/R1BQKB1R w KQkq - 0 5,1.2600
rnbqkb1r/pp1pnpp1/2p1p2p/8/P2PP3/5N2/1PPN1PPP/R1BQKB1R b KQkq - 0 5,1.3300
rnbqkb1r/p2pnpp1/1pp1p2p/8/P2PP3/5N2/1PPN1PPP/R1BQKB1R w KQkq - 0 6,1.4600
rnbqkb1r/p2pnpp1/1pp1p2p/8/PP1PP3/5N2/2PN1PPP/R1BQKB1R b KQkq - 0 6,1.2100
rnbqkb1r/p3npp1/1pp1p2p/3p4/PP1PP3/5N2/2PN1PPP/R1BQKB1R w KQkq - 0 7,1.2400
rnbqkb1r/p3npp1/1pp1p2p/P2p4/1P1PP3/5N2/2PN1PPP/R1BQKB1R b KQkq - 0 7,0.9400
r1bqkb1r/p2nnpp1/1pp1p2p/P2p4/1P1PP3/5N2/2PN1PPP/R1BQKB1R w KQkq - 1 8,1.4700
r1bqkb1r/p2nnpp1/1pp1p2p/P2p4/1PPPP3/5N2/3N1PPP/R1BQKB1R b KQkq - 0 8,1.1800
r1bqkb1r/p2nnpp1/2p1p2p/p2p4/1PPPP3/5N2/3N1PPP/R1BQKB1R w KQkq - 0 9,0.9100
r1bqkb1r/p2nnpp1/2p1p2p/p2P4/1PPP4/5N2/3N1PPP/R1BQKB1R b KQkq - 0 9,0.3600
r1bqkb1r/p2nnpp1/2p4p/p2p4/1PPP4/5N2/3N1PPP/R1BQKB1R w KQkq - 0 10,0.4800
r1bqkb1r/p2nnpp1/2p4p/P2p4/2PP4/5N2/3N1PPP/R1BQKB1R b KQkq - 0 10,0.2000
r1bqkb1r/p2nnp2/2p3pp/P2p4/2PP4/5N2/3N1PPP/R1BQKB1R w KQkq - 0 11,0.8900
r1bqkb1r/p2nnp2/2p3pp/P2p4/2PP4/5N1P/3N1PP1/R1BQKB1R b KQkq - 0 11,0.2500
r1bqk2r/p2nnpb1/2p3pp/P2p4/2PP4/5N1P/3N1PP1/R1BQKB1R w KQkq - 1 12,0.3300
r1bqk2r/p2nnpb1/2p3pp/P2p4/2PP4/3B1N1P/3N1PP1/R1BQK2R b KQkq - 2 12,-0.0300
r1bq1rk1/p2nnpb1/2p3pp/P2p4/2PP4/3B1N1P/3N1PP1/R1BQK2R w KQ - 3 13,0.3700
r1bq1rk1/p2nnpb1/2p3pp/P2p4/2PP4/B2B1N1P/3N1PP1/R2QK2R b KQ - 4 13,0.2200
r1bqr1k1/p2nnpb1/2p3pp/P2p4/2PP4/B2B1N1P/3N1PP1/R2QK2R w KQ - 5 14,0.2200
r1bqr1k1/p2nnpb1/2p3pp/P2p4/2PP4/B2B1N1P/3N1PP1/R2Q1RK1 b - - 6 14,0.1700
r1bqr1k1/p2nnpb1/6pp/P1pp4/2PP4/B2B1N1P/3N1PP1/R2Q1RK1 w - - 0 15,0.8700
r1bqr1k1/p2nnpb1/6pp/P1pp4/2PP4/B2B1N1P/3N1PP1/2RQ1RK1 b - - 1 15,-0.3600
r2qr1k1/p2nnpb1/b5pp/P1pp4/2PP4/B2B1N1P/3N1PP1/2RQ1RK1 w - - 2 16,0.0200
r2qr1k1/p2nnpb1/b5pp/P1pp4/2PP4/B2B1N1P/3N1PP1/2RQR1K1 b - - 3 16,-0.2100
r3r1k1/p2nnpb1/b5pp/q1pp4/2PP4/B2B1N1P/3N1PP1/2RQR1K1 w - - 0 17,-0.2000
r3r1k1/p2nnpb1/b5pp/q1pp4/2PP4/B2B1N1P/3N1PP1/R2QR1K1 b - - 1 17,-0.1200
r3r1k1/p1qnnpb1/b5pp/2pp4/2PP4/B2B1N1P/3N1PP1/R2QR1K1 w - - 2 18,-0.1400
r3r1k1/p1qnnpb1/b5pp/2pp4/Q1PP4/B2B1N1P/3N1PP1/R3R1K1 b - - 3 18,-0.3600
r3r1k1/pbqnnpb1/6pp/2pp4/Q1PP4/B2B1N1P/3N1PP1/R3R1K1 w - - 4 19,-0.2900
r3r1k1/pbqnnpb1/6pp/2pp4/Q1PP4/3B1N1P/1B1N1PP1/R3R1K1 b - - 5 19,-0.9400
r3r1k1/pbqnnpb1/6pp/2p5/Q1pP4/3B1N1P/1B1N1PP1/R3R1K1 w - - 0 20,-0.8200
r3r1k1/pbqnnpb1/6pp/2p5/Q1NP4/3B1N1P/1B3PP1/R3R1K1 b - - 0 20,-1.9900
r3r1k1/1bqnnpb1/6pp/p1p5/Q1NP4/3B1N1P/1B3PP1/R3R1K1 w - - 0 21,-0.2900
r3r1k1/1bqnnpb1/6pp/p1p5/2NP4/3B1N1P/1B3PP1/R2QR1K1 b - - 1 21,-0.9500
r3r1k1/1bqn1pb1/2n3pp/p1p5/2NP4/3B1N1P/1B3PP1/R2QR1K1 w - - 2 22,-0.5100
r3R1k1/1bqn1pb1/2n3pp/p1p5/2NP4/3B1N1P/1B3PP1/R2Q2K1 b - - 0 22,-0.9300
r3Rnk1/1bq2pb1/2n3pp/p1p5/2NP4/3B1N1P/1B3PP1/R2Q2K1 w - - 1 23,4.3200
r4nk1/1bq2pb1/2n3pp/p1p5/2NP4/3B1N1P/1B3PP1/R2QR1K1 b - - 2 23,3.2700
r4nk1/1bq2pb1/6pp/p1p5/1nNP4/3B1N1P/1B3PP1/R2QR1K1 w - - 3 24,4.5900
r4nk1/1bq2pb1/6pp/p1p5/1nNP4/3B1N1P/1B3PP1/R2QR2K b - - 4 24,2.9600
3r1nk1/1bq2pb1/6pp/p1p5/1nNP4/3B1N1P/1B3PP1/R2QR2K w - - 5 25,3.3400
3r1nk1/1bq2pb1/6pp/R1p5/1nNP4/3B1N1P/1B3PP1/3QR2K b - - 0 25,2.6700
3r1nk1/2q2pb1/6pp/R1p5/1nNP4/3B1b1P/1B3PP1/3QR2K w - - 0 26,3.5500
3r1nk1/2q2pb1/6pp/R1p5/1nNP4/3B1b1P/1B1Q1PP1/4R2K b - - 1 26,0.3600
3r1nk1/2q2pb1/6pp/R1p5/1nNP4/3B3P/1B1Q1Pb1/4R2K w - - 0 27,1.9500
3r1nk1/2q2pb1/6pp/R1p5/1nNP4/3B3P/1B1Q1Pb1/4R1K1 b - - 1 27,-1.8600
3r1nk1/1q3pb1/6pp/R1p5/1nNP4/3B3P/1B1Q1Pb1/4R1K1 w - - 2 28,-0.8000
3r1nk1/1q3pb1/6pp/2R5/1nNP4/3B3P/1B1Q1Pb1/4R1K1 b - - 0 28,-0.6200
3r2k1/1q3pb1/4n1pp/2R5/1nNP4/3B3P/1B1Q1Pb1/4R1K1 w - - 1 29,0.7000
3r2k1/1q3pb1/4n1pp/N1R5/1n1P4/3B3P/1B1Q1Pb1/4R1K1 b - - 2 29,0.7900
3r2k1/5pb1/4n1pp/N1R5/1n1P4/3B1q1P/1B1Q1Pb1/4R1K1 w - - 3 30,1.7300
3r2k1/5pb1/4n1pp/N1R5/1Q1P4/3B1q1P/1B3Pb1/4R1K1 b - - 0 30,-4.3800
3r2k1/5pb1/6pp/N1n5/1Q1P4/3B1q1P/1B3Pb1/4R1K1 w - - 0 31,-1.6400
3r2k1/5pb1/6pp/N1n5/1Q1P4/5q1P/1B3Pb1/4RBK1 b - - 1 31,-5.0100
3r2k1/5pb1/6pp/N7/1Q1P4/3n1q1P/1B3Pb1/4RBK1 w - - 2 32,-5.1000
3r2k1/5pb1/6pp/N7/3P4/3n1q1P/1B1Q1Pb1/4RBK1 b - - 3 32,-5.4700
3r2k1/5pb1/6pp/N7/3P4/3n1q1P/1B1Q1P2/4RbK1 w - - 0 33,-4.7100
3r2k1/5pb1/6pp/N7/3P4/3n1q1P/1B1Q1P2/5RK1 b - - 0 33,-5.2300
3r2k1/5pb1/6pp/N7/3P4/5q1P/1n1Q1P2/5RK1 w - - 0 34,-4.1700
3r2k1/5pb1/6pp/N7/3P4/5q1P/1n1Q1P2/1R4K1 b - - 1 34,-5.0200
6k1/5pb1/6pp/N7/3r4/5q1P/1n1Q1P2/1R4K1 w - - 0 35,-4.1900
6k1/5pb1/6pp/N7/3r4/5q1P/1n3P2/1RQ3K1 b - - 1 35,-6.1100
6k1/5pb1/6pp/N7/3r4/7q/1n3P2/1RQ3K1 w - - 0 36,-5.6400
6k1/5pb1/6pp/N7/2Qr4/7q/1n3P2/1R4K1 b - - 1 36,-7.8600
rnbqkb1r/ppp1pppp/5n2/3p4/3P4/4PN2/PPP2PPP/RNBQKB1R b KQkq - 0 3,0.1700
rn1qkb1r/ppp1pppp/5n2/3p1b2/3P4/4PN2/PPP2PPP/RNBQKB1R w KQkq - 1 4,0.3300
rn1qkb1r/ppp1pppp/5n2/3p1b2/2PP4/4PN2/PP3PPP/RNBQKB1R b KQkq - 0 4,0.3100
rn1qkb1r/ppp2ppp/4pn2/3p1b2/2PP4/4PN2/PP3PPP/RNBQKB1R w KQkq - 0 5,0.5100
rn1qkb1r/ppp2ppp/4pn2/3p1b2/2PP4/1Q2PN2/PP3PPP/RNB1KB1R b KQkq - 1 5,0.5000
r2qkb1r/pppn1ppp/4pn2/3p1b2/2PP4/1Q2PN2/PP3PPP/RNB1KB1R w KQkq - 2 6,0.4900
r2qkb1r/pppn1ppp/4pn2/3p1b2/2PP4/1QN1PN2/PP3PPP/R1B1KB1R b KQkq - 3 6,0.5300
r2qkb1r/ppp2ppp/1n2pn2/3p1b2/2PP4/1QN1PN2/PP3PPP/R1B1KB1R w KQkq - 4 7,2.2200
r2qkb1r/ppp2ppp/1n2pn2/2Pp1b2/3P4/1QN1PN2/PP3PPP/R1B1KB1R b KQkq - 0 7,2.3100
r2qkb1r/pppn1ppp/4pn2/2Pp1b2/3P4/1QN1PN2/PP3PPP/R1B1KB1R w KQkq - 1 8,2.0400
r2qkb1r/pQpn1ppp/4pn2/2Pp1b2/3P4/2N1PN2/PP3PPP/R1B1KB1R b KQkq - 0 8,2.0300
r2qkb1r/1Qpn1ppp/4pn2/p1Pp1b2/3P4/2N1PN2/PP3PPP/R1B1KB1R w KQkq - 0 9,3.1600
r2qkb1r/1Qpn1ppp/4pn2/pNPp1b2/3P4/4PN2/PP3PPP/R1B1KB1R b KQkq - 1 9,1.9100
r2qk2r/1Qpn1ppp/4pn2/pNbp1b2/3P4/4PN2/PP3PPP/R1B1KB1R w KQkq - 0 10,3.7100
r2qk2r/1Qpn1ppp/4pn2/pNPp1b2/8/4PN2/PP3PPP/R1B1KB1R b KQkq - 0 10,3.9500
r2q1rk1/1Qpn1ppp/4pn2/pNPp1b2/8/4PN2/PP3PPP/R1B1KB1R w KQ - 1 11,3.1100
r2q1rk1/2pn1ppp/2Q1pn2/pNPp1b2/8/4PN2/PP3PPP/R1B1KB1R b KQ - 2 11,2.6700
r4rk1/2pnqppp/2Q1pn2/pNPp1b2/8/4PN2/PP3PPP/R1B1KB1R w KQ - 3 12,2.3900
r4rk1/2Qnqppp/4pn2/pNPp1b2/8/4PN2/PP3PPP/R1B1KB1R b KQ - 0 12,2.8000
r4rk1/2Qnqppp/4pn2/pNPp4/8/4PN2/PPb2PPP/R1B1KB1R w KQ - 1 13,3.7500
r4rk1/2Qnqppp/4pn2/pNPp4/8/P3PN2/1Pb2PPP/R1B1KB1R b KQ - 0 13,2.6300
rr4k1/2Qnqppp/4pn2/pNPp4/8/P3PN2/1Pb2PPP/R1B1KB1R w KQ - 1 14,3.7600
rr4k1/2Qnqppp/4pn2/pNPp4/3N4/P3P3/1Pb2PPP/R1B1KB1R b KQ - 2 14,3.5800
rr4k1/2Qnqppp/4pn2/pNPp4/3Nb3/P3P3/1P3PPP/R1B1KB1R w KQ - 3 15,4.4700
rr4k1/2Qnqppp/2P1pn2/pN1p4/3Nb3/P3P3/1P3PPP/R1B1KB1R b KQ - 0 15,3.8900
rr4k1/2Qnqppp/2P2n2/pN1pp3/3Nb3/P3P3/1P3PPP/R1B1KB1R w KQ - 0 16,4.8900
rr4k1/2QPqppp/5n2/pN1pp3/3Nb3/P3P3/1P3PPP/R1B1KB1R b KQ - 0 16,5.0600
r5k1/2QPqppp/5n2/pr1pp3/3Nb3/P3P3/1P3PPP/R1B1KB1R w KQ - 0 17,6.5700
r5k1/2QPqppp/5n2/pB1pp3/3Nb3/P3P3/1P3PPP/R1B1K2R b KQ - 0 17,6.0600
r5k1/2Qnqppp/8/pB1pp3/3Nb3/P3P3/1P3PPP/R1B1K2R w KQ - 0 18,6.3300
r5k1/2Qnqppp/8/pB1pp3/3Nb3/P3PP2/1P4PP/R1B1K2R b KQ - 0 18,4.6700
3r2k1/2Qnqppp/8/pB1pp3/3Nb3/P3PP2/1P4PP/R1B1K2R w KQ - 1 19,6.5400
3r2k1/2Qnqppp/8/pB1pp3/3NP3/P3P3/1P4PP/R1B1K2R b KQ - 0 19,6.2100
3r2k1/2Qn1ppp/5q2/pB1pp3/3NP3/P3P3/1P4PP/R1B1K2R w KQ - 1 20,7.2200
3r2k1/2Qn1ppp/5q2/pB1pp3/4P3/P3P3/1P2N1PP/R1B1K2R b KQ - 2 20,5.4800
1r4k1/2Qn1ppp/5q2/pB1pp3/4P3/P3P3/1P2N1PP/R1B1K2R w KQ - 3 21,8.0800
1r4k1/3n1ppp/2Q2q2/pB1pp3/4P3/P3P3/1P2N1PP/R1B1K2R b KQ - 4 21,6.8700
1r4k1/3n1ppp/2Q5/pB1pp3/4P2q/P3P3/1P2N1PP/R1B1K2R w KQ - 5 22,6.4000
1r4k1/3n1ppp/2Q5/pB1pp3/4P2q/P3P3/1P2N1PP/R1BK3R b - - 6 22,5.2000
1r4k1/3n1ppp/2Q5/pB2p3/4p2q/P3P3/1P2N1PP/R1BK3R w - - 0 23,6.7100
1r4k1/3n1ppp/2Q5/pB2p3/4p2q/P3P3/1P1BN1PP/R2K3R b - - 1 23,6.0700
3r2k1/3n1ppp/2Q5/pB2p3/4p2q/P3P3/1P1BN1PP/R2K3R w - - 2 24,6.1500
rnbqkb1r/pppp1ppp/4pn2/8/2PP4/5N2/PP2PPPP/RNBQKB1R b KQkq - 0 3,0.3100
rnbqk2r/pppp1ppp/4pn2/8/1bPP4/5N2/PP2PPPP/RNBQKB1R w KQkq - 1 4,0.3900
rnbqk2r/pppp1ppp/4pn2/8/1bPP4/5N2/PP1NPPPP/R1BQKB1R b KQkq - 2 4,0.4000
rnbqk2r/1ppp1ppp/4pn2/p7/1bPP4/5N2/PP1NPPPP/R1BQKB1R w KQkq - 0 5,0.5400
rnbqk2r/1ppp1ppp/4pn2/p7/1bPP4/5N2/PPQNPPPP/R1B1KB1R b KQkq - 1 5,0.4700
rnbqk2r/1pp2ppp/4pn2/p2p4/1bPP4/5N2/PPQNPPPP/R1B1KB1R w KQkq - 0 6,0.5300
rnbqk2r/1pp2ppp/4pn2/p2p4/1bPP4/P4N2/1PQNPPPP/R1B1KB1R b KQkq - 0 6,0.5000
rnbqk2r/1pp1bppp/4pn2/p2p4/2PP4/P4N2/1PQNPPPP/R1B1KB1R w KQkq - 1 7,0.4000
rnbqk2r/1pp1bppp/4pn2/p2p4/2PPP3/P4N2/1PQN1PPP/R1B1KB1R b KQkq - 0 7,0.4200
rnbqk2r/1pp1bpp1/4pn1p/p2p4/2PPP3/P4N2/1PQN1PPP/R1B1KB1R w KQkq - 0 8,0.5400
rnbqk2r/1pp1bpp1/4pn1p/p2p4/2PPP3/P2B1N2/1PQN1PPP/R1B1K2R b KQkq - 1 8,0.4500
rnbqk2r/1pp1bpp1/4pn1p/p7/2PPp3/P2B1N2/1PQN1PPP/R1B1K2R w KQkq - 0 9,0.8100
rnbqk2r/1pp1bpp1/4pn1p/p7/2PPp3/P4N2/1PQN1PPP/R1B1KB1R b KQkq - 1 9,-4.3600
rnbqk2r/1pp1bpp1/4pn1p/p7/2PP4/P4p2/1PQN1PPP/R1B1KB1R w KQkq - 0 10,-4.6300
rnbqk2r/1pp1bpp1/4pn1p/p2P4/2P5/P4p2/1PQN1PPP/R1B1KB1R b KQkq - 0 10,-5.3900
rnbqk2r/1pp1bpp1/4pn1p/3P4/p1P5/P4p2/1PQN1PPP/R1B1KB1R w KQkq - 0 11,-4.3000
rnbqk2r/1pp1bpp1/4pn1p/2PP4/p7/P4p2/1PQN1PPP/R1B1KB1R b KQkq - 0 11,-6.2200
rnbqk2r/1pp1bpp1/4pn1p/2PP4/p7/P7/1PQN1PpP/R1B1KB1R w KQkq - 0 12,-5.7100
rnbqk2r/1pp1bpp1/4pn1p/2PP4/p7/P7/1PQN1PBP/R1B1K2R b KQkq - 0 12,-5.7900
1nbqk2r/1pp1bpp1/r3pn1p/2PP4/p7/P7/1PQN1PBP/R1B1K2R w KQk - 1 13,-4.4300
1nbqk2r/1pp1bpp1/r1P1pn1p/3P4/p7/P7/1PQN1PBP/R1B1K2R b KQk - 0 13,-6.0700
1nbqk2r/2p1bpp1/r1p1pn1p/3P4/p7/P7/1PQN1PBP/R1B1K2R w KQk - 0 14,-4.5500
1nbqk2r/2p1bpp1/r1P1pn1p/8/p7/P7/1PQN1PBP/R1B1K2R b KQk - 0 14,-4.8000
1nbqk2r/2p1bpp1/1rP1pn1p/8/p7/P7/1PQN1PBP/R1B1K2R w KQk - 1 15,-3.6500
1nbqk2r/2p1bpp1/1rP1pn1p/8/pP6/P7/2QN1PBP/R1B1K2R b KQk b3 0 15,-4.5000
1nbqk2r/2p1bpp1/1rP1pn1p/8/8/Pp6/2QN1PBP/R1B1K2R w KQk - 0 16,-4.0300
1nbqk2r/2p1bpp1/1rP1pn1p/8/8/PN6/2Q2PBP/R1B1K2R b KQk - 0 16,-4.3600
1nbqk2r/2p1bpp1/1rP1p2p/3n4/8/PN6/2Q2PBP/R1B1K2R w KQk - 1 17,-4.7700
1nbqk2r/2p1bpp1/1rP1p2p/3n4/8/PN6/1BQ2PBP/R3K2R b KQk - 2 17,-4.5000
1n1qk2r/2p1bpp1/brP1p2p/3n4/8/PN6/1BQ2PBP/R3K2R w KQk - 3 18,-4.4400
1n1qk2r/2p1bpp1/brP1p2p/3n4/8/PN6/1BQ2PBP/2KR3R b k - 4 18,-6.1600
1n1q1rk1/2p1bpp1/brP1p2p/3n4/8/PN6/1BQ2PBP/2KR3R w - - 5 19,-4.0200
1n1q1rk1/2p1bpp1/brP1p2p/3B4/8/PN6/1BQ2P1P/2KR3R b - - 0 19,-4.0600
1n1q1rk1/2p2pp1/brP1pb1p/3B4/8/PN6/1BQ2P1P/2KR3R w - - 1 20,-2.3800
1n1q1rk1/2p2pp1/brP1pb1p/8/8/PN6/1BQ2PBP/2KR3R b - - 2 20,-3.0300
1n1q1rk1/2p2pp1/brP1p2p/8/8/PN6/1bQ2PBP/2KR3R w - - 0 21,-3.2400
1n1q1rk1/2p2pp1/brP1p2p/8/8/PN6/1bQ2PBP/1K1R3R b - - 1 21,-4.6600
1n3rk1/2p2pp1/brP1p2p/6q1/8/PN6/1bQ2PBP/1K1R3R w - - 2 22,-4.5400
1n3rk1/2p2pp1/brP1p2p/6q1/4B3/PN6/1bQ2P1P/1K1R3R b - - 3 22,-4.7800
1n3rk1/2p2pp1/b1P1p2p/6q1/4B3/Pr6/1bQ2P1P/1K1R3R w - - 0 23,-4.2600
1n3rk1/2p2pp1/b1P1p2p/6q1/4B3/PQ6/1b3P1P/1K1R3R b - - 0 23,-4.8900
1n3rk1/2p2pp1/b1P1p2p/4q3/4B3/PQ6/1b3P1P/1K1R3R w - - 1 24,-2.0700
1n3rk1/2p2pp1/b1P1p2p/4q3/8/PQ6/1bB2P1P/1K1R3R b - - 2 24,-4.8100
1n3rk1/2p2pp1/b1P1p2p/4q3/3b4/PQ6/2B2P1P/1K1R3R w - - 3 25,-4.4100
1n3rk1/2p2pp1/b1P1p2p/4q3/3b4/PQ6/2B2P1P/1K1RR3 b - - 4 25,-3.9000
1n3rk1/2p2pp1/b1Pqp2p/8/3b4/PQ6/2B2P1P/1K1RR3 w - - 5 26,-4.0600
1n3rk1/2p2pp1/b1Pqp2p/8/3R4/PQ6/2B2P1P/1K2R3 b - - 0 26,-4.6200
1n3rk1/2p2pp1/b1P1p2p/8/3R4/PQ6/2B2P1q/1K2R3 w - - 0 27,1.7400
1n3rk1/2p2pp1/b1P1p2p/8/3R4/P4Q2/2B2P1q/1K2R3 b - - 1 27,1.7500
1n3rk1/2p2pp1/2P1p2p/1b6/3R4/P4Q2/2B2P1q/1K2R3 w - - 2 28,2.1800
1n3rk1/2p2pp1/2P1p2p/1b6/6R1/P4Q2/2B2P1q/1K2R3 b - - 3 28,2.2700
1n3rk1/2p2p2/2P1p1pp/1b6/6R1/P4Q2/2B2P1q/1K2R3 w - - 0 29,3.5200
1n3rk1/2p2p2/2P1p1pp/1b6/P5R1/5Q2/2B2P1q/1K2R3 b - - 0 29,1.8800
1n3rk1/2p2p2/2P1p1pp/1b5q/P5R1/5Q2/2B2P2/1K2R3 w - - 1 30,2.4600
1n3rk1/2p2p2/2P1p1pp/1b5q/P5R1/6Q1/2B2P2/1K2R3 b - - 2 30,0.9900
1n3rk1/2p2p2/b1P1p1pp/7q/P5R1/6Q1/2B2P2/1K2R3 w - - 3 31,2.6700
1n3rk1/2p2p2/b1P1p1pp/7q/P5R1/6Q1/1KB2P2/4R3 b - - 4 31,0.3200
1n3r2/2p2p1k/b1P1p1pp/7q/P5R1/6Q1/1KB2P2/4R3 w - - 5 32,3.8900
1n3r2/2p2p1k/b1P1p1pp/4R2q/P5R1/6Q1/1KB2P2/8 b - - 6 32,4.7200
1n3r2/2p2p1k/b1P1p1pp/4R3/P5R1/6Q1/1KB2P2/7q w - - 7 33,6.5500
1n3r2/2p2p1k/b1P1p1Rp/4R3/P7/6Q1/1KB2P2/7q b - - 0 33,5.2900
1n3r2/2p2p1k/2P1p1Rp/4R3/P7/3b2Q1/1KB2P2/7q w - - 1 34,8.6500
1n3r2/2p2p1k/2P1p1Rp/4R3/P7/3Q4/1KB2P2/7q b - - 0 34,6.3900
5r2/2p2p1k/n1P1p1Rp/4R3/P7/3Q4/1KB2P2/7q w - - 1 35,10.0000
5r2/2p2p1k/n1P1p2R/4R3/P7/3Q4/1KB2P2/7q b - - 0 35,10.0000
5r2/2p2p2/n1P1p2k/4R3/P7/3Q4/1KB2P2/7q w - - 0 36,10.0000
5r2/2p2p2/n1P1p2k/4R3/P7/8/1KBQ1P2/7q b - - 1 36,10.0000
5r2/2p2pk1/n1P1p3/4R3/P7/8/1KBQ1P2/7q w - - 2 37,10.0000
5r2/2p2pk1/n1P1p3/R7/P7/8/1KBQ1P2/7q b - - 3 37,0.7600
5r2/2p3k1/n1P1p3/R4p2/P7/8/1KBQ1P2/7q w - - 0 38,3.1200
rnbqkb1r/pppp1ppp/4pn2/8/3P4/P3P3/1PP2PPP/RNBQKBNR b KQkq - 0 3,0.0600
rnbqkb1r/ppp2ppp/4pn2/3p4/3P4/P3P3/1PP2PPP/RNBQKBNR w KQkq - 0 4,0.1200
rnbqkb1r/ppp2ppp/4pn2/3p4/3P4/P3PN2/1PP2PPP/RNBQKB1R b KQkq - 1 4,0.0900
rnbqkb1r/pp3ppp/2p1pn2/3p4/3P4/P3PN2/1PP2PPP/RNBQKB1R w KQkq - 0 5,0.2900
rnbqkb1r/pp3ppp/2p1pn2/3p4/3P4/P3PN2/1PPN1PPP/R1BQKB1R b KQkq - 1 5,0.3300
r1bqkb1r/pp1n1ppp/2p1pn2/3p4/3P4/P3PN2/1PPN1PPP/R1BQKB1R w KQkq - 2 6,0.3900
r1bqkb1r/pp1n1ppp/2p1pn2/3p4/3P4/P2BPN2/1PPN1PPP/R1BQK2R b KQkq - 3 6,0.3500
r1bqk2r/pp1n1ppp/2pbpn2/3p4/3P4/P2BPN2/1PPN1PPP/R1BQK2R w KQkq - 4 7,0.3700
r1bqk2r/pp1n1ppp/2pbpn2/3p4/3P4/P2BPN1P/1PPN1PP1/R1BQK2R b KQkq - 0 7,-0.1800
r1bqk2r/pp1n1pp1/2pbpn1p/3p4/3P4/P2BPN1P/1PPN1PP1/R1BQK2R w KQkq - 0 8,0.1200
r1bqk2r/pp1n1pp1/2pbpn1p/3p4/3PP3/P2B1N1P/1PPN1PP1/R1BQK2R b KQkq - 0 8,0.1000
r1bqk2r/pp1n1pp1/2pb1n1p/3pp3/3PP3/P2B1N1P/1PPN1PP1/R1BQK2R w KQkq - 0 9,0.4100
r1bqk2r/pp1n1pp1/2pb1n1p/3pp3/3PP3/P2B1N1P/1PPN1PP1/R1BQ1RK1 b kq - 1 9,0.2900
r1bq1rk1/pp1n1pp1/2pb1n1p/3pp3/3PP3/P2B1N1P/1PPN1PP1/R1BQ1RK1 w - - 2 10,0.3900
r1bq1rk1/pp1n1pp1/2pb1n1p/3pp3/3PP3/P2B1N1P/1PPN1PP1/R1BQR1K1 b - - 3 10,0.2000
r1bq1rk1/pp1n1pp1/2pb1n1p/4p3/3Pp3/P2B1N1P/1PPN1PP1/R1BQR1K1 w - - 0 11,-0.2900
r1bq1rk1/pp1n1pp1/2pb1n1p/4P3/4p3/P2B1N1P/1PPN1PP1/R1BQR1K1 b - - 0 11,-0.3100
r1bq1rk1/pp1n1pp1/2pb1n1p/4P3/8/P2B1p1P/1PPN1PP1/R1BQR1K1 w - - 0 12,0.4000
r1bq1rk1/pp1n1pp1/2pP1n1p/8/8/P2B1p1P/1PPN1PP1/R1BQR1K1 b - - 0 12,0.5000
r1bq1rk1/pp3pp1/2pP1n1p/2n5/8/P2B1p1P/1PPN1PP1/R1BQR1K1 w - - 1 13,1.7000
r1bq1rk1/pp3pp1/2pP1n1p/2n5/4N3/P2B1p1P/1PP2PP1/R1BQR1K1 b - - 2 13,-0.1600
r1bq1rk1/pp3pp1/2pP3p/2n5/4n3/P2B1p1P/1PP2PP1/R1BQR1K1 w - - 0 14,-0.2700
r1bq1rk1/pp1P1pp1/2p4p/2n5/4n3/P2B1p1P/1PP2PP1/R1BQR1K1 b - - 0 14,-2.7200
r1b2rk1/pp1q1pp1/2p4p/2n5/4n3/P2B1p1P/1PP2PP1/R1BQR1K1 w - - 0 15,-3.1300
r1b2rk1/pp1q1pp1/2p4p/2n5/4n3/P2B1Q1P/1PP2PP1/R1B1R1K1 b - - 0 15,-3.5700
r1b2rk1/pp1q1pp1/2pn3p/2n5/8/P2B1Q1P/1PP2PP1/R1B1R1K1 w - - 1 16,-2.2000
r1b2rk1/pp1q1pp1/2pn3p/2n5/5B2/P2B1Q1P/1PP2PP1/R3R1K1 b - - 2 16,-4.3800
r1b2rk1/pp1q1pp1/2p4p/2n2n2/5B2/P2B1Q1P/1PP2PP1/R3R1K1 w - - 3 17,-1.7000
r1b2rk1/pp1q1pp1/2p4p/2n2n2/5B2/P2B1Q1P/1PP2PP1/3RR1K1 b - - 4 17,-2.3500
r1b2rk1/pp1q1pp1/2p4p/5n2/5B2/P2n1Q1P/1PP2PP1/3RR1K1 w - - 0 18,-2.3200
r1b2rk1/pp1q1pp1/2p4p/5n2/5B2/P2P1Q1P/1P3PP1/3RR1K1 b - - 0 18,-4.3600
r1b2rk1/pp1q1pp1/7p/2p2n2/5B2/P2P1Q1P/1P3PP1/3RR1K1 w - - 0 19,-3.7500
r1b2rk1/pp1q1pp1/7p/2p1Rn2/5B2/P2P1Q1P/1P3PP1/3R2K1 b - - 1 19,-4.6500
r1b2rk1/pp1q1pp1/7p/2p1R3/3n1B2/P2P1Q1P/1P3PP1/3R2K1 w - - 2 20,-4.6000
r1b2rk1/pp1q1pp1/7p/2p1R3/3n1B2/P2P2QP/1P3PP1/3R2K1 b - - 3 20,-4.2900
r1b2rk1/pp3pp1/2q4p/2p1R3/3n1B2/P2P2QP/1P3PP1/3R2K1 w - - 4 21,-4.6500
r1b2rk1/pp3pp1/2q4p/2p1R3/3n1B2/P2P2QP/1P3PP1/2R3K1 b - - 5 21,-4.8000
r1b2rk1/pp3pp1/6qp/2p1R3/3n1B2/P2P2QP/1P3PP1/2R3K1 w - - 6 22,-3.8600
r1b2rk1/pp3pp1/6qB/2p1R3/3n4/P2P2QP/1P3PP1/2R3K1 b - - 0 22,-5.1100
r1b2rk1/p4pp1/1p4qB/2p1R3/3n4/P2P2QP/1P3PP1/2R3K1 w - - 0 23,-4.3700
r1b2rk1/p4pp1/1p4QB/2p1R3/3n4/P2P3P/1P3PP1/2R3K1 b - - 0 23,-4.2500
r1b2rk1/p4pp1/1p4QB/2p1R3/8/P2P3P/1P2nPP1/2R3K1 w - - 1 24,1.4000
r1b2rk1/p4pp1/1p4QB/2p1R3/8/P2P3P/1P2nPP1/2R2K2 b - - 2 24,-3.4000
r1b2rk1/p4pp1/1p4QB/4R3/2p5/P2P3P/1P2nPP1/2R2K2 w - - 0 25,10.0000
r1b2rk1/p4pp1/1p5B/4R1Q1/2p5/P2P3P/1P2nPP1/2R2K2 b - - 1 25,7.0100
r1b2rk1/p4p2/1p4pB/4R1Q1/2p5/P2P3P/1P2nPP1/2R2K2 w - - 0 26,7.0300
r1b2rk1/p4p2/1p4pB/6Q1/2p5/P2P3P/1P2RPP1/2R2K2 b - - 0 26,6.5400
r1br2k1/p4p2/1p4pB/6Q1/2p5/P2P3P/1P2RPP1/2R2K2 w - - 1 27,8.5200
r1br2k1/p4p2/1p4pB/4R1Q1/2p5/P2P3P/1P3PP1/2R2K2 b - - 2 27,6.7600
r1br4/p4p1k/1p4pB/4R1Q1/2p5/P2P3P/1P3PP1/2R2K2 w - - 3 28,8.3400
r1bQ4/p4p1k/1p4pB/4R3/2p5/P2P3P/1P3PP1/2R2K2 b - - 0 28,8.4900
r1bQ4/p4p1k/1p4pB/4R3/8/P1pP3P/1P3PP1/2R2K2 w - - 0 29,10.0000
rnbqkbnr/ppp2ppp/4p3/3p4/3P4/P4N2/1PP1PPPP/RNBQKB1R b KQkq - 0 3,0.0700
rnbqkbnr/pp3ppp/2p1p3/3p4/3P4/P4N2/1PP1PPPP/RNBQKB1R w KQkq - 0 4,0.3800
rnbqkbnr/pp3ppp/2p1p3/3p4/3P1B2/P4N2/1PP1PPPP/RN1QKB1R b KQkq - 1 4,0.3500
rnbqkb1r/pp3ppp/2p1pn2/3p4/3P1B2/P4N2/1PP1PPPP/RN1QKB1R w KQkq - 2 5,0.4800
rnbqkb1r/pp3ppp/2p1pn2/3p4/2PP1B2/P4N2/1P2PPPP/RN1QKB1R b KQkq - 0 5,-0.6500
rnbqkb1r/pp3ppp/2p1p3/3p3n/2PP1B2/P4N2/1P2PPPP/RN1QKB1R w KQkq - 1 6,0.3700
rnbqkb1r/pp3ppp/2p1p3/3p2Bn/2PP4/P4N2/1P2PPPP/RN1QKB1R b KQkq - 2 6,0.3900
rnbqk2r/pp2bppp/2p1p3/3p2Bn/2PP4/P4N2/1P2PPPP/RN1QKB1R w KQkq - 3 7,0.3900
rnbqk2r/pp2Bppp/2p1p3/3p3n/2PP4/P4N2/1P2PPPP/RN1QKB1R b KQkq - 0 7,0.4000
rnb1k2r/pp2qppp/2p1p3/3p3n/2PP4/P4N2/1P2PPPP/RN1QKB1R w KQkq - 0 8,0.3700
rnb1k2r/pp2qppp/2p1p3/3p3n/2PP4/P4N1P/1P2PPP1/RN1QKB1R b KQkq - 0 8,-0.3900
rnb1k2r/pp2qppp/2p1pn2/3p4/2PP4/P4N1P/1P2PPP1/RN1QKB1R w KQkq - 1 9,0.3400
rnb1k2r/pp2qppp/2p1pn2/3p4/2PP4/P4N1P/1PQ1PPP1/RN2KB1R b KQkq - 2 9,0.1800
rnb2rk1/pp2qppp/2p1pn2/3p4/2PP4/P4N1P/1PQ1PPP1/RN2KB1R w KQ - 3 10,0.3500
rnb2rk1/pp2qppp/2p1pn2/3p4/2PP4/P3PN1P/1PQ2PP1/RN2KB1R b KQ - 0 10,0.2800
r1b2rk1/pp1nqppp/2p1pn2/3p4/2PP4/P3PN1P/1PQ2PP1/RN2KB1R w KQ - 1 11,0.3500
r1b2rk1/pp1nqppp/2p1pn2/3p4/2PP4/P3PN1P/1PQ1BPP1/RN2K2R b KQ - 2 11,0.3100
r1b2rk1/pp1nqpp1/2p1pn1p/3p4/2PP4/P3PN1P/1PQ1BPP1/RN2K2R w KQ - 0 12,0.3200
r1b2rk1/pp1nqpp1/2p1pn1p/3P4/3P4/P3PN1P/1PQ1BPP1/RN2K2R b KQ - 0 12,0.2700
r1b2rk1/pp1nqpp1/2p1p2p/3n4/3P4/P3PN1P/1PQ1BPP1/RN2K2R w KQ - 0 13,0.4400
r1b2rk1/pp1nqpp1/2p1p2p/3n4/3P4/P3PN1P/1PQNBPP1/R3K2R b KQ - 1 13,0.2500
r1b2rk1/pp1nqpp1/2p4p/3np3/3P4/P3PN1P/1PQNBPP1/R3K2R w KQ - 0 14,0.2800
r1b2rk1/pp1nqpp1/2p4p/3np3/3P4/P3PN1P/1PQNBPP1/3RK2R b K - 1 14,0.2000
r1br2k1/pp1nqpp1/2p4p/3np3/3P4/P3PN1P/1PQNBPP1/3RK2R w K - 2 15,0.6200
r1br2k1/pp1nqpp1/2p4p/3nP3/8/P3PN1P/1PQNBPP1/3RK2R b K - 0 15,0.2700
r1br2k1/p2nqpp1/2p4p/1p1nP3/8/P3PN1P/1PQNBPP1/3RK2R w K - 0 16,2.7400
r1br2k1/p2nqpp1/2p4p/1p1nP3/8/PN2PN1P/1PQ1BPP1/3RK2R b K - 1 16,1.1900
r1br2k1/3nqpp1/p1p4p/1p1nP3/8/PN2PN1P/1PQ1BPP1/3RK2R w K - 0 17,2.2800
r1br2k1/3nqpp1/p1Q4p/1p1nP3/8/PN2PN1P/1P2BPP1/3RK2R b K - 0 17,2.2900
r1br2k1/4qpp1/pnQ4p/1p1nP3/8/PN2PN1P/1P2BPP1/3RK2R w K - 1 18,2.5500
r1br2k1/4qpp1/pnQ4p/1p1nP3/8/PN2PN1P/1P2BPP1/3R1RK1 b - - 2 18,1.9100
r2r2k1/4qpp1/pnQ1b2p/1p1nP3/8/PN2PN1P/1P2BPP1/3R1RK1 w - - 3 19,2.0300
r2r2k1/4qpp1/pn2b2p/1pQnP3/8/PN2PN1P/1P2BPP1/3R1RK1 b - - 4 19,1.5900
r2r2k1/1q3pp1/pn2b2p/1pQnP3/8/PN2PN1P/1P2BPP1/3R1RK1 w - - 5 20,2.5400
r2r2k1/1q3pp1/pn2b2p/NpQnP3/8/P3PN1P/1P2BPP1/3R1RK1 b - - 6 20,2.9500
r2r2k1/3q1pp1/pn2b2p/NpQnP3/8/P3PN1P/1P2BPP1/3R1RK1 w - - 7 21,2.7300
r2r2k1/3q1pp1/pn2b2p/Np1nP3/8/P3PN1P/1PQ1BPP1/3R1RK1 b - - 8 21,2.1300
r2r2k1/3q1pp1/pn5p/Np1nPb2/8/P3PN1P/1PQ1BPP1/3R1RK1 w - - 9 22,3.1600
r2r2k1/3q1pp1/pn5p/Np1nPb2/8/PQ2PN1P/1P2BPP1/3R1RK1 b - - 10 22,2.3400
r3r1k1/3q1pp1/pn5p/Np1nPb2/8/PQ2PN1P/1P2BPP1/3R1RK1 w - - 11 23,2.4300
r3r1k1/3q1pp1/pn5p/Np1nPb2/3N4/PQ2P2P/1P2BPP1/3R1RK1 b - - 12 23,2.4800
r3r1k1/3q1pp1/pn5p/Np1nP3/3N4/PQ2P2b/1P2BPP1/3R1RK1 w - - 0 24,2.5000
r3r1k1/3q1pp1/pn5p/Np1nP3/3N4/PQ2P2P/1P2BP2/3R1RK1 b - - 0 24,2.5000
r3r1k1/3q1pp1/pn6/Np1nP2p/3N4/PQ2P2P/1P2BP2/3R1RK1 w - - 0 25,3.5200
r3r1k1/3q1pp1/pn6/Np1nP2p/3NP3/PQ5P/1P2BP2/3R1RK1 b - - 0 25,3.7900
r3r1k1/3q1pp1/pn6/Np2P2p/3NPn2/PQ5P/1P2BP2/3R1RK1 w - - 1 26,3.8900
r3r1k1/3q1pp1/pn6/Np2P2p/3NPn2/PQ5P/1P2BP2/3R1R1K b - - 2 26,3.6500
r3r1k1/4qpp1/pn6/Np2P2p/3NPn2/PQ5P/1P2BP2/3R1R1K w - - 3 27,3.9800
r3r1k1/4qpp1/pnN5/1p2P2p/3NPn2/PQ5P/1P2BP2/3R1R1K b - - 4 27,4.0000
r3r1k1/3q1pp1/pnN5/1p2P2p/3NPn2/PQ5P/1P2BP2/3R1R1K w - - 5 28,4.0000
r3r1k1/3q1pp1/pnN1P3/1p5p/3NPn2/PQ5P/1P2BP2/3R1R1K b - - 0 28,4.0500
r3r1k1/3q2p1/pnN1p3/1p5p/3NPn2/PQ5P/1P2BP2/3R1R1K w - - 0 29,3.5600
r3r1k1/3q2p1/pnN1p3/1p5p/3NPn2/PQ5P/1P2BP2/3RR2K b - - 1 29,3.5600
rnbqkbnr/ppp2ppp/3pp3/8/3PP3/5N2/PPP2PPP/RNBQKB1R b KQkq - 1 3,0.8000
rnbqkb1r/ppp2ppp/3ppn2/8/3PP3/5N2/PPP2PPP/RNBQKB1R w KQkq - 2 4,0.7800
rnbqkb1r/ppp2ppp/3ppn2/8/3PP3/2N2N2/PPP2PPP/R1BQKB1R b KQkq - 3 4,0.8200
rnbqk2r/ppp1bppp/3ppn2/8/3PP3/2N2N2/PPP2PPP/R1BQKB1R w KQkq - 4 5,0.7800
rnbqk2r/ppp1bppp/3ppn2/8/3PP2P/2N2N2/PPP2PP1/R1BQKB1R b KQkq - 0 5,0.6600
rnbqk2r/p1p1bppp/1p1ppn2/8/3PP2P/2N2N2/PPP2PP1/R1BQKB1R w KQkq - 0 6,0.8700
rnbqk2r/p1p1bppp/1p1ppn2/8/3PP2P/2NB1N2/PPP2PP1/R1BQK2R b KQkq - 1 6,0.9300
r1bqk2r/p1p1bppp/1pnppn2/8/3PP2P/2NB1N2/PPP2PP1/R1BQK2R w KQkq - 2 7,1.2200
r1bqk2r/p1p1bppp/1pnppn2/4P3/3P3P/2NB1N2/PPP2PP1/R1BQK2R b KQkq - 0 7,1.1600
r1bqk2r/p1pnbppp/1pnpp3/4P3/3P3P/2NB1N2/PPP2PP1/R1BQK2R w KQkq - 1 8,1.2800
r1bqk2r/p1pnbppp/1pnpp3/4P1N1/3P3P/2NB4/PPP2PP1/R1BQK2R b KQkq - 2 8,1.1300
r2qk2r/pbpnbppp/1pnpp3/4P1N1/3P3P/2NB4/PPP2PP1/R1BQK2R w KQkq - 3 9,1.6200
r2qk2r/pbpnbppp/1pnpp3/4P1N1/3PB2P/2N5/PPP2PP1/R1BQK2R b KQkq - 4 9,0.6000
r2qk2r/pbpnbppp/1pn1p3/3pP1N1/3PB2P/2N5/PPP2PP1/R1BQK2R w KQkq - 0 10,0.7900
r2qk2r/pbpnbppp/1pn1p3/3BP1N1/3P3P/2N5/PPP2PP1/R1BQK2R b KQkq - 0 10,-1.1700
r2qk2r/pbp1bppp/1pn1p3/3Bn1N1/3P3P/2N5/PPP2PP1/R1BQK2R w KQkq - 0 11,1.0500
r2qk2r/pbp1bppp/1pn1p3/3BP1N1/7P/2N5/PPP2PP1/R1BQK2R b KQkq - 0 11,0.6700
r2qk2r/pbp1bpp1/1pn1p2p/3BP1N1/7P/2N5/PPP2PP1/R1BQK2R w KQkq - 0 12,4.3800
r2qk2r/pbp1bpp1/1pn1p2p/3BP1NQ/7P/2N5/PPP2PP1/R1B1K2R b KQkq - 1 12,1.3200
r2q1rk1/pbp1bpp1/1pn1p2p/3BP1NQ/7P/2N5/PPP2PP1/R1B1K2R w KQ - 2 13,3.9700
r2q1rk1/pbp1bpp1/1pn1p2p/4P1NQ/7P/1BN5/PPP2PP1/R1B1K2R b KQ - 3 13,2.9600
r2q1rk1/pbp1bpp1/1p2p2p/4P1NQ/3n3P/1BN5/PPP2PP1/R1B1K2R w KQ - 4 14,2.7300
r2q1rk1/pbp1bpp1/1p2p2p/4P2Q/3n3P/1BN2N2/PPP2PP1/R1B1K2R b KQ - 5 14,3.0400
r2q1rk1/pbp1bpp1/1p2p2p/4P2Q/7P/1BN2n2/PPP2PP1/R1B1K2R w KQ - 0 15,3.5100
r2q1rk1/pbp1bpp1/1p2p2p/4P2Q/7P/1BN2n2/PPP1KPP1/R1B4R b - - 1 15,-1.9500
r2q1rk1/pbp1bpp1/1p2p2p/4P2Q/7n/1BN5/PPP1KPP1/R1B4R w - - 0 16,-1.4900
r2q1rk1/pbp1bpp1/1p2p2p/4P2Q/7n/1BN2P2/PPP1K1P1/R1B4R b - - 0 16,-3.1000
r2q1rk1/p1p1bpp1/bp2p2p/4P2Q/7n/1BN2P2/PPP1K1P1/R1B4R w - - 1 17,-2.6600
r2q1rk1/p1p1bpp1/bp2p2p/4P2Q/7n/1BN2P2/PPP2KP1/R1B4R b - - 2 17,-2.7000
r2q1rk1/p1p2pp1/bp2p2p/2b1P2Q/7n/1BN2P2/PPP2KP1/R1B4R w - - 3 18,-2.5200
r2q1rk1/p1p2pp1/bp2p2p/2b1P2Q/7n/1BN2PK1/PPP3P1/R1B4R b - - 4 18,-2.3900
r2q1rk1/p1p2pp1/bp2p2p/2b1Pn1Q/8/1BN2PK1/PPP3P1/R1B4R w - - 5 19,-2.3900
r2q1rk1/p1p2pp1/bp2p2p/2b1Pn1Q/6K1/1BN2P2/PPP3P1/R1B4R b - - 6 19,-4.5100
rnbqkbnr/pp2pppp/2p5/3p4/3P1B2/5N2/PPP1PPPP/RN1QKB1R b KQkq - 1 3,0.2300
rn1qkbnr/pp2pppp/2p5/3p1b2/3P1B2/5N2/PPP1PPPP/RN1QKB1R w KQkq - 2 4,0.2600
rn1qkbnr/pp2pppp/2p5/3p1b2/2PP1B2/5N2/PP2PPPP/RN1QKB1R b KQkq - 0 4,0.3300
rn1qkb1r/pp2pppp/2p2n2/3p1b2/2PP1B2/5N2/PP2PPPP/RN1QKB1R w KQkq - 1 5,0.4800
rn1qkb1r/pp2pppp/2p2n2/3p1b2/2PP1B2/5N2/PP1NPPPP/R2QKB1R b KQkq - 2 5,0.4100
rn1qkb1r/pp3ppp/2p1pn2/3p1b2/2PP1B2/5N2/PP1NPPPP/R2QKB1R w KQkq - 0 6,0.5500
rn1qkb1r/pp3ppp/2p1pn2/3p1b2/2PP1B2/4PN2/PP1N1PPP/R2QKB1R b KQkq - 0 6,0.3800
rn2kb1r/pp3ppp/1qp1pn2/3p1b2/2PP1B2/4PN2/PP1N1PPP/R2QKB1R w KQkq - 1 7,0.9800
rn2kb1r/pp3ppp/1qp1pn2/3p1b2/2PP1B2/1P2PN2/P2N1PPP/R2QKB1R b KQkq - 0 7,-0.1800
rn2kb1r/pp3ppp/1q2pn2/2pp1b2/2PP1B2/1P2PN2/P2N1PPP/R2QKB1R w KQkq - 0 8,0.8900
rn2kb1r/pp3ppp/1q2pn2/2Pp1b2/2P2B2/1P2PN2/P2N1PPP/R2QKB1R b KQkq - 0 8,-0.2400
rn2k2r/pp3ppp/1q2pn2/2bp1b2/2P2B2/1P2PN2/P2N1PPP/R2QKB1R w KQkq - 0 9,-0.2400
rn2k2r/pp3ppp/1q2pn2/2bp1b2/2P2B2/1P2PN2/P2NBPPP/R2QK2R b KQkq - 1 9,-0.5000
r3k2r/pp3ppp/1qn1pn2/2bp1b2/2P2B2/1P2PN2/P2NBPPP/R2QK2R w KQkq - 2 10,-0.4000
r3k2r/pp3ppp/1qn1pn2/2bp1b2/2P2B2/1P2PN2/P2NBPPP/R2Q1RK1 b kq - 3 10,-0.7300
r4rk1/pp3ppp/1qn1pn2/2bp1b2/2P2B2/1P2PN2/P2NBPPP/R2Q1RK1 w - - 4 11,-0.5500
r4rk1/pp3ppp/1qn1pn2/2bp1b2/2P2B2/PP2PN2/3NBPPP/R2Q1RK1 b - - 0 11,-0.8000
r4rk1/pp3ppp/1qn1pn2/2b2b2/2Pp1B2/PP2PN2/3NBPPP/R2Q1RK1 w - - 0 12,-0.3000
r4rk1/pp3ppp/1qn1pn2/2b2b2/1PPp1B2/P3PN2/3NBPPP/R2Q1RK1 b - - 0 12,-0.5500
r4rk1/pp2bppp/1qn1pn2/5b2/1PPp1B2/P3PN2/3NBPPP/R2Q1RK1 w - - 1 13,0.7600
r4rk1/pp2bppp/1qn1pn2/5b2/1PPp1B1N/P3P3/3NBPPP/R2Q1RK1 b - - 2 13,0.5000
r4rk1/pp2bppp/1qn1pnb1/8/1PPp1B1N/P3P3/3NBPPP/R2Q1RK1 w - - 3 14,0.9000
r4rk1/pp2bppp/1qn1pnb1/8/1PPp1B1N/P3P3/3NBPPP/2RQ1RK1 b - - 4 14,0.8500
r2q1rk1/pp2bppp/2n1pnb1/8/1PPp1B1N/P3P3/3NBPPP/2RQ1RK1 w - - 5 15,0.9700
r2q1rk1/pp2bppp/2n1pnb1/1P6/2Pp1B1N/P3P3/3NBPPP/2RQ1RK1 b - - 0 15,0.1000
r2q1rk1/pp2bppp/2n1pnb1/1P6/2P2B1N/P3p3/3NBPPP/2RQ1RK1 w - - 0 16,0.1200
r2q1rk1/pp2bppp/2n1pnN1/1P6/2P2B2/P3p3/3NBPPP/2RQ1RK1 b - - 0 16,0.1000
r2q1rk1/pp2bpp1/2n1pnp1/1P6/2P2B2/P3p3/3NBPPP/2RQ1RK1 w - - 0 17,0.2100
r2q1rk1/pp2bpp1/2P1pnp1/8/2P2B2/P3p3/3NBPPP/2RQ1RK1 b - - 0 17,-0.0300
r2q1rk1/pp2bpp1/2P1pnp1/8/2P2B2/P7/3pBPPP/2RQ1RK1 w - - 0 18,-0.2300
r2q1rk1/pp2bpp1/2P1pnp1/8/2P2B2/P7/3QBPPP/2R2RK1 b - - 0 18,-0.6200
r2q1rk1/p3bpp1/2p1pnp1/8/2P2B2/P7/3QBPPP/2R2RK1 w - - 0 19,-0.7100
r2q1rk1/p3bpp1/2p1pnp1/8/2P2B2/P1Q5/4BPPP/2R2RK1 b - - 1 19,-0.9600
r1q2rk1/p3bpp1/2p1pnp1/8/2P2B2/P1Q5/4BPPP/2R2RK1 w - - 2 20,-0.3700
r1q2rk1/p3bpp1/2p1pnp1/8/P1P2B2/2Q5/4BPPP/2R2RK1 b - - 0 20,-0.3800
r4rk1/p3bpp1/q1p1pnp1/8/P1P2B2/2Q5/4BPPP/2R2RK1 w - - 1 21,-0.3200
r4rk1/p3bpp1/q1p1pnp1/8/P1P2B2/2Q2B2/5PPP/2R2RK1 b - - 2 21,-0.3300
r4rk1/p3bpp1/2p1pnp1/8/q1P2B2/2Q2B2/5PPP/2R2RK1 w - - 0 22,-0.4000
r4rk1/p3bpp1/2p1pnp1/8/q1P2B2/2Q2BP1/5P1P/2R2RK1 b - - 0 22,-0.7400
r4rk1/p3bpp1/2p1pnp1/8/2P2B2/q1Q2BP1/5P1P/2R2RK1 w - - 1 23,-0.2300
r4rk1/p3bpp1/2B1pnp1/8/2P2B2/q1Q3P1/5P1P/2R2RK1 b - - 0 23,-0.2700
2r2rk1/p3bpp1/2B1pnp1/8/2P2B2/q1Q3P1/5P1P/2R2RK1 w - - 1 24,-0.4500
2r2rk1/pB2bpp1/4pnp1/8/2P2B2/q1Q3P1/5P1P/2R2RK1 b - - 2 24,-0.4600
3r1rk1/pB2bpp1/4pnp1/8/2P2B2/q1Q3P1/5P1P/2R2RK1 w - - 3 25,0.4800
3r1rk1/pB2bpp1/4pnp1/2P5/5B2/q1Q3P1/5P1P/2R2RK1 b - - 0 25,0.1100
3r1rk1/pB2bpp1/4pnp1/2P5/q4B2/2Q3P1/5P1P/2R2RK1 w - - 1 26,1.2500
3r1rk1/pB2bpp1/4pnp1/2P5/q4B2/2Q3P1/5P1P/R4RK1 b - - 2 26,0.4300
3r1rk1/pB2bpp1/4pnp1/2P5/3q1B2/2Q3P1/5P1P/R4RK1 w - - 3 27,1.3200
3r1rk1/pB2bpp1/4pnp1/2P5/3q1B2/2Q3P1/5P1P/2R2RK1 b - - 4 27,0.1200
3r1rk1/pB2bpp1/4pnp1/2P5/q4B2/2Q3P1/5P1P/2R2RK1 w - - 5 28,1.1100
3r1rk1/pB2bpp1/4pnp1/2P5/q4B2/2Q3P1/5P1P/R4RK1 b - - 6 28,0.1900
3r1rk1/pB2bpp1/4pnp1/2P5/3q1B2/2Q3P1/5P1P/R4RK1 w - - 7 29,0.9900
3r1rk1/pB2bpp1/4pnp1/2P5/3q1B2/2Q3P1/5P1P/R1R3K1 b - - 8 29,0.2000
3rnrk1/pB2bpp1/4p1p1/2P5/3q1B2/2Q3P1/5P1P/R1R3K1 w - - 9 30,2.7600
3rnrk1/pB2bpp1/4p1p1/Q1P5/3q1B2/6P1/5P1P/R1R3K1 b - - 10 30,1.2700
3rnrk1/pB2bpp1/4p3/Q1P3p1/3q1B2/6P1/5P1P/R1R3K1 w - - 0 31,1.0700
3rnrk1/pB2bpp1/4p3/Q1P3p1/R2q1B2/6P1/5P1P/2R3K1 b - - 1 31,0.5200
3rnrk1/pB2bpp1/4pq2/Q1P3p1/R4B2/6P1/5P1P/2R3K1 w - - 2 32,1.3700
3rnrk1/pBB1bpp1/4pq2/Q1P3p1/R7/6P1/5P1P/2R3K1 b - - 3 32,-2.6000
3rnrk1/pBB1bpp1/4p3/Q1P3p1/R7/6P1/1q3P1P/2R3K1 w - - 4 33,-0.9700
3rnrk1/pBB1bpp1/4p3/Q1P3p1/8/6P1/1q3P1P/R1R3K1 b - - 5 33,-1.2800
4nrk1/pBBrbpp1/4p3/Q1P3p1/8/6P1/1q3P1P/R1R3K1 w - - 6 34,0.7900
4nrk1/p1Brbpp1/2B1p3/Q1P3p1/8/6P1/1q3P1P/R1R3K1 b - - 7 34,-2.6500
4nrk1/p1B1bpp1/2B1p3/Q1P3p1/8/3r2P1/1q3P1P/R1R3K1 w - - 8 35,0.0600
4Brk1/p1B1bpp1/4p3/Q1P3p1/8/3r2P1/1q3P1P/R1R3K1 b - - 0 35,-0.1700
4Brk1/p1B2pp1/4pb2/Q1P3p1/8/3r2P1/1q3P1P/R1R3K1 w - - 1 36,3.1800
5rk1/p1B2pp1/4pb2/QBP3p1/8/3r2P1/1q3P1P/R1R3K1 b - - 2 36,1.1200
5rk1/p1B2pp1/4pb2/QBP3p1/8/5rP1/1q3P1P/R1R3K1 w - - 3 37,2.6600
5rk1/p1B2pp1/4pb2/QBP3p1/8/5rP1/1q3P1P/1RR3K1 b - - 4 37,1.4200
rnbqkbnr/pp2pppp/2p5/3p4/2PP4/5N2/PP2PPPP/RNBQKB1R b KQkq - 0 3,0.4100
rnbqkbnr/pp3ppp/2p1p3/3p4/2PP4/5N2/PP2PPPP/RNBQKB1R w KQkq - 0 4,0.4600
rnbqkbnr/pp3ppp/2p1p3/3p4/2PP3P/5N2/PP2PPP1/RNBQKB1R b KQkq - 0 4,-0.2300
rnbqkb1r/pp3ppp/2p1pn2/3p4/2PP3P/5N2/PP2PPP1/RNBQKB1R w KQkq - 1 5,0.0400
rnbqkb1r/pp3ppp/2p1pn2/3p2B1/2PP3P/5N2/PP2PPP1/RN1QKB1R b KQkq - 2 5,-0.6600
rnbqkb1r/pp3ppp/2p1pn2/6B1/2pP3P/5N2/PP2PPP1/RN1QKB1R w KQkq - 0 6,-0.5900
rnbqkb1r/pp3ppp/2p1pn2/6B1/2pP3P/5NP1/PP2PP2/RN1QKB1R b KQkq - 0 6,-0.5600
rnbqkb1r/1p3ppp/p1p1pn2/6B1/2pP3P/5NP1/PP2PP2/RN1QKB1R w KQkq - 0 7,-0.3900
rnbqkb1r/1p3ppp/p1p1pn2/6B1/2pP3P/2N2NP1/PP2PP2/R2QKB1R b KQkq - 1 7,-0.5700
rnbqkb1r/5ppp/p1p1pn2/1p4B1/2pP3P/2N2NP1/PP2PP2/R2QKB1R w KQkq - 0 8,-0.5700
rnbqkb1r/5ppp/p1p1pB2/1p6/2pP3P/2N2NP1/PP2PP2/R2QKB1R b KQkq - 0 8,-0.7200
rnbqkb1r/5p1p/p1p1pp2/1p6/2pP3P/2N2NP1/PP2PP2/R2QKB1R w KQkq - 0 9,-0.7900
rnbqkb1r/5p1p/p1p1pp2/1p6/2pP3P/2N2NP1/PP2PPB1/R2QK2R b KQkq - 1 9,-0.6400
rn1qkb1r/1b3p1p/p1p1pp2/1p6/2pP3P/2N2NP1/PP2PPB1/R2QK2R w KQkq - 2 10,-0.9100
rn1qkb1r/1b3p1p/p1p1pp2/1p6/2pP3P/2N2NP1/PP2PPB1/R2Q1RK1 b kq - 3 10,-0.9800
rn1qkb1r/1b3p1p/p1p1p3/1p3p2/2pP3P/2N2NP1/PP2PPB1/R2Q1RK1 w kq - 0 11,1.2700
rn1qkb1r/1b3p1p/p1p1p3/1p3p2/2pPP2P/2N2NP1/PP3PB1/R2Q1RK1 b kq - 0 11,1.0400
rn1qkb1r/1b3p1p/p1p1p3/1p6/2pPPp1P/2N2NP1/PP3PB1/R2Q1RK1 w kq - 0 12,1.0800
rn1qkb1r/1b3p1p/p1p1p3/1p4N1/2pPPp1P/2N3P1/PP3PB1/R2Q1RK1 b kq - 1 12,0.8100
r2qkb1r/1b1n1p1p/p1p1p3/1p4N1/2pPPp1P/2N3P1/PP3PB1/R2Q1RK1 w kq - 2 13,1.8600
r2qkb1r/1b1n1p1p/p1p1p3/1p1P2N1/2p1Pp1P/2N3P1/PP3PB1/R2Q1RK1 b kq - 0 13,0.7100
r2qkb1r/1b3p1p/p1p1p3/1p1Pn1N1/2p1Pp1P/2N3P1/PP3PB1/R2Q1RK1 w kq - 1 14,1.4900
r2qkb1r/1b3p1p/p1p1p3/1p1Pn1NQ/2p1Pp1P/2N3P1/PP3PB1/R4RK1 b kq - 2 14,1.4300
r3kb1r/1bq2p1p/p1p1p3/1p1Pn1NQ/2p1Pp1P/2N3P1/PP3PB1/R4RK1 w kq - 3 15,3.1400
r3kb1r/1bq2p1p/p1p1N3/1p1Pn2Q/2p1Pp1P/2N3P1/PP3PB1/R4RK1 b kq - 0 15,2.2600
rq2kb1r/1b3p1p/p1p1N3/1p1Pn2Q/2p1Pp1P/2N3P1/PP3PB1/R4RK1 w kq - 1 16,3.0100
rq2kb1r/1b3p1p/p1p1N3/1p1Pn2Q/2p1Pp1P/6P1/PP2NPB1/R4RK1 b kq - 2 16,2.4200
rq2kb1r/1b3p1p/p1p1N1n1/1p1P3Q/2p1Pp1P/6P1/PP2NPB1/R4RK1 w kq - 3 17,3.5300
rq2kb1r/1b3p1p/p1p1N1n1/1p1P3Q/2p1PN1P/6P1/PP3PB1/R4RK1 b kq - 0 17,3.1900
rq2kb1r/1b3p1p/p3N1n1/1p1p3Q/2p1PN1P/6P1/PP3PB1/R4RK1 w kq - 0 18,3.5700
rq2kb1r/1b3p1p/p3N1n1/1p1p3Q/P1p1PN1P/6P1/1P3PB1/R4RK1 b kq - 0 18,2.8000
r3kb1r/1b3p1p/p3N1n1/1p1pq2Q/P1p1PN1P/6P1/1P3PB1/R4RK1 w kq - 1 19,3.3200
r3kb1r/1b3p1p/p5n1/1p1pq1NQ/P1p1PN1P/6P1/1P3PB1/R4RK1 b kq - 2 19,2.4300
r3kb1r/1b3p1p/p5n1/1p2q1NQ/P1ppPN1P/6P1/1P3PB1/R4RK1 w kq - 0 20,2.2000
r3kb1r/1b3p1p/p5n1/1p2q1NQ/P1ppPN1P/1P4P1/5PB1/R4RK1 b kq - 0 20,0.8000
r3kb1r/1b3p1p/p5n1/1p2q1NQ/P2pPN1P/1Pp3P1/5PB1/R4RK1 w kq - 0 21,1.6600
r3kb1r/1b3p1p/p5n1/1p2q1NQ/P2pPN1P/1Pp3P1/5PB1/R3R1K1 b kq - 1 21,1.3800
r3kb1r/1b3p1p/p5n1/4q1NQ/p2pPN1P/1Pp3P1/5PB1/R3R1K1 w kq - 0 22,1.5400
r3kb1r/1b3p1p/p5n1/4q1NQ/P2pPN1P/2p3P1/5PB1/R3R1K1 b kq - 0 22,1.2900
r3kb1r/1b3pqp/p5n1/6NQ/P2pPN1P/2p3P1/5PB1/R3R1K1 w kq - 1 23,2.0900
r3kb1r/1b3pqp/p5n1/3N2NQ/P2pP2P/2p3P1/5PB1/R3R1K1 b kq - 2 23,2.5300
r3kb1r/1b3pqp/p5n1/3N2NQ/P3P2P/2pp2P1/5PB1/R3R1K1 w kq - 0 24,2.8500
r3kb1r/1b3pqp/p5n1/3N2NQ/P3P2P/2pp2P1/5PB1/1R2R1K1 b kq - 1 24,1.7900
r3kb1r/1b3pqp/p5n1/3N2NQ/P3P2P/3p2P1/2p2PB1/1R2R1K1 w kq - 0 25,2.5600
r3kb1r/1b3pqp/p5n1/3NP1NQ/P6P/3p2P1/2p2PB1/1R2R1K1 b kq - 0 25,1.6600
r3k2r/1b3pqp/p5n1/3NP1NQ/Pb5P/3p2P1/2p2PB1/1R2R1K1 w kq - 1 26,1.8300
r3k2r/1bN2pqp/p5n1/4P1NQ/Pb5P/3p2P1/2p2PB1/1R2R1K1 b kq - 2 26,1.0400
r4k1r/1bN2pqp/p5n1/4P1NQ/Pb5P/3p2P1/2p2PB1/1R2R1K1 w - - 3 27,1.5800
r4k1r/1bN2pqp/p3N1n1/4P2Q/Pb5P/3p2P1/2p2PB1/1R2R1K1 b - - 4 27,1.0800
r5kr/1bN2pqp/p3N1n1/4P2Q/Pb5P/3p2P1/2p2PB1/1R2R1K1 w - - 5 28,1.0600
r5kr/1bN2pqp/p3N1n1/4PQ2/Pb5P/3p2P1/2p2PB1/1R2R1K1 b - - 6 28,-2.2900
r5kr/1bN3qp/p3p1n1/4PQ2/Pb5P/3p2P1/2p2PB1/1R2R1K1 w - - 0 29,-2.5400
r5kr/1b4qp/p3N1n1/4PQ2/Pb5P/3p2P1/2p2PB1/1R2R1K1 b - - 0 29,-2.6600
r5kr/1b1q3p/p3N1n1/4PQ2/Pb5P/3p2P1/2p2PB1/1R2R1K1 w - - 1 30,-0.8300
r5kr/1b1q3p/p3N1n1/4PQ2/PR5P/3p2P1/2p2PB1/4R1K1 b - - 0 30,-2.5500
5rkr/1b1q3p/p3N1n1/4PQ2/PR5P/3p2P1/2p2PB1/4R1K1 w - - 1 31,3.2300
5rkr/1R1q3p/p3N1n1/4PQ2/P6P/3p2P1/2p2PB1/4R1K1 b - - 0 31,4.1400
5rkr/1R1q3p/p3N1n1/4PQ2/P6P/6P1/2pp1PB1/4R1K1 w - - 0 32,5.5400
5rkr/3R3p/p3N1n1/4PQ2/P6P/6P1/2pp1PB1/4R1K1 b - - 0 32,4.6800
5rkr/3R3p/p3N1n1/4PQ2/P6P/6P1/2p2PB1/4r1K1 w - - 0 33,10.0000
5rkr/3R3p/p3N1n1/4PQ2/P6P/6P1/2p2PBK/4r3 b - - 1 33,10.0000
5rkr/3R3p/p3N1n1/4PQ2/P6P/6P1/2p2PBK/7r w - - 2 34,10.0000
5rkr/3R3p/p3N1n1/4PQ2/P6P/6P1/2p2PB1/7K b - - 0 34,10.0000
rnbqkbnr/ppp2ppp/4p3/3p4/3P4/2P2N2/PP2PPPP/RNBQKB1R b KQkq - 0 3,0.0300
rnbqkb1r/ppp2ppp/4pn2/3p4/3P4/2P2N2/PP2PPPP/RNBQKB1R w KQkq - 1 4,0.1100
rnbqkb1r/ppp2ppp/4pn2/3p2B1/3P4/2P2N2/PP2PPPP/RN1QKB1R b KQkq - 2 4,0.0700
rnbqk2r/ppp1bppp/4pn2/3p2B1/3P4/2P2N2/PP2PPPP/RN1QKB1R w KQkq - 3 5,0.1700
rnbqk2r/ppp1bppp/4pn2/3p2B1/3P4/2P2N2/PP1NPPPP/R2QKB1R b KQkq - 4 5,0.2200
rnbq1rk1/ppp1bppp/4pn2/3p2B1/3P4/2P2N2/PP1NPPPP/R2QKB1R w KQ - 5 6,0.4000
rnbq1rk1/ppp1bppp/4pn2/3p2B1/3P4/1NP2N2/PP2PPPP/R2QKB1R b KQ - 6 6,-0.1500
r1bq1rk1/pppnbppp/4pn2/3p2B1/3P4/1NP2N2/PP2PPPP/R2QKB1R w KQ - 7 7,-0.1600
r1bq1rk1/pppnbppp/4pn2/3p2B1/3P4/2P2N2/PP1NPPPP/R2QKB1R b KQ - 8 7,-0.2600
r1bq1rk1/pppnbpp1/4pn1p/3p2B1/3P4/2P2N2/PP1NPPPP/R2QKB1R w KQ - 0 8,-0.2700
r1bq1rk1/pppnbpp1/4pn1p/3p4/3P1B2/2P2N2/PP1NPPPP/R2QKB1R b KQ - 1 8,-0.3200
r1bq1rk1/pppnbpp1/4p2p/3p3n/3P1B2/2P2N2/PP1NPPPP/R2QKB1R w KQ - 2 9,-0.2000
r1bq1rk1/pppnbpp1/4p2p/3p3n/3P1B2/2P2NP1/PP1NPP1P/R2QKB1R b KQ - 0 9,-0.7600
r1bq1rk1/pppnbpp1/4p2p/3p4/3P1n2/2P2NP1/PP1NPP1P/R2QKB1R w KQ - 0 10,-0.3300
r1bq1rk1/pppnbpp1/4p2p/3p4/3P1P2/2P2N2/PP1NPP1P/R2QKB1R b KQ - 0 10,-0.3900
r1bq1rk1/p1pnbpp1/4p2p/1p1p4/3P1P2/2P2N2/PP1NPP1P/R2QKB1R w KQ - 0 11,-0.3600
r1bq1rk1/p1pnbpp1/4p2p/1p1p4/3P1P2/2P1PN2/PP1N1P1P/R2QKB1R b KQ - 0 11,-0.4500
1rbq1rk1/p1pnbpp1/4p2p/1p1p4/3P1P2/2P1PN2/PP1N1P1P/R2QKB1R w KQ - 1 12,0.9400
1rbq1rk1/p1pnbpp1/4p2p/1p1p4/3P1P2/P1P1PN2/1P1N1P1P/R2QKB1R b KQ - 0 12,-0.0200
1rbq1rk1/p2nbpp1/2p1p2p/1p1p4/3P1P2/P1P1PN2/1P1N1P1P/R2QKB1R w KQ - 0 13,0.9200
rnbqkbnr/1pp1pppp/p7/3p4/3P4/4P3/PPPB1PPP/RN1QKBNR b KQkq - 1 3,0.0200
rnbqkbnr/2p1pppp/pp6/3p4/3P4/4P3/PPPB1PPP/RN1QKBNR w KQkq - 0 4,0.2000
rnbqkbnr/2p1pppp/pp6/3p4/3P4/P3P3/1PPB1PPP/RN1QKBNR b KQkq - 0 4,-0.0400
rnbqkb1r/2p1pppp/pp3n2/3p4/3P4/P3P3/1PPB1PPP/RN1QKBNR w KQkq - 1 5,-0.0200
rnbqkb1r/2p1pppp/pp3n2/3p4/2PP4/P3P3/1P1B1PPP/RN1QKBNR b KQkq - 0 5,-0.1000
rnbqkb1r/4pppp/ppp2n2/3p4/2PP4/P3P3/1P1B1PPP/RN1QKBNR w KQkq - 0 6,0.3000
rnbqkb1r/4pppp/ppp2n2/3p4/2PP4/P1N1P3/1P1B1PPP/R2QKBNR b KQkq - 1 6,0.2700
rn1qkb1r/1b2pppp/ppp2n2/3p4/2PP4/P1N1P3/1P1B1PPP/R2QKBNR w KQkq - 2 7,0.3700
rnbqkbnr/1pp1pppp/p7/3p4/3P1B2/5N2/PPP1PPPP/RN1QKB1R b KQkq - 1 3,0.4000
rnbqkbnr/1pp2ppp/p3p3/3p4/3P1B2/5N2/PPP1PPPP/RN1QKB1R w KQkq - 0 4,0.4200
rnbqkbnr/1pp2ppp/p3p3/3p4/3P1B2/4PN2/PPP2PPP/RN1QKB1R b KQkq - 0 4,0.3600
rnbqk1nr/1pp2ppp/p2bp3/3p4/3P1B2/4PN2/PPP2PPP/RN1QKB1R w KQkq - 1 5,0.3900
rnbqk1nr/1pp2ppp/p2bp3/3p4/3P4/4PNB1/PPP2PPP/RN1QKB1R b KQkq - 2 5,0.4100
rnbqk2r/1pp2ppp/p2bpn2/3p4/3P4/4PNB1/PPP2PPP/RN1QKB1R w KQkq - 3 6,0.4700
rnbqk2r/1pp2ppp/p2bpn2/3p4/2PP4/4PNB1/PP3PPP/RN1QKB1R b KQkq - 0 6,0.4600
rnbqk2r/1p3ppp/p2bpn2/2pp4/2PP4/4PNB1/PP3PPP/RN1QKB1R w KQkq - 0 7,0.5000
rnbqk2r/1p3ppp/p2bpn2/2Pp4/2P5/4PNB1/PP3PPP/RN1QKB1R b KQkq - 0 7,0.3900
rnbqk2r/1p3ppp/p3pn2/2bp4/2P5/4PNB1/PP3PPP/RN1QKB1R w KQkq - 0 8,0.4000
rnbqk2r/1p3ppp/p3pn2/2bP4/8/4PNB1/PP3PPP/RN1QKB1R b KQkq - 0 8,0.3000
rnbqk2r/1p3ppp/p3p3/2bn4/8/4PNB1/PP3PPP/RN1QKB1R w KQkq - 0 9,0.5800
rnbqk2r/1p3ppp/p3p3/2bn4/8/P3PNB1/1P3PPP/RN1QKB1R b KQkq - 0 9,0.3400
rnbq1rk1/1p3ppp/p3p3/2bn4/8/P3PNB1/1P3PPP/RN1QKB1R w KQ - 1 10,0.4200
rnbq1rk1/1p3ppp/p3p3/2bn4/8/P3PNB1/1PQ2PPP/RN2KB1R b KQ - 2 10,0.3700
rnbq1rk1/1p2bppp/p3p3/3n4/8/P3PNB1/1PQ2PPP/RN2KB1R w KQ - 3 11,0.5500
rnbq1rk1/1p2bppp/p3p3/3n4/2B5/P3PNB1/1PQ2PPP/RN2K2R b KQ - 4 11,-0.1000
r1bq1rk1/1p2bppp/p1n1p3/3n4/2B5/P3PNB1/1PQ2PPP/RN2K2R w KQ - 5 12,0.5500
r1bq1rk1/1p2bppp/p1n1p3/3n4/2B5/P3PNB1/1PQ2PPP/RN3RK1 b - - 6 12,0.3400
r1bq1rk1/1p2bppp/p1n1pn2/8/2B5/P3PNB1/1PQ2PPP/RN3RK1 w - - 7 13,0.5000
r1bq1rk1/1p2bppp/p1n1pn2/8/2B5/P3PNB1/1PQ2PPP/RN1R2K1 b - - 8 13,0.4300
r1b2rk1/1p2bppp/p1n1pn2/q7/2B5/P3PNB1/1PQ2PPP/RN1R2K1 w - - 9 14,0.9400
r1b2rk1/1p2bppp/p1n1pn2/q7/2B5/P3PNB1/1PQN1PPP/R2R2K1 b - - 10 14,0.7500
r1b2rk1/4bppp/p1n1pn2/qp6/2B5/P3PNB1/1PQN1PPP/R2R2K1 w - - 0 15,0.9400
r1b2rk1/4bppp/p1n1Bn2/qp6/8/P3PNB1/1PQN1PPP/R2R2K1 b - - 0 15,0.7500
r1b2rk1/4bppp/pqn1Bn2/1p6/8/P3PNB1/1PQN1PPP/R2R2K1 w - - 1 16,2.0800
r1b2rk1/4bppp/pqn2n2/1p6/8/P3PNB1/BPQN1PPP/R2R2K1 b - - 2 16,1.9400
r4rk1/4bppp/pqn2n2/1p6/6b1/P3PNB1/BPQN1PPP/R2R2K1 w - - 3 17,2.1500
r4rk1/4bppp/pqn2n2/1p6/6b1/P3PNB1/BPQN1PPP/2RR2K1 b - - 4 17,1.6100
r1r3k1/4bppp/pqn2n2/1p6/6b1/P3PNB1/BPQN1PPP/2RR2K1 w - - 5 18,1.7300
r1r3k1/4bppp/pqn2n2/1p6/6b1/PQ2PNB1/BP1N1PPP/2RR2K1 b - - 6 18,-2.9500
r1r3k1/4bppp/pqn1bn2/1p6/8/PQ2PNB1/BP1N1PPP/2RR2K1 w - - 7 19,-1.6500
r1r3k1/4bppp/pqn1bn2/1p6/2N5/PQ2PNB1/BP3PPP/2RR2K1 b - - 8 19,-1.7300
r1r3k1/q3bppp/p1n1bn2/1p6/2N5/PQ2PNB1/BP3PPP/2RR2K1 w - - 9 20,-1.9300
r1r3k1/q3bppp/p1n1bn2/1p6/2N5/P2QPNB1/BP3PPP/2RR2K1 b - - 10 20,-2.4700
r1rn2k1/q3bppp/p3bn2/1p6/2N5/P2QPNB1/BP3PPP/2RR2K1 w - - 11 21,-1.9000
r1rn2k1/q3bppp/p3bn2/1p6/2N5/P2QP1B1/BP1N1PPP/2RR2K1 b - - 12 21,-2.2800
r1rn2k1/q3bppp/p3bn2/8/2p5/P2QP1B1/BP1N1PPP/2RR2K1 w - - 0 22,-2.4600
r1rn2k1/q3bppp/p3bn2/8/2N5/P2QP1B1/BP3PPP/2RR2K1 b - - 0 22,-2.5300
r1rn2k1/q3bppp/4bn2/p7/2N5/P2QP1B1/BP3PPP/2RR2K1 w - - 0 23,-2.5600
r1rn2k1/q3bppp/4bn2/p7/2N1P3/P2Q2B1/BP3PPP/2RR2K1 b - - 0 23,-2.5100
r1rn2k1/q3bppp/4b3/p6n/2N1P3/P2Q2B1/BP3PPP/2RR2K1 w - - 1 24,-2.3000
r1rn2k1/q3bppp/4b3/p3P2n/2N5/P2Q2B1/BP3PPP/2RR2K1 b - - 0 24,-2.9000
r1rn2k1/q4ppp/4b3/p3P1bn/2N5/P2Q2B1/BP3PPP/2RR2K1 w - - 1 25,-2.5600
r1rn2k1/q4ppp/4b3/p3P1bn/2N5/P2Q2B1/BPR2PPP/3R2K1 b - - 2 25,-2.6100
r1rn2k1/q4p1p/4b1p1/p3P1bn/2N5/P2Q2B1/BPR2PPP/3R2K1 w - - 0 26,-2.5900
r1rn2k1/q4p1p/3Nb1p1/p3P1bn/8/P2Q2B1/BPR2PPP/3R2K1 b - - 1 26,-2.6500
r2n2k1/q4p1p/3Nb1p1/p3P1bn/8/P2Q2B1/BPr2PPP/3R2K1 w - - 0 27,-3.0500
r2n2k1/q4p1p/3NB1p1/p3P1bn/8/P2Q2B1/1Pr2PPP/3R2K1 b - - 0 27,-3.3800
r5k1/q4p1p/3Nn1p1/p3P1bn/8/P2Q2B1/1Pr2PPP/3R2K1 w - - 0 28,-3.2600
r5k1/q4p1p/3Nn1p1/p3P1bn/7P/P2Q2B1/1Pr2PP1/3R2K1 b - - 0 28,-4.3800
r1r3k1/q4p1p/3Nn1p1/p3P1bn/7P/P2Q2B1/1P3PP1/3R2K1 w - - 1 29,-4.3200
r1N3k1/q4p1p/4n1p1/p3P1bn/7P/P2Q2B1/1P3PP1/3R2K1 b - - 0 29,-4.9400
r1N3k1/5p1p/4n1p1/p1q1P1bn/7P/P2Q2B1/1P3PP1/3R2K1 w - - 1 30,-2.5400
r5k1/5p1p/3Nn1p1/p1q1P1bn/7P/P2Q2B1/1P3PP1/3R2K1 b - - 2 30,-2.5200
r1bqkbnr/pppp1ppp/2n5/1B2p3/4P3/5N2/PPPP1PPP/RNBQK2R b KQkq - 3 3,0.4000
r1b1kbnr/pppp1ppp/2n2q2/1B2p3/4P3/5N2/PPPP1PPP/RNBQK2R w KQkq - 4 4,0.7900
r1b1kbnr/pppp1ppp/2n2q2/1B2p3/4P3/2N2N2/PPPP1PPP/R1BQK2R b KQkq - 5 4,0.8700
r1b1k1nr/pppp1ppp/2nb1q2/1B2p3/4P3/2N2N2/PPPP1PPP/R1BQK2R w KQkq - 6 5,0.9800
r1b1k1nr/pppp1ppp/2nb1q2/1B2p3/4P3/2N2N2/PPPP1PPP/R1BQ1RK1 b kq - 7 5,0.9300
r1b1k1nr/1ppp1ppp/p1nb1q2/1B2p3/4P3/2N2N2/PPPP1PPP/R1BQ1RK1 w kq - 0 6,1.0400
r1b1k1nr/1ppp1ppp/p1nb1q2/4p3/B3P3/2N2N2/PPPP1PPP/R1BQ1RK1 b kq - 1 6,0.6500
r1b1k2r/1pppnppp/p1nb1q2/4p3/B3P3/2N2N2/PPPP1PPP/R1BQ1RK1 w kq - 2 7,0.9500
r1b1k2r/1pppnppp/p1nb1q2/4p3/B3P3/P1N2N2/1PPP1PPP/R1BQ1RK1 b kq - 0 7,0.2700
r1b1k2r/1pppnppp/p2b1q2/4p3/B2nP3/P1N2N2/1PPP1PPP/R1BQ1RK1 w kq - 1 8,0.4700
r1b1k2r/1pppnppp/p2b1q2/4p3/B2nP3/P1NP1N2/1PP2PPP/R1BQ1RK1 b kq - 0 8,-0.5300
r1b1k2r/2ppnppp/p2b1q2/1p2p3/B2nP3/P1NP1N2/1PP2PPP/R1BQ1RK1 w kq - 0 9,-0.5900
r1b1k2r/2ppnppp/p2b1q2/1B2p3/3nP3/P1NP1N2/1PP2PPP/R1BQ1RK1 b kq - 0 9,-3.2800
r1b1k2r/2ppnppp/p2b1q2/1n2p3/4P3/P1NP1N2/1PP2PPP/R1BQ1RK1 w kq - 0 10,-2.7700
r1b1k2r/2ppnppp/p2b1q2/1n2p1B1/4P3/P1NP1N2/1PP2PPP/R2Q1RK1 b kq - 1 10,-3.6900
r1b1k2r/2ppnppp/p2b2q1/1n2p1B1/4P3/P1NP1N2/1PP2PPP/R2Q1RK1 w kq - 2 11,-3.3200
r1b1k2r/2ppnppp/p2b2q1/1n2p1B1/4P3/P2P1N2/1PP1NPPP/R2Q1RK1 b kq - 3 11,-3.2400
r1b1k2r/n1ppnppp/p2b2q1/4p1B1/4P3/P2P1N2/1PP1NPPP/R2Q1RK1 w kq - 4 12,-2.3800
r1b1k2r/n1ppnppp/p2b2q1/4p1B1/3PP3/P4N2/1PP1NPPP/R2Q1RK1 b kq - 0 12,-2.4200
r1b1k2r/n1ppn1pp/p2b1pq1/4p1B1/3PP3/P4N2/1PP1NPPP/R2Q1RK1 w kq - 0 13,-2.8600
r1b1k2r/n1ppn1pp/p2b1pq1/4p3/3PP2B/P4N2/1PP1NPPP/R2Q1RK1 b kq - 1 13,-3.0500
r3k2r/nbppn1pp/p2b1pq1/4p3/3PP2B/P4N2/1PP1NPPP/R2Q1RK1 w kq - 2 14,-2.9100
r3k2r/nbppn1pp/p2b1pq1/4p3/3PP2B/P4N2/1PP1NPPP/R2QR1K1 b kq - 3 14,-3.3500
r4rk1/nbppn1pp/p2b1pq1/4p3/3PP2B/P4N2/1PP1NPPP/R2QR1K1 w - - 4 15,-2.9600
r4rk1/nbppn1pp/p2b1pq1/4p3/3PP3/P4NB1/1PP1NPPP/R2QR1K1 b - - 5 15,-3.9100
r4rk1/nbppn1pp/p2b1p2/4p3/3Pq3/P4NB1/1PP1NPPP/R2QR1K1 w - - 0 16,-2.4800
r4rk1/nbppn1pp/p2b1p2/4p3/2PPq3/P4NB1/1P2NPPP/R2QR1K1 b - - 0 16,-2.3600
r4rk1/nbppn1pp/p1qb1p2/4p3/2PP4/P4NB1/1P2NPPP/R2QR1K1 w - - 1 17,-2.0700
r4rk1/nbppn1pp/p1qb1p2/4p3/2PP4/P1N2NB1/1P3PPP/R2QR1K1 b - - 2 17,-3.4200
r4rk1/nbppn1pp/p1qb1p2/8/2Pp4/P1N2NB1/1P3PPP/R2QR1K1 w - - 0 18,-3.5400
r4rk1/nbppn1pp/p1qb1p2/8/2PQ4/P1N2NB1/1P3PPP/R3R1K1 b - - 0 18,-3.6800
r1n2rk1/1bppn1pp/p1qb1p2/8/2PQ4/P1N2NB1/1P3PPP/R3R1K1 w - - 1 19,-3.2800
r1n2rk1/1bppn1pp/p1qb1p2/8/2PQ4/P1N2NB1/1P3PPP/3RR1K1 b - - 2 19,-3.0300
r1n2rk1/1bppn1pp/2qb1p2/p7/2PQ4/P1N2NB1/1P3PPP/3RR1K1 w - - 0 20,-2.5600
r1n2rk1/1bppn1pp/2qb1p2/pN6/2PQ4/P4NB1/1P3PPP/3RR1K1 b - - 1 20,-3.2700
r1n3k1/1bppnrpp/2qb1p2/pN6/2PQ4/P4NB1/1P3PPP/3RR1K1 w - - 2 21,-2.9400
r1n3k1/1bppnrpp/2qb1p2/pN6/2PQ4/PP3NB1/5PPP/3RR1K1 b - - 0 21,-3.4900
r1n3k1/1bpp1rpp/2qb1p2/pN3n2/2PQ4/PP3NB1/5PPP/3RR1K1 w - - 1 22,-3.2600
r1n3k1/1bpp1rpp/2qb1p2/pN3n2/2P5/PP1Q1NB1/5PPP/3RR1K1 b - - 2 22,-3.3900
r5k1/1bppnrpp/2qb1p2/pN3n2/2P5/PP1Q1NB1/5PPP/3RR1K1 w - - 3 23,-2.7300
r5k1/1bppRrpp/2qb1p2/pN3n2/2P5/PP1Q1NB1/5PPP/3R2K1 b - - 0 23,-2.6600
r5k1/1bppr1pp/2qb1p2/pN3n2/2P5/PP1Q1NB1/5PPP/3R2K1 w - - 0 24,-2.3500
r5k1/1bppr1pp/2qb1p2/pN3Q2/2P5/PP3NB1/5PPP/3R2K1 b - - 0 24,-2.3100
r5k1/1bppr1pp/2q2p2/pN2bQ2/2P5/PP3NB1/5PPP/3R2K1 w - - 1 25,-2.4100
r5k1/1bppr1pp/2q2p2/pN2bQ2/2P2B2/PP3N2/5PPP/3R2K1 b - - 2 25,-3.1100
r5k1/1bp1r1pp/2qp1p2/pN2bQ2/2P2B2/PP3N2/5PPP/3R2K1 w - - 0 26,-3.1400
r5k1/1bp1r1pp/2qp1p2/pN2bQ2/P1P2B2/1P3N2/5PPP/3R2K1 b - - 0 26,-3.5000
r5k1/1bp2rpp/2qp1p2/pN2bQ2/P1P2B2/1P3N2/5PPP/3R2K1 w - - 1 27,-2.8000
r5k1/1bp2rpp/2qp1p2/pN2bQ2/P1P5/1P2BN2/5PPP/3R2K1 b - - 2 27,-2.6400
r3q1k1/1bp2rpp/3p1p2/pN2bQ2/P1P5/1P2BN2/5PPP/3R2K1 w - - 3 28,-2.4100
r3q1k1/1bp2rpp/3p1p2/pN2b3/P1P3Q1/1P2BN2/5PPP/3R2K1 b - - 4 28,-2.5900
r3q1k1/1bp2rpp/3p4/pN2bp2/P1P3Q1/1P2BN2/5PPP/3R2K1 w - - 0 29,-2.5200
r3q1k1/1bp2rpp/3p4/pN2bpQ1/P1P5/1P2BN2/5PPP/3R2K1 b - - 1 29,-3.0900
rnbqkb1r/p1pppppp/1p3n2/8/8/4PN2/PPPPBPPP/RNBQK2R b KQkq - 1 3,0.2600
rnbqkb1r/p1pppp1p/1p3np1/8/8/4PN2/PPPPBPPP/RNBQK2R w KQkq - 0 4,0.3300
rnbqkb1r/p1pppp1p/1p3np1/8/8/4PN2/PPPPBPPP/RNBQ1RK1 b kq - 1 4,0.2800
rnbqk2r/p1ppppbp/1p3np1/8/8/4PN2/PPPPBPPP/RNBQ1RK1 w kq - 2 5,0.3100
rnbqk2r/p1ppppbp/1p3np1/8/3P4/4PN2/PPP1BPPP/RNBQ1RK1 b kq - 0 5,0.3000
rnbq1rk1/p1ppppbp/1p3np1/8/3P4/4PN2/PPP1BPPP/RNBQ1RK1 w - - 1 6,0.2600
rnbq1rk1/p1ppppbp/1p3np1/8/3P4/1P2PN2/P1P1BPPP/RNBQ1RK1 b - - 0 6,0.1900
rnbq1rk1/p1p1ppbp/1p1p1np1/8/3P4/1P2PN2/P1P1BPPP/RNBQ1RK1 w - - 0 7,0.2000
rnbq1rk1/p1p1ppbp/1p1p1np1/8/3P4/1P2PN2/PBP1BPPP/RN1Q1RK1 b - - 1 7,0.1200
rn1q1rk1/pbp1ppbp/1p1p1np1/8/3P4/1P2PN2/PBP1BPPP/RN1Q1RK1 w - - 2 8,0.1800
rn1q1rk1/pbp1ppbp/1p1p1np1/8/2PP4/1P2PN2/PB2BPPP/RN1Q1RK1 b - - 0 8,0.1800
rn1q1rk1/1bp1ppbp/pp1p1np1/8/2PP4/1P2PN2/PB2BPPP/RN1Q1RK1 w - - 0 9,0.3100
rn1q1rk1/1bp1ppbp/pp1p1np1/8/2PP4/1P2PN1P/PB2BPP1/RN1Q1RK1 b - - 0 9,0.2600
rn1q1rk1/1bp1ppbp/pp1p2p1/8/2PPn3/1P2PN1P/PB2BPP1/RN1Q1RK1 w - - 1 10,0.3000
rn1q1rk1/1bp1ppbp/pp1p2p1/8/2PPn3/1P2P2P/PB1NBPP1/RN1Q1RK1 b - - 2 10,0.3200
rn1q1rk1/1bp1ppbp/pp1p2p1/8/2PP4/1P2P2P/PB1nBPP1/RN1Q1RK1 w - - 0 11,0.2900
rn1q1rk1/1bp1ppbp/pp1p2p1/8/2PP4/1P2P2P/PB1NBPP1/R2Q1RK1 b - - 0 11,0.2800
r2q1rk1/1bpnppbp/pp1p2p1/8/2PP4/1P2P2P/PB1NBPP1/R2Q1RK1 w - - 1 12,0.3000
r2q1rk1/1bpnppbp/pp1p2p1/8/2PP4/1P2PB1P/PB1N1PP1/R2Q1RK1 b - - 2 12,0.2800
rnbqkbnr/ppp2ppp/4p3/3p4/4P3/2N2N2/PPPP1PPP/R1BQKB1R b KQkq - 0 3,-0.3000
rnbqkbnr/ppp2ppp/4p3/8/3pP3/2N2N2/PPPP1PPP/R1BQKB1R w KQkq - 0 4,-0.0900
rnbqkbnr/ppp2ppp/4p3/8/3pP3/5N2/PPPPNPPP/R1BQKB1R b KQkq - 1 4,-0.0400
rnbqkbnr/pp3ppp/4p3/2p5/3pP3/5N2/PPPPNPPP/R1BQKB1R w KQkq - 0 5,-0.0100
rnbqkbnr/pp3ppp/4p3/2p5/3pP3/5NN1/PPPP1PPP/R1BQKB1R b KQkq - 1 5,-0.5900
rnbqkbnr/1p3ppp/p3p3/2p5/3pP3/5NN1/PPPP1PPP/R1BQKB1R w KQkq - 0 6,-0.5500
rnbqkbnr/1p3ppp/p3p3/2p1P3/3p4/5NN1/PPPP1PPP/R1BQKB1R b KQkq - 0 6,-0.5300
rnb1kbnr/1pq2ppp/p3p3/2p1P3/3p4/5NN1/PPPP1PPP/R1BQKB1R w KQkq - 1 7,-0.5000
rnb1kbnr/1pq2ppp/p3p3/2p1P3/3p4/3B1NN1/PPPP1PPP/R1BQK2R b KQkq - 2 7,-1.0700
r1b1kbnr/1pq2ppp/p1n1p3/2p1P3/3p4/3B1NN1/PPPP1PPP/R1BQK2R w KQkq - 3 8,-1.0100
r1b1kbnr/1pq2ppp/p1n1p3/2p1P3/3p4/3B1NN1/PPPP1PPP/R1BQ1RK1 b kq - 4 8,-0.9000
r1b1kbnr/1pq2ppp/p3p3/2p1n3/3p4/3B1NN1/PPPP1PPP/R1BQ1RK1 w kq - 0 9,-0.8000
r1b1kbnr/1pq2ppp/p3p3/2p1n3/3pB3/5NN1/PPPP1PPP/R1BQ1RK1 b kq - 1 9,-1.5900
r1b1kb1r/1pq2ppp/p3pn2/2p1n3/3pB3/5NN1/PPPP1PPP/R1BQ1RK1 w kq - 2 10,-1.3800
r1b1kb1r/1pq2ppp/p3pn2/2p1n3/3pB3/2P2NN1/PP1P1PPP/R1BQ1RK1 b kq - 0 10,-1.6200
r1b1kb1r/1pq2ppp/p3pnn1/2p5/3pB3/2P2NN1/PP1P1PPP/R1BQ1RK1 w kq - 1 11,-1.1500
r1b1kb1r/1pq2ppp/p3pnn1/2p5/3PB3/5NN1/PP1P1PPP/R1BQ1RK1 b kq - 0 11,-1.1600
r1b1kb1r/1pq2ppp/p3pnn1/8/3pB3/5NN1/PP1P1PPP/R1BQ1RK1 w kq - 0 12,-1.0700
r1b1kb1r/1pq2ppp/p3pnn1/8/Q2pB3/5NN1/PP1P1PPP/R1B2RK1 b kq - 1 12,-1.3700
r1b1kb1r/1p1q1ppp/p3pnn1/8/Q2pB3/5NN1/PP1P1PPP/R1B2RK1 w kq - 2 13,-1.0500
r1b1kb1r/1p1Q1ppp/p3pnn1/8/3pB3/5NN1/PP1P1PPP/R1B2RK1 b kq - 0 13,-1.3000
r3kb1r/1p1b1ppp/p3pnn1/8/3pB3/5NN1/PP1P1PPP/R1B2RK1 w kq - 0 14,-1.2500
r3kb1r/1p1b1ppp/p3pnB1/8/3p4/5NN1/PP1P1PPP/R1B2RK1 b kq - 0 14,-1.5200
r3kb1r/1p3ppp/p3pnB1/1b6/3p4/5NN1/PP1P1PPP/R1B2RK1 w kq - 1 15,2.1600
r3kb1r/1p3ppp/p3pn2/1b6/3p4/5NN1/PPBP1PPP/R1B2RK1 b kq - 2 15,2.2600
r3kb1r/1p3ppp/p3pn2/8/3p4/5NN1/PPBP1PPP/R1B2bK1 w kq - 0 16,2.2300
r3kb1r/1p3ppp/p3pn2/8/3p4/5NN1/PPBP1PPP/R1B2K2 b kq - 0 16,2.2600
2kr1b1r/1p3ppp/p3pn2/8/3p4/5NN1/PPBP1PPP/R1B2K2 w - - 1 17,3.1300
2kr1b1r/1p3ppp/p3pn2/8/3p4/1P3NN1/P1BP1PPP/R1B2K2 b - - 0 17,1.9500
2kr1b1r/1p3pp1/p3pn2/7p/3p4/1P3NN1/P1BP1PPP/R1B2K2 w - - 0 18,2.3300
2kr1b1r/1p3pp1/p3pn2/7p/3p4/1P1B1NN1/P2P1PPP/R1B2K2 b - - 1 18,2.4600
2kr3r/1p2bpp1/p3pn2/7p/3p4/1P1B1NN1/P2P1PPP/R1B2K2 w - - 2 19,2.8600
2kr3r/1p2bpp1/p3pn2/7p/3p3P/1P1B1NN1/P2P1PP1/R1B2K2 b - - 0 19,2.4000
1k1r3r/1p2bpp1/p3pn2/7p/3p3P/1P1B1NN1/P2P1PP1/R1B2K2 w - - 1 20,2.7900
1k1r3r/1p2bpp1/p3pn2/7p/3p3P/1P1B1NN1/P2P1PP1/1RB2K2 b - - 2 20,2.2400
1k5r/1p1rbpp1/p3pn2/7p/3p3P/1P1B1NN1/P2P1PP1/1RB2K2 w - - 3 21,2.5700
1k5r/1p1rbpp1/p3pn2/7p/3p3P/1P1B1N2/P2PNPP1/1RB2K2 b - - 4 21,1.9900
1k5r/1p1rbpp1/p3p3/7p/3p2nP/1P1B1N2/P2PNPP1/1RB2K2 w - - 5 22,2.0700
1k5r/1p1rbpp1/p3p3/7p/1P1p2nP/3B1N2/P2PNPP1/1RB2K2 b - - 0 22,1.6600
1kr5/1p1rbpp1/p3p3/7p/1P1p2nP/3B1N2/P2PNPP1/1RB2K2 w - - 1 23,1.9900
1kr5/1p1rbpp1/p3p3/7p/1P1p2nP/1R1B1N2/P2PNPP1/2B2K2 b - - 2 23,1.3000
1kr5/1p2bpp1/p3p3/3r3p/1P1p2nP/1R1B1N2/P2PNPP1/2B2K2 w - - 3 24,1.7800
1kr5/1p2bpp1/p3p3/3r3p/1P1p2nP/1R1B1NP1/P2PNP2/2B2K2 b - - 0 24,1.3400
1k6/1pr1bpp1/p3p3/3r3p/1P1p2nP/1R1B1NP1/P2PNP2/2B2K2 w - - 1 25,2.1900
1k6/1pr1bpp1/p3p3/3r3p/1P1p2nP/1R1B1NP1/PB1PNP2/5K2 b - - 2 25,2.2900
1k6/1pr2pp1/p3pb2/3r3p/1P1p2nP/1R1B1NP1/PB1PNP2/5K2 w - - 3 26,3.0900
1k6/1pr2pp1/p3pb2/3r3p/1P1p2nP/1R1B1NP1/PB1P1P2/5KN1 b - - 4 26,2.2600
1k1r4/1pr2pp1/p3pb2/7p/1P1p2nP/1R1B1NP1/PB1P1P2/5KN1 w - - 5 27,2.7100
1k1r4/1pr2pp1/p3pb2/1P5p/3p2nP/1R1B1NP1/PB1P1P2/5KN1 b - - 0 27,2.4500
1k1r4/1pr2pp1/4pb2/1p5p/3p2nP/1R1B1NP1/PB1P1P2/5KN1 w - - 0 28,2.8400
1k1r4/1pr2pp1/4pb2/1p4Np/3p2nP/1R1B2P1/PB1P1P2/5KN1 b - - 1 28,2.0400
1k1r4/1pr2pp1/4pb2/1p2n1Np/3p3P/1R1B2P1/PB1P1P2/5KN1 w - - 2 29,1.9700
1k1r4/1pr2pp1/4pb2/1p2n1Np/3p3P/1R4P1/PB1PBP2/5KN1 b - - 3 29,0.1000
r1bqkbnr/pp1ppppp/2n5/1Bp5/4P3/5N2/PPPP1PPP/RNBQK2R b KQkq - 3 3,0.4800
r1bqkbnr/pp1ppppp/8/1Bp5/3nP3/5N2/PPPP1PPP/RNBQK2R w KQkq - 4 4,0.6600
r1bqkbnr/pp1ppppp/8/1Bp5/P2nP3/5N2/1PPP1PPP/RNBQK2R b KQkq - 0 4,0.1800
r1bqkb1r/pp1ppppp/5n2/1Bp5/P2nP3/5N2/1PPP1PPP/RNBQK2R w KQkq - 1 5,0.5100
r1bqkb1r/pp1ppppp/5n2/1Bp1P3/P2n4/5N2/1PPP1PPP/RNBQK2R b KQkq - 0 5,0.4400
r1bqkbnr/pp1ppppp/8/1Bp1P3/P2n4/5N2/1PPP1PPP/RNBQK2R w KQkq - 1 6,0.8900
r1bqkbnr/pp1ppppp/8/1Bp1P3/P2n4/2P2N2/1P1P1PPP/RNBQK2R b KQkq - 0 6,0.7400
r1bqkbnr/pp1ppppp/2n5/1Bp1P3/P7/2P2N2/1P1P1PPP/RNBQK2R w KQkq - 1 7,1.2700
r1bqkbnr/pp1ppppp/2n5/PBp1P3/8/2P2N2/1P1P1PPP/RNBQK2R b KQkq - 0 7,0.8600
r1bqkbnr/pp1p1ppp/2n1p3/PBp1P3/8/2P2N2/1P1P1PPP/RNBQK2R w KQkq - 0 8,1.0700
r1bqkbnr/pp1p1ppp/2n1p3/PBp1P3/8/2P2N2/1P1P1PPP/RNBQ1RK1 b kq - 1 8,1.0900
r1bqkbnr/pp1p1ppp/4p3/nBp1P3/8/2P2N2/1P1P1PPP/RNBQ1RK1 w kq - 0 9,1.0800
r1bqkbnr/pp1p1ppp/4p3/nBp1P3/3P4/2P2N2/1P3PPP/RNBQ1RK1 b kq - 0 9,0.8400
r1bqkbnr/1p1p1ppp/p3p3/nBp1P3/3P4/2P2N2/1P3PPP/RNBQ1RK1 w kq - 0 10,1.0900
r1bqkbnr/1p1p1ppp/p3p3/n1p1P3/3P4/2PB1N2/1P3PPP/RNBQ1RK1 b kq - 1 10,0.9800
rnbqkbnr/pp1ppp1p/6p1/2pP4/4P3/8/PPP2PPP/RNBQKBNR b KQkq - 0 3,0.6000
rnbqk1nr/pp1pppbp/6p1/2pP4/4P3/8/PPP2PPP/RNBQKBNR w KQkq - 1 4,0.8400
rnbqk1nr/pp1pppbp/6p1/2pP4/4P3/2N5/PPP2PPP/R1BQKBNR b KQkq - 2 4,0.6700
rnbqk1nr/pp2ppbp/3p2p1/2pP4/4P3/2N5/PPP2PPP/R1BQKBNR w KQkq - 0 5,0.6400
rnbqk1nr/pp2ppbp/3p2p1/2pP4/P3P3/2N5/1PP2PPP/R1BQKBNR b KQkq - 0 5,0.6100
rnbqk2r/pp2ppbp/3p1np1/2pP4/P3P3/2N5/1PP2PPP/R1BQKBNR w KQkq - 1 6,0.6600
rnbqk2r/pp2ppbp/3p1np1/2pP4/P3P3/2N2N2/1PP2PPP/R1BQKB1R b KQkq - 2 6,0.6200
rnbq1rk1/pp2ppbp/3p1np1/2pP4/P3P3/2N2N2/1PP2PPP/R1BQKB1R w KQ - 3 7,0.6800
rnbq1rk1/pp2ppbp/3p1np1/2pP4/P3P3/2N2N2/1PP1BPPP/R1BQK2R b KQ - 4 7,0.1800
rn1q1rk1/pp2ppbp/3p1np1/2pP4/P3P1b1/2N2N2/1PP1BPPP/R1BQK2R w KQ - 5 8,0.8900
rn1q1rk1/pp2ppbp/3p1np1/2pP4/P3P1b1/2N5/1PPNBPPP/R1BQK2R b KQ - 6 8,0.1800
rn1q1rk1/pp1bppbp/3p1np1/2pP4/P3P3/2N5/1PPNBPPP/R1BQK2R w KQ - 7 9,0.9900
rn1q1rk1/pp1bppbp/3p1np1/2pP4/P3P3/2N5/1PPNBPPP/R1BQ1RK1 b - - 8 9,0.9900
r2q1rk1/pp1bppbp/n2p1np1/2pP4/P3P3/2N5/1PPNBPPP/R1BQ1RK1 w - - 9 10,1.0800
r2q1rk1/pp1bppbp/B2p1np1/2pP4/P3P3/2N5/1PPN1PPP/R1BQ1RK1 b - - 0 10,0.9100
r2q1rk1/p2bppbp/p2p1np1/2pP4/P3P3/2N5/1PPN1PPP/R1BQ1RK1 w - - 0 11,0.9500
r2q1rk1/p2bppbp/p2p1np1/2pP4/P1N1P3/2N5/1PP2PPP/R1BQ1RK1 b - - 1 11,0.9100
r4rk1/p1qbppbp/p2p1np1/2pP4/P1N1P3/2N5/1PP2PPP/R1BQ1RK1 w - - 2 12,1.1500
r4rk1/p1qbppbp/p2p1np1/2pP2B1/P1N1P3/2N5/1PP2PPP/R2Q1RK1 b - - 3 12,1.0400
r3r1k1/p1qbppbp/p2p1np1/2pP2B1/P1N1P3/2N5/1PP2PPP/R2Q1RK1 w - - 4 13,1.4400
r3r1k1/p1qbppbp/p2p1np1/2pP2B1/P1N1P3/2NQ4/1PP2PPP/R4RK1 b - - 5 13,1.4200
r1b1r1k1/p1q1ppbp/p2p1np1/2pP2B1/P1N1P3/2NQ4/1PP2PPP/R4RK1 w - - 6 14,1.4200
r1b1r1k1/p1q1ppbp/p2p1np1/2pP2B1/P1N1P3/2NQ4/1PP2PPP/R4R1K b - - 7 14,1.1000
r1b1r1k1/p1qnppbp/p2p2p1/2pP2B1/P1N1P3/2NQ4/1PP2PPP/R4R1K w - - 8 15,1.1200
r1b1r1k1/p1qnppbp/p2p2p1/2pP2B1/P1N1P3/2NQ3P/1PP2PP1/R4R1K b - - 0 15,0.9200
1rb1r1k1/p1qnppbp/p2p2p1/2pP2B1/P1N1P3/2NQ3P/1PP2PP1/R4R1K w - - 1 16,0.9100
1rb1r1k1/p1qnppbp/p2p2p1/2pP2B1/P1N1P3/2NQ3P/1PP2PP1/4RR1K b - - 2 16,0.9200
1rb1r1k1/pq1nppbp/p2p2p1/2pP2B1/P1N1P3/2NQ3P/1PP2PP1/4RR1K w - - 3 17,2.0600
1rb1r1k1/pq1nppbp/p2p2p1/2pP4/P1N1PB2/2NQ3P/1PP2PP1/4RR1K b - - 4 17,1.5000
1rb1r1k1/p1qnppbp/p2p2p1/2pP4/P1N1PB2/2NQ3P/1PP2PP1/4RR1K w - - 5 18,1.4200
1rb1r1k1/p1qnppbp/p2p2p1/P1pP4/2N1PB2/2NQ3P/1PP2PP1/4RR1K b - - 0 18,1.2400
1rb1r1k1/p1qnpp1p/p2p2p1/P1pPb3/2N1PB2/2NQ3P/1PP2PP1/4RR1K w - - 1 19,2.1800
1rb1r1k1/p1qnpp1p/p2p2p1/P1pPb3/2N1P3/2NQ2BP/1PP2PP1/4RR1K b - - 2 19,1.3300
1rb1r1kb/p1qnpp1p/p2p2p1/P1pP4/2N1P3/2NQ2BP/1PP2PP1/4RR1K w - - 3 20,2.4300
1rb1r1kb/p1qnpp1p/p2p2p1/P1pP4/2N1P3/1PNQ2BP/2P2PP1/4RR1K b - - 0 20,1.7200
1rb1r1kb/p1qnp2p/p2p1pp1/P1pP4/2N1P3/1PNQ2BP/2P2PP1/4RR1K w - - 0 21,2.1700
1rb1r1kb/p1qnp2p/p2p1pp1/P1pP4/2N1PB2/1PNQ3P/2P2PP1/4RR1K b - - 1 21,1.3400
1rb1r1kb/p1q1p2p/p2p1pp1/P1pPn3/2N1PB2/1PNQ3P/2P2PP1/4RR1K w - - 2 22,1.4200
1rb1r1kb/p1q1p2p/p2p1pp1/P1pPB3/2N1P3/1PNQ3P/2P2PP1/4RR1K b - - 0 22,1.3200
1r2r1kb/p1qbp2p/p2p1pp1/P1pPB3/2N1P3/1PNQ3P/2P2PP1/4RR1K w - - 1 23,5.9200
1r2r1kb/p1qbp2p/p2p1pp1/P1pP4/2N1PB2/1PNQ3P/2P2PP1/4RR1K b - - 2 23,5.4900
1r2r1k1/p1qbp1bp/p2p1pp1/P1pP4/2N1PB2/1PNQ3P/2P2PP1/4RR1K w - - 3 24,5.7300
1r2r1k1/p1qbp1bp/p2p1pp1/P1pP4/2N1P3/1PNQ3P/2PB1PP1/4RR1K b - - 4 24,5.4300
1r2r1k1/p1q1p1bp/p2p1pp1/P1pP4/2N1P3/1PNQ3b/2PB1PP1/4RR1K w - - 0 25,6.6700
1r2r1k1/p1q1p1bp/p2p1pp1/P1pP4/2N1P3/1PN4Q/2PB1PP1/4RR1K b - - 0 25,5.6800
4r1k1/prq1p1bp/p2p1pp1/P1pP4/2N1P3/1PN4Q/2PB1PP1/4RR1K w - - 1 26,6.1700
4r1k1/prq1p1bp/p2pQpp1/P1pP4/2N1P3/1PN5/2PB1PP1/4RR1K b - - 2 26,6.0700
4rk2/prq1p1bp/p2pQpp1/P1pP4/2N1P3/1PN5/2PB1PP1/4RR1K w - - 3 27,6.1700
4rk2/prq1p1bp/p2pQpp1/P1pPP3/2N5/1PN5/2PB1PP1/4RR1K b - - 0 27,5.9500
4rk2/prq1p1bp/p3Qpp1/P1pPp3/2N5/1PN5/2PB1PP1/4RR1K w - - 0 28,6.1900
4rk2/prq1p1bp/p4pp1/P1pPp3/2N5/1PN4Q/2PB1PP1/4RR1K b - - 1 28,6.3300
1q2rk2/pr2p1bp/p4pp1/P1pPp3/2N5/1PN4Q/2PB1PP1/4RR1K w - - 2 29,6.2300
1q2rk2/pr2p1bp/p4pp1/P1pPp3/2N5/1PN4Q/2PB1PP1/4RRK1 b - - 3 29,6.0600
1q2rk2/pr2p1b1/p4pp1/P1pPp2p/2N5/1PN4Q/2PB1PP1/4RRK1 w - - 0 30,6.9000
1q2rk2/pr2p1b1/p4pp1/P1pPp2p/2N2P2/1PN4Q/2PB2P1/4RRK1 b - - 0 30,6.4000
1q2rk2/pr2p3/p4ppb/P1pPp2p/2N2P2/1PN4Q/2PB2P1/4RRK1 w - - 1 31,6.9000
1q2rk2/pr2p3/p2P1ppb/P1p1p2p/2N2P2/1PN4Q/2PB2P1/4RRK1 b - - 0 31,6.3600
1q2r1k1/pr2p3/p2P1ppb/P1p1p2p/2N2P2/1PN4Q/2PB2P1/4RRK1 w - - 1 32,6.7600
1q2r1k1/pr2p3/p2P1ppb/P1p1p2p/2N1NP2/1P5Q/2PB2P1/4RRK1 b - - 2 32,6.4600
3qr1k1/pr2p3/p2P1ppb/P1p1p2p/2N1NP2/1P5Q/2PB2P1/4RRK1 w - - 3 33,6.6700
3qr1k1/pr2P3/p4ppb/P1p1p2p/2N1NP2/1P5Q/2PB2P1/4RRK1 b - - 0 33,6.4500
3q2k1/pr2r3/p4ppb/P1p1p2p/2N1NP2/1P5Q/2PB2P1/4RRK1 w - - 0 34,6.4700
3q2k1/pr2r3/p4Npb/P1p1p2p/2N2P2/1P5Q/2PB2P1/4RRK1 b - - 0 34,6.6900
3q4/pr2r1k1/p4Npb/P1p1p2p/2N2P2/1P5Q/2PB2P1/4RRK1 w - - 1 35,6.4000
rnbqkbnr/1p1ppppp/p7/2p5/4P3/2N2N2/PPPP1PPP/R1BQKB1R b KQkq - 1 3,0.4400
rnbqkbnr/1p1p1ppp/p3p3/2p5/4P3/2N2N2/PPPP1PPP/R1BQKB1R w KQkq - 0 4,0.4500
rnbqkbnr/1p1p1ppp/p3p3/2p5/4P3/2N2NP1/PPPP1P1P/R1BQKB1R b KQkq - 0 4,0.4400
r1bqkbnr/1p1p1ppp/p1n1p3/2p5/4P3/2N2NP1/PPPP1P1P/R1BQKB1R w KQkq - 1 5,0.6500
r1bqkbnr/1p1p1ppp/p1n1p3/2p5/4P3/2N2NPP/PPPP1P2/R1BQKB1R b KQkq - 0 5,0.2600
rnbqkb1r/pppp1ppp/4pn2/8/8/4PN2/PPPPBPPP/RNBQK2R b KQkq - 2 3,0.0700
rnbqkb1r/pppp1p1p/4pnp1/8/8/4PN2/PPPPBPPP/RNBQK2R w KQkq - 0 4,0.3100
rnbqkb1r/pppp1p1p/4pnp1/8/3P4/4PN2/PPP1BPPP/RNBQK2R b KQkq - 0 4,0.2900
rnbqkb1r/p1pp1p1p/1p2pnp1/8/3P4/4PN2/PPP1BPPP/RNBQK2R w KQkq - 0 5,0.3000
rnbqkb1r/p1pp1p1p/1p2pnp1/8/3P4/4PN2/PPP1BPPP/RNBQ1RK1 b kq - 1 5,0.3000
rnbqk2r/p1pp1pbp/1p2pnp1/8/3P4/4PN2/PPP1BPPP/RNBQ1RK1 w kq - 2 6,0.2900
rnbqk2r/p1pp1pbp/1p2pnp1/8/1P1P4/4PN2/P1P1BPPP/RNBQ1RK1 b kq - 0 6,0.3800
rn1qk2r/pbpp1pbp/1p2pnp1/8/1P1P4/4PN2/P1P1BPPP/RNBQ1RK1 w kq - 1 7,0.4000
rn1qk2r/pbpp1pbp/1p2pnp1/8/1P1P4/4PN2/PBP1BPPP/RN1Q1RK1 b kq - 2 7,0.4000
rn2k2r/pbppqpbp/1p2pnp1/8/1P1P4/4PN2/PBP1BPPP/RN1Q1RK1 w kq - 3 8,0.4000
rn2k2r/pbppqpbp/1p2pnp1/8/PP1P4/4PN2/1BP1BPPP/RN1Q1RK1 b kq - 0 8,0.3400
rn3rk1/pbppqpbp/1p2pnp1/8/PP1P4/4PN2/1BP1BPPP/RN1Q1RK1 w - - 1 9,0.3700
rn3rk1/pbppqpbp/1p2pnp1/8/PP1P4/4PN1P/1BP1BPP1/RN1Q1RK1 b - - 0 9,-0.7100
rnr3k1/pbppqpbp/1p2pnp1/8/PP1P4/4PN1P/1BP1BPP1/RN1Q1RK1 w - - 1 10,0.3200
rnr3k1/pbppqpbp/1p2pnp1/8/PP1P4/2P1PN1P/1B2BPP1/RN1Q1RK1 b - - 0 10,0.2900
rnr3k1/1bppqpbp/1p2pnp1/p7/PP1P4/2P1PN1P/1B2BPP1/RN1Q1RK1 w - - 0 11,0.4200
rnr3k1/1bppqpbp/1p2pnp1/pP6/P2P4/2P1PN1P/1B2BPP1/RN1Q1RK1 b - - 0 11,0.3900
rnr3k1/1bp1qpbp/1p1ppnp1/pP6/P2P4/2P1PN1P/1B2BPP1/RN1Q1RK1 w - - 0 12,0.3500
rnr3k1/1bp1qpbp/1p1ppnp1/pP6/P2P4/R1P1PN1P/1B2BPP1/1N1Q1RK1 b - - 1 12,0.2600
rnr3k1/1bp1qpbp/1p2pnp1/pP1p4/P2P4/R1P1PN1P/1B2BPP1/1N1Q1RK1 w - - 0 13,0.3000
rnr3k1/1bp1qpbp/1p2pnp1/pP1p4/P2P4/R1P1PN1P/1B1NBPP1/3Q1RK1 b - - 1 13,0.3100
r1r3k1/1bpnqpbp/1p2pnp1/pP1p4/P2P4/R1P1PN1P/1B1NBPP1/3Q1RK1 w - - 2 14,0.1900
r1r3k1/1bpnqpbp/1p2pnp1/pP1p4/P2P4/RQP1PN1P/1B1NBPP1/5RK1 b - - 3 14,0.1800
r1r3k1/1b1nqpbp/1pp1pnp1/pP1p4/P2P4/RQP1PN1P/1B1NBPP1/5RK1 w - - 0 15,0.1600
r1r3k1/1b1nqpbp/1pp1pnp1/pP1p4/P1PP4/RQ2PN1P/1B1NBPP1/5RK1 b - - 0 15,-0.3500
r1r3k1/1b1n1pbp/1pp1pnp1/pP1p4/PqPP4/RQ2PN1P/1B1NBPP1/5RK1 w - - 1 16,-0.2500
r1r3k1/1b1n1pbp/1pP1pnp1/p2p4/PqPP4/RQ2PN1P/1B1NBPP1/5RK1 b - - 0 16,-0.2300
r1r3k1/1b1n1pbp/1pP1pnp1/p2p4/P1PP4/Rq2PN1P/1B1NBPP1/5RK1 w - - 0 17,-0.1700
r1r3k1/1b1n1pbp/1pP1pnp1/p2p4/P1PP4/1R2PN1P/1B1NBPP1/5RK1 b - - 0 17,-0.2300
r1r3k1/3n1pbp/bpP1pnp1/p2p4/P1PP4/1R2PN1P/1B1NBPP1/5RK1 w - - 1 18,4.1700
r1r3k1/3P1pbp/bp2pnp1/p2p4/P1PP4/1R2PN1P/1B1NBPP1/5RK1 b - - 0 18,3.9200
r1r3k1/3n1pbp/bp2p1p1/p2p4/P1PP4/1R2PN1P/1B1NBPP1/5RK1 w - - 0 19,3.9100
r1r3k1/3n1pbp/bp2p1p1/p2p4/P1PP4/R3PN1P/1B1NBPP1/5RK1 b - - 1 19,3.5700
r1r3k1/3n1pbp/1p2p1p1/p2p4/P1bP4/R3PN1P/1B1NBPP1/5RK1 w - - 0 20,4.2700
r1r3k1/3n1pbp/1p2p1p1/p2p4/P1BP4/R3PN1P/1B1N1PP1/5RK1 b - - 0 20,3.5900
2r3k1/r2n1pbp/1p2p1p1/p2p4/P1BP4/R3PN1P/1B1N1PP1/5RK1 w - - 1 21,6.0400
2r3k1/r2n1pbp/1p2p1p1/p2p4/P2P4/R2BPN1P/1B1N1PP1/5RK1 b - - 2 21,5.5800
2r2bk1/r2n1p1p/1p2p1p1/p2p4/P2P4/R2BPN1P/1B1N1PP1/5RK1 w - - 3 22,6.0200
2r2bk1/r2n1p1p/1p2p1p1/p2p4/P2P2P1/R2BPN1P/1B1N1P2/5RK1 b - - 0 22,2.2700
rnbqkb1r/pppp1ppp/4pn2/8/2PP4/5N2/PP2PPPP/RNBQKB1R b KQkq - 1 3,0.2100
rnbqk2r/ppppbppp/4pn2/8/2PP4/5N2/PP2PPPP/RNBQKB1R w KQkq - 2 4,0.3800
rnbqk2r/ppppbppp/4pn2/8/2PP4/2N2N2/PP2PPPP/R1BQKB1R b KQkq - 3 4,0.3700
rnbqk2r/pppp1ppp/4pn2/8/1bPP4/2N2N2/PP2PPPP/R1BQKB1R w KQkq - 4 5,0.5900
rnbqk2r/pppp1ppp/4pn2/8/1bPP1B2/2N2N2/PP2PPPP/R2QKB1R b KQkq - 5 5,0.3500
rnbqk2r/pppp1ppp/4pn2/8/2PP1B2/2b2N2/PP2PPPP/R2QKB1R w KQkq - 0 6,0.3200
rnbqk2r/pppp1ppp/4pn2/8/2PP1B2/2P2N2/P3PPPP/R2QKB1R b KQkq - 0 6,0.3000
rnbqk2r/ppp2ppp/3ppn2/8/2PP1B2/2P2N2/P3PPPP/R2QKB1R w KQkq - 0 7,0.3300
rnbqk2r/ppp2ppp/3ppn2/8/2PP1B2/2P1PN2/P4PPP/R2QKB1R b KQkq - 0 7,0.5400
rnbqk2r/p1p2ppp/1p1ppn2/8/2PP1B2/2P1PN2/P4PPP/R2QKB1R w KQkq - 0 8,0.5900
rnbqk2r/p1p2ppp/1p1ppn2/8/2PP1B2/2PBPN2/P4PPP/R2QK2R b KQkq - 1 8,0.6500
r1bqk2r/p1pn1ppp/1p1ppn2/8/2PP1B2/2PBPN2/P4PPP/R2QK2R w KQkq - 2 9,0.9200
r1bqk2r/p1pn1ppp/1p1ppn2/8/2PP1B2/2PBPN2/P4PPP/R2Q1RK1 b kq - 3 9,0.7400
r2qk2r/pbpn1ppp/1p1ppn2/8/2PP1B2/2PBPN2/P4PPP/R2Q1RK1 w kq - 4 10,0.5500
r2qk2r/pbpn1ppp/1p1ppn2/8/P1PP1B2/2PBPN2/5PPP/R2Q1RK1 b kq - 0 10,0.3300
r2qk2r/pbpn1ppp/1p1p1n2/4p3/P1PP1B2/2PBPN2/5PPP/R2Q1RK1 w kq - 0 11,0.6500
r2qk2r/pbpn1ppp/1p1p1n2/4P3/P1P2B2/2PBPN2/5PPP/R2Q1RK1 b kq - 0 11,0.5200
r2qk2r/pbp2ppp/1p1p1n2/4n3/P1P2B2/2PBPN2/5PPP/R2Q1RK1 w kq - 0 12,0.8200
r2qk2r/pbp2ppp/1p1p1n2/4n3/P1P2B2/2P1PN2/4BPPP/R2Q1RK1 b kq - 1 12,-0.5500
r2qk2r/pbpn1ppp/1p1p4/4n3/P1P2B2/2P1PN2/4BPPP/R2Q1RK1 w kq - 2 13,-0.2400
r2qk2r/pbpn1ppp/1p1p4/4B3/P1P5/2P1PN2/4BPPP/R2Q1RK1 b kq - 0 13,-0.6300
r2qk2r/pbpn1ppp/1p6/4p3/P1P5/2P1PN2/4BPPP/R2Q1RK1 w kq - 0 14,-0.7200
r2qk2r/pbpn1ppp/1p6/P3p3/2P5/2P1PN2/4BPPP/R2Q1RK1 b kq - 0 14,-0.8100
r3k2r/pbpn1ppp/1p3q2/P3p3/2P5/2P1PN2/4BPPP/R2Q1RK1 w kq - 1 15,-0.6800
r3k2r/pbpn1ppp/1p3q2/P3p3/Q1P5/2P1PN2/4BPPP/R4RK1 b kq - 2 15,-1.1500
r3k2r/pbpn1p1p/1p3qp1/P3p3/Q1P5/2P1PN2/4BPPP/R4RK1 w kq - 0 16,0.2400
r3k2r/pbpn1p1p/1p3qp1/P3p3/Q1P5/2P1PN2/4BPPP/R2R2K1 b kq - 1 16,-0.9600
2kr3r/pbpn1p1p/1p3qp1/P3p3/Q1P5/2P1PN2/4BPPP/R2R2K1 w - - 2 17,-0.4400
2kr3r/pbpn1p1p/1p3qp1/P3p3/2P5/2P1PN2/Q3BPPP/R2R2K1 b - - 3 17,-0.8100
2kr3r/pbpn1p2/1p3qp1/P3p2p/2P5/2P1PN2/Q3BPPP/R2R2K1 w - - 0 18,-0.2700
2kr3r/pbpn1p2/1p3qp1/P3p2p/2P5/2P1P3/Q2NBPPP/R2R2K1 b - - 1 18,-1.0300
2kr3r/pbp2p2/1p3qp1/P1n1p2p/2P5/2P1P3/Q2NBPPP/R2R2K1 w - - 2 19,-0.9300
2kr3r/pbp2p2/1p3qp1/P1n1p2p/2P5/2P1P3/2QNBPPP/R2R2K1 b - - 3 19,-1.0700
1k1r3r/pbp2p2/1p3qp1/P1n1p2p/2P5/2P1P3/2QNBPPP/R2R2K1 w - - 4 20,-0.9300
1k1r3r/pbp2p2/1p3qp1/P1n1p2p/2P5/2P1P2P/2QNBPP1/R2R2K1 b - - 0 20,-1.3200
1k1r3r/pbp2p2/1pq3p1/P1n1p2p/2P5/2P1P2P/2QNBPP1/R2R2K1 w - - 1 21,-0.5300
1k1r3r/pbp2p2/1pq3p1/P1n1p2p/2P1P3/2P4P/2QNBPP1/R2R2K1 b - - 0 21,-1.5600
1k5r/pbp2p2/1pqr2p1/P1n1p2p/2P1P3/2P4P/2QNBPP1/R2R2K1 w - - 1 22,-1.4300
1k5r/pbp2p2/1Pqr2p1/2n1p2p/2P1P3/2P4P/2QNBPP1/R2R2K1 b - - 0 22,-1.5300
1k5r/pbp2p2/1q1r2p1/2n1p2p/2P1P3/2P4P/2QNBPP1/R2R2K1 w - - 0 23,2.0800
1k5r/pbp2p2/1q1r2p1/2n1p2p/2P1P3/2P4P/2QNBPP1/RR4K1 b - - 1 23,2.2900
1k5r/pbp2p2/2qr2p1/2n1p2p/2P1P3/2P4P/2QNBPP1/RR4K1 w - - 2 24,2.3400
1k5r/pbp2p2/2qr2p1/2n1p2p/2P1P3/2P4P/Q2NBPP1/RR4K1 b - - 3 24,1.8000
1k5r/pbp2p2/q2r2p1/2n1p2p/2P1P3/2P4P/Q2NBPP1/RR4K1 w - - 4 25,2.0200
1k5r/pbp2p2/q2r2p1/2n1p2p/2P1P3/2P4P/1Q1NBPP1/RR4K1 b - - 5 25,0.8300
1k5r/pbp2p2/1q1r2p1/2n1p2p/2P1P3/2P4P/1Q1NBPP1/RR4K1 w - - 6 26,2.1700
1k5r/pbp2p2/1q1r2p1/2n1p2p/2P1P3/2P4P/3NBPP1/RRQ3K1 b - - 7 26,3.0300
2k4r/pbp2p2/1q1r2p1/2n1p2p/2P1P3/2P4P/3NBPP1/RRQ3K1 w - - 8 27,3.0200
2k4r/pbp2p2/1R1r2p1/2n1p2p/2P1P3/2P4P/3NBPP1/R1Q3K1 b - - 0 27,3.3500
2k4r/pbp2p2/1R4p1/2n1p2p/2P1P3/2P4P/3rBPP1/R1Q3K1 w - - 0 28,5.1500
2k4r/pbp2p2/6p1/1Rn1p2p/2P1P3/2P4P/3rBPP1/R1Q3K1 b - - 1 28,4.2100
2kr4/pbp2p2/6p1/1Rn1p2p/2P1P3/2P4P/3rBPP1/R1Q3K1 w - - 2 29,4.3300
2kr4/pbp2p2/6p1/1Rn1p2p/2P1P3/2P4P/3rBPPK/R1Q5 b - - 3 29,2.7400
2kr4/pbp2p2/6p1/1R2p2p/2P1n3/2P4P/3rBPPK/R1Q5 w - - 0 30,4.6500
2kr4/Rbp2p2/6p1/1R2p2p/2P1n3/2P4P/3rBPPK/2Q5 b - - 0 30,5.1700
2kr4/R1p2p2/2b3p1/1R2p2p/2P1n3/2P4P/3rBPPK/2Q5 w - - 1 31,5.5900
2kr4/R1p2p2/2b3p1/1R2p2p/2P1n3/Q1P4P/3rBPPK/8 b - - 2 31,5.3500
rnbqkbnr/pp1p1ppp/2p5/4p3/2BPP3/8/PPP2PPP/RNBQK1NR b KQkq - 0 3,0.7100
rnbqkbnr/pp3ppp/2p5/3pp3/2BPP3/8/PPP2PPP/RNBQK1NR w KQkq - 0 4,0.6400
rnbqkbnr/pp3ppp/2p5/3Pp3/2BP4/8/PPP2PPP/RNBQK1NR b KQkq - 0 4,0.5400
rnbqkbnr/pp3ppp/2p5/3P4/2Bp4/8/PPP2PPP/RNBQK1NR w KQkq - 0 5,1.0500
rnbqkbnr/pp3ppp/2p5/3P4/2Bp4/8/PPP1NPPP/RNBQK2R b KQkq - 1 5,0.3400
rnbqkbnr/pp3ppp/8/3p4/2Bp4/8/PPP1NPPP/RNBQK2R w KQkq - 0 6,0.1400
rnbqkbnr/pp3ppp/8/3p4/3p4/1B6/PPP1NPPP/RNBQK2R b KQkq - 1 6,0.1100
rnbqk1nr/pp3ppp/8/2bp4/3p4/1B6/PPP1NPPP/RNBQK2R w KQkq - 2 7,0.1500
rnbqk1nr/pp3ppp/8/2bp4/3N4/1B6/PPP2PPP/RNBQK2R b KQkq - 0 7,0.0700
rnb1k1nr/pp3ppp/5q2/2bp4/3N4/1B6/PPP2PPP/RNBQK2R w KQkq - 1 8,0.5900
rnb1k1nr/pp3ppp/5q2/2bp4/8/1B3N2/PPP2PPP/RNBQK2R b KQkq - 2 8,0.4700
r1b1k1nr/pp3ppp/2n2q2/2bp4/8/1B3N2/PPP2PPP/RNBQK2R w KQkq - 3 9,1.3200
rnbqkb1r/pppp1ppp/4pn2/8/3P4/4PN2/PPP2PPP/RNBQKB1R b KQkq - 0 3,0.0600
rnbqkb1r/p1pp1ppp/1p2pn2/8/3P4/4PN2/PPP2PPP/RNBQKB1R w KQkq - 0 4,0.2400
rnbqkb1r/p1pp1ppp/1p2pn2/8/2PP4/4PN2/PP3PPP/RNBQKB1R b KQkq - 0 4,0.2100
rnbqk2r/p1pp1ppp/1p2pn2/8/1bPP4/4PN2/PP3PPP/RNBQKB1R w KQkq - 1 5,0.4400
rnbqk2r/p1pp1ppp/1p2pn2/8/1bPP4/4PN2/PP1N1PPP/R1BQKB1R b KQkq - 2 5,0.4400
rn1qk2r/pbpp1ppp/1p2pn2/8/1bPP4/4PN2/PP1N1PPP/R1BQKB1R w KQkq - 3 6,0.4600
rn1qk2r/pbpp1ppp/1p2pn2/8/1bPP4/3BPN2/PP1N1PPP/R1BQK2R b KQkq - 4 6,0.4700
rn1qk2r/pbpp1ppp/1p2pn2/8/2PP4/3BPN2/PP1b1PPP/R1BQK2R w KQkq - 0 7,0.5600
rn1qk2r/pbpp1ppp/1p2pn2/8/2PP4/3BPN2/PP1Q1PPP/R1B1K2R b KQkq - 0 7,0.5900
rn1qk2r/pbp2ppp/1p1ppn2/8/2PP4/3BPN2/PP1Q1PPP/R1B1K2R w KQkq - 0 8,0.6600
rn1qk2r/pbp2ppp/1p1ppn2/8/2PP4/4PN2/PPBQ1PPP/R1B1K2R b KQkq - 1 8,0.5600
r2qk2r/pbpn1ppp/1p1ppn2/8/2PP4/4PN2/PPBQ1PPP/R1B1K2R w KQkq - 2 9,0.4800
r2qk2r/pbpn1ppp/1p1ppn2/8/2PP4/4PN2/PPBQ1PPP/R1B2RK1 b kq - 3 9,0.4700
r2qk2r/pbpn1ppp/1p1pp3/8/2PPn3/4PN2/PPBQ1PPP/R1B2RK1 w kq - 4 10,0.6300
r2qk2r/pbpn1ppp/1p1pp3/8/2PPn3/4PN2/PPB2PPP/R1BQ1RK1 b kq - 5 10,0.4600
r2qk2r/pbpn1ppp/1p2p3/3p4/2PPn3/4PN2/PPB2PPP/R1BQ1RK1 w kq - 0 11,0.5600
r2qk2r/pbpn1ppp/1p2p3/3P4/3Pn3/4PN2/PPB2PPP/R1BQ1RK1 b kq - 0 11,0.5900
r2qk2r/p1pn1ppp/1p2p3/3b4/3Pn3/4PN2/PPB2PPP/R1BQ1RK1 w kq - 0 12,1.1400
r2qk2r/p1pn1ppp/1p2p3/3b4/3Pn3/4P3/PPBN1PPP/R1BQ1RK1 b kq - 1 12,0.8800
r2qk2r/p1pn1ppp/1p2p3/3b4/3P4/4P3/PPBn1PPP/R1BQ1RK1 w kq - 0 13,0.9400
r2qk2r/p1pn1ppp/1p2p3/3b4/3P4/4P3/PPBB1PPP/R2Q1RK1 b kq - 0 13,0.9300
r3k2r/p1pnqppp/1p2p3/3b4/3P4/4P3/PPBB1PPP/R2Q1RK1 w kq - 1 14,1.1300
r3k2r/p1pnqppp/1p2p3/3b4/3PP3/8/PPBB1PPP/R2Q1RK1 b kq - 0 14,1.3500
r3k2r/p1pnqppp/1p2p3/8/2bPP3/8/PPBB1PPP/R2Q1RK1 w kq - 1 15,1.7400
r3k2r/p1pnqppp/1p2p3/8/2bPP1Q1/8/PPBB1PPP/R4RK1 b kq - 2 15,0.1800
r3k2r/p1pnqppp/1p2p3/8/3PP1Q1/8/PPBB1PPP/R4bK1 w kq - 0 16,0.3400
r1bqkb1r/pppppppp/2n2n2/8/2P5/P3P3/1P1P1PPP/RNBQKBNR b KQkq - 0 3,0.1100
r1bqkb1r/pppp1ppp/2n2n2/4p3/2P5/P3P3/1P1P1PPP/RNBQKBNR w KQkq - 0 4,0.0200
r1bqkb1r/pppp1ppp/2n2n2/4p3/2P5/P1N1P3/1P1P1PPP/R1BQKBNR b KQkq - 1 4,-0.2200
r1bqkb1r/1ppp1ppp/p1n2n2/4p3/2P5/P1N1P3/1P1P1PPP/R1BQKBNR w KQkq - 0 5,0.2200
r1bqkb1r/1ppp1ppp/p1n2n2/4p3/2PP4/P1N1P3/1P3PPP/R1BQKBNR b KQkq - 0 5,0.0800
r1bqkb1r/1pp2ppp/p1np1n2/4p3/2PP4/P1N1P3/1P3PPP/R1BQKBNR w KQkq - 0 6,0.6800
r1bqkb1r/1pp2ppp/p1np1n2/4p3/1PPP4/P1N1P3/5PPP/R1BQKBNR b KQkq - 0 6,0.0200
r1bqkb1r/1pp2ppp/p1np1n2/8/1PPp4/P1N1P3/5PPP/R1BQKBNR w KQkq - 0 7,0.0400
r1bqkb1r/1pp2ppp/p1np1n2/8/NPPp4/P3P3/5PPP/R1BQKBNR b KQkq - 1 7,-1.4200
r1bqkb1r/1pp2p1p/p1np1np1/8/NPPp4/P3P3/5PPP/R1BQKBNR w KQkq - 0 8,-1.1000
r1bqkb1r/1pp2p1p/p1np1np1/8/NPPp4/P3P3/4BPPP/R1BQK1NR b KQkq - 1 8,-1.3600
r1bqk2r/1pp2pbp/p1np1np1/8/NPPp4/P3P3/4BPPP/R1BQK1NR w KQkq - 2 9,-1.1000
r1bqk2r/1pp2pbp/p1np1np1/8/NPPp4/P3P2P/4BPP1/R1BQK1NR b KQkq - 0 9,-2.0200
r1bqk2r/1pp2pbp/p1np2p1/8/NPPpn3/P3P2P/4BPP1/R1BQK1NR w KQkq - 1 10,-2.3800
r1bqk2r/1pp2pbp/p1np2p1/8/NPPpn3/P3P2P/R3BPP1/2BQK1NR b Kkq - 2 10,-2.2100
r2qk2r/1pp2pbp/p1npb1p1/8/NPPpn3/P3P2P/R3BPP1/2BQK1NR w Kkq - 3 11,-2.0300
r2qk2r/1pp2pbp/p1npb1p1/8/NPPpn3/P2BP2P/R4PP1/2BQK1NR b Kkq - 4 11,-2.0400
r2qk2r/1pp2pbp/p1npb1p1/8/NPPp4/P1nBP2P/R4PP1/2BQK1NR w Kkq - 5 12,-2.1800
r2qk2r/1pp2pbp/p1npb1p1/8/1PPp4/P1NBP2P/R4PP1/2BQK1NR b Kkq - 0 12,-2.3600
r3k2r/1pp2pbp/p1npb1p1/6q1/1PPp4/P1NBP2P/R4PP1/2BQK1NR w Kkq - 1 13,2.1600
r3k2r/1pp2pbp/p1npb1p1/6q1/1PPpN3/P2BP2P/R4PP1/2BQK1NR b Kkq - 2 13,1.6100
r2qk2r/1pp2pbp/p1npb1p1/8/1PPpN3/P2BP2P/R4PP1/2BQK1NR w Kkq - 3 14,3.7700
rnbqk1nr/ppppbppp/8/4p3/4P3/5N2/PPPPQPPP/RNB1KB1R b KQkq - 3 3,-0.4700
rnbqk1nr/pppp1ppp/5b2/4p3/4P3/5N2/PPPPQPPP/RNB1KB1R w KQkq - 4 4,0.6100
rnbqk1nr/pppp1ppp/5b2/4p3/4P3/2N2N2/PPPPQPPP/R1B1KB1R b KQkq - 5 4,0.3700
r1bqk1nr/pppp1ppp/2n2b2/4p3/4P3/2N2N2/PPPPQPPP/R1B1KB1R w KQkq - 6 5,0.5500
r1bqk1nr/pppp1ppp/2n2b2/3Np3/4P3/5N2/PPPPQPPP/R1B1KB1R b KQkq - 7 5,0.5300
r1bqk1nr/ppp2ppp/2np1b2/3Np3/4P3/5N2/PPPPQPPP/R1B1KB1R w KQkq - 0 6,0.5000
r1bqk1nr/ppp2ppp/2np1b2/3Np3/4P3/5N2/PPPP1PPP/R1BQKB1R b KQkq - 1 6,-0.0500
r1bqk1nr/ppp1nppp/3p1b2/3Np3/4P3/5N2/PPPP1PPP/R1BQKB1R w KQkq - 2 7,-0.1500
r1bqk1nr/ppp1nppp/3p1b2/4p3/4P3/2N2N2/PPPP1PPP/R1BQKB1R b KQkq - 3 7,-0.1300
r1bqk1nr/ppp1nppp/5b2/3pp3/4P3/2N2N2/PPPP1PPP/R1BQKB1R w KQkq - 0 8,-0.0500
r1bqk1nr/ppp1nppp/5b2/3Pp3/8/2N2N2/PPPP1PPP/R1BQKB1R b KQkq - 0 8,-0.1300
r1bqk1nr/ppp2ppp/5b2/3np3/8/2N2N2/PPPP1PPP/R1BQKB1R w KQkq - 0 9,-0.2000
r1bqk1nr/ppp2ppp/5b2/3np3/2B5/2N2N2/PPPP1PPP/R1BQK2R b KQkq - 1 9,-0.1900
r1bqk1nr/ppp2ppp/1n3b2/4p3/2B5/2N2N2/PPPP1PPP/R1BQK2R w KQkq - 2 10,0.1700
r1bqk1nr/ppp2ppp/1n3b2/4p3/2B5/2NP1N2/PPP2PPP/R1BQK2R b KQkq - 0 10,-1.2100
r1bqk1nr/ppp2ppp/5b2/4p3/2n5/2NP1N2/PPP2PPP/R1BQK2R w KQkq - 0 11,-1.2000
r1bqk1nr/ppp2ppp/5b2/4p3/2P5/2N2N2/PPP2PPP/R1BQK2R b KQkq - 0 11,-1.0500
r2qk1nr/ppp2ppp/5b2/4p3/2P3b1/2N2N2/PPP2PPP/R1BQK2R w KQkq - 1 12,0.6000
r2qk1nr/ppp2ppp/5b2/4p3/2P3b1/2N2N2/PPP2PPP/R1BQ1RK1 b kq - 2 12,-0.3900
r3k1nr/pppq1ppp/5b2/4p3/2P3b1/2N2N2/PPP2PPP/R1BQ1RK1 w kq - 3 13,0.2600
r3k1nr/pppq1ppp/5b2/4p3/2P3b1/2N2N2/PPP1QPPP/R1B2RK1 b kq - 4 13,-0.2500
r3k1nr/ppp2ppp/5b2/4pq2/2P3b1/2N2N2/PPP1QPPP/R1B2RK1 w kq - 5 14,-0.2000
r3k1nr/ppp2ppp/5b2/4pq2/2P1N1b1/5N2/PPP1QPPP/R1B2RK1 b kq - 6 14,-0.8900
2kr2nr/ppp2ppp/5b2/4pq2/2P1N1b1/5N2/PPP1QPPP/R1B2RK1 w - - 7 15,-1.0900
r1bqkbnr/pppp1ppp/2n5/4p3/4P3/P1N5/1PPP1PPP/R1BQKBNR b KQkq - 0 3,-0.4500
r1bqkb1r/ppppnppp/2n5/4p3/4P3/P1N5/1PPP1PPP/R1BQKBNR w KQkq - 1 4,0.6100
r1bqkb1r/ppppnppp/2n5/4p3/4P3/P1NB4/1PPP1PPP/R1BQK1NR b KQkq - 2 4,-0.6300
r1bqkb1r/pppp1ppp/2n3n1/4p3/4P3/P1NB4/1PPP1PPP/R1BQK1NR w KQkq - 3 5,0.1400
r1bqkb1r/pppp1ppp/2n3n1/4p3/4P3/P1NB2P1/1PPP1P1P/R1BQK1NR b KQkq - 0 5,-0.3000
r1bqkb1r/ppp2ppp/2n3n1/3pp3/4P3/P1NB2P1/1PPP1P1P/R1BQK1NR w KQkq - 0 6,0.8300
r1bqkb1r/ppp2ppp/2n3n1/3Np3/4P3/P2B2P1/1PPP1P1P/R1BQK1NR b KQkq - 0 6,0.9700
r1bqkb1r/ppp1nppp/2n5/3Np3/4P3/P2B2P1/1PPP1P1P/R1BQK1NR w KQkq - 1 7,1.4500
r1bqkb1r/ppp1nppp/2n5/3Np3/2B1P3/P5P1/1PPP1P1P/R1BQK1NR b KQkq - 2 7,0.8600
r1bqkb1r/ppp2ppp/2n5/3np3/2B1P3/P5P1/1PPP1P1P/R1BQK1NR w KQkq - 0 8,0.8800
r1bqkb1r/ppp2ppp/2n5/3Pp3/2B5/P5P1/1PPP1P1P/R1BQK1NR b KQkq - 0 8,0.9300
r1b1kb1r/ppp2ppp/2n2q2/3Pp3/2B5/P5P1/1PPP1P1P/R1BQK1NR w KQkq - 1 9,0.9900
r1b1kb1r/ppp2ppp/2n2q2/3Pp3/2B5/P1P3P1/1P1P1P1P/R1BQK1NR b KQkq - 0 9,0.7900
r3kb1r/pppb1ppp/2n2q2/3Pp3/2B5/P1P3P1/1P1P1P1P/R1BQK1NR w KQkq - 1 10,1.5000
r3kb1r/pppb1ppp/2n2q2/1B1Pp3/8/P1P3P1/1P1P1P1P/R1BQK1NR b KQkq - 2 10,0.7200
2kr1b1r/pppb1ppp/2n2q2/1B1Pp3/8/P1P3P1/1P1P1P1P/R1BQK1NR w KQ - 3 11,2.1100
2kr1b1r/pppb1ppp/2n2q2/1B1Pp3/1P6/P1P3P1/3P1P1P/R1BQK1NR b KQ - 0 11,-0.0600
1nkr1b1r/pppb1ppp/5q2/1B1Pp3/1P6/P1P3P1/3P1P1P/R1BQK1NR w KQ - 1 12,0.4100
1nkr1b1r/pppb1ppp/5q2/3Pp3/1P6/P1P3P1/3P1P1P/R1BQKBNR b KQ - 2 12,-0.0300
1nkr1b1r/pp1b1ppp/2p2q2/3Pp3/1P6/P1P3P1/3P1P1P/R1BQKBNR w KQ - 0 13,0.6700
1nkr1b1r/pp1b1ppp/2p2q2/3Pp3/1P6/P1PP2P1/5P1P/R1BQKBNR b KQ - 0 13,0.3500
1nkr3r/pp1b1ppp/2pb1q2/3Pp3/1P6/P1PP2P1/5P1P/R1BQKBNR w KQ - 1 14,0.6600
1nkr3r/pp1b1ppp/2pb1q2/3Pp3/1P6/P1PP2P1/4NP1P/R1BQKB1R b KQ - 2 14,-0.3700
1nkr3r/pp1b1ppp/2pb4/3Pp3/1P6/P1PP1qP1/4NP1P/R1BQKB1R w KQ - 3 15,-0.3700
1nkr3r/pp1b1ppp/2pb4/1P1Pp3/8/P1PP1qP1/4NP1P/R1BQKB1R b KQ - 0 15,-3.4200
1nkr3r/pp1b1ppp/2p5/1PbPp3/8/P1PP1qP1/4NP1P/R1BQKB1R w KQ - 1 16,-3.1400
1nkr3r/pp1b1ppp/2p5/1PbPp3/8/P1PPBqP1/4NP1P/R2QKB1R b KQ - 2 16,-3.5200
1nkr3r/pp1b1ppp/2p5/1PbPp3/8/P1PPB1P1/4NP1P/R2QKB1q w Q - 0 17,-2.5800
1nkr3r/pp1b1ppp/2P5/2bPp3/8/P1PPB1P1/4NP1P/R2QKB1q b Q - 0 17,-2.9700
2kr3r/pp1b1ppp/2n5/2bPp3/8/P1PPB1P1/4NP1P/R2QKB1q w Q - 0 18,-2.7700
2kr3r/pp1b1ppp/2n5/2bPp3/8/PQPPB1P1/4NP1P/R3KB1q b Q - 1 18,-4.4900
2kr3r/pp3ppp/2n5/2bPp3/8/PQPPB1Pb/4NP1P/R3KB1q w Q - 2 19,-2.9300
2kr3r/pp3ppp/2P5/2b1p3/8/PQPPB1Pb/4NP1P/R3KB1q b Q - 0 19,-2.9100
2kr3r/p4ppp/1pP5/2b1p3/8/PQPPB1Pb/4NP1P/R3KB1q w Q - 0 20,-1.2400
2kr3r/p4Qpp/1pP5/2b1p3/8/P1PPB1Pb/4NP1P/R3KB1q b Q - 0 20,0.8000
2kr3r/p4Qpp/1pP5/2b1p3/8/P1PPB1Pb/4NP1P/R3Kq2 w Q - 0 21,1.1200
2kr3r/p4Qpp/1pP5/2b1p3/8/P1PPB1Pb/3KNP1P/R4q2 b - - 1 21,1.3000
2kr3r/p4Qpp/1pP5/4p3/8/P1PPb1Pb/3KNP1P/R4q2 w - - 0 22,1.7900
2kr3r/p4Qpp/1pP5/4p3/8/P1PPP1Pb/3KN2P/R4q2 b - - 0 22,-8.7800
2k4r/p4Qpp/1pP5/4p3/8/P1PrP1Pb/3KN2P/R4q2 w - - 0 23,-7.9800
2k4r/p4Qpp/1pP5/4p3/8/P1PKP1Pb/4N2P/R4q2 b - - 0 23,-7.5200
2k4r/p4qpp/1pP5/4p3/8/P1PKP1Pb/4N2P/R7 w - - 0 24,-7.9300
2k4r/p1P2qpp/1p6/4p3/8/P1PKP1Pb/4N2P/R7 b - - 0 24,-8.0500
2k4r/p1P3pp/1p6/3qp3/8/P1PKP1Pb/4N2P/R7 w - - 1 25,-8.0800
2k4r/p1P3pp/1p6/3qp3/8/P1P1P1Pb/2K1N2P/R7 b - - 2 25,-7.8400
7r/p1k3pp/1p6/3qp3/8/P1P1P1Pb/2K1N2P/R7 w - - 0 26,-7.6900
7r/p1k3pp/1p6/3qp3/2P5/P3P1Pb/2K1N2P/R7 b - - 0 26,-8.3200
7r/p1k3pp/1p6/4p3/2q5/P3P1Pb/2K1N2P/R7 w - - 0 27,-7.2900
7r/p1k3pp/1p6/4p3/2q5/P3P1Pb/4N2P/R2K4 b - - 1 27,-8.3300
7r/p1k3pp/1p6/4p3/8/P2qP1Pb/4N2P/R2K4 w - - 2 28,-9.1500
7r/p1k3pp/1p6/4p3/8/P2qP1Pb/4N2P/R1K5 b - - 3 28,-9.3300
7r/p1k3pp/1p6/4p3/2q5/P3P1Pb/4N2P/R1K5 w - - 4 29,-8.7900
7r/p1k3pp/1p6/4p3/2q5/P3P1Pb/4N2P/R2K4 b - - 5 29,-8.9700
7r/p1k3pp/1p6/4p3/8/P2qP1Pb/4N2P/R2K4 w - - 6 30,-8.9100
7r/p1k3pp/1p6/4p3/8/P2qP1Pb/4N2P/R1K5 b - - 7 30,-10.0400
7r/p1k3pp/1p6/8/4p3/P2qP1Pb/4N2P/R1K5 w - - 0 31,-8.3600
7r/p1k3pp/1p6/8/4p3/P2qP1Pb/R3N2P/2K5 b - - 1 31,-8.4100
7r/p1k3pp/1p6/8/4p3/P3q1Pb/R3N2P/2K5 w - - 0 32,-8.0900
7r/p1k3pp/1p6/8/4p3/P3q1Pb/3RN2P/2K5 b - - 1 32,-9.6800
r1bqkbnr/pppp1ppp/2n5/4P3/4P3/8/PPP2PPP/RNBQKBNR b KQkq - 0 3,0.7000
r1bqkbnr/pppp1ppp/8/4n3/4P3/8/PPP2PPP/RNBQKBNR w KQkq - 0 4,0.7000
r1bqkbnr/pppp1ppp/8/4n3/4P3/2N5/PPP2PPP/R1BQKBNR b KQkq - 1 4,0.6200
r1bqk1nr/pppp1ppp/8/2b1n3/4P3/2N5/PPP2PPP/R1BQKBNR w KQkq - 2 5,0.6000
r1bqk1nr/pppp1ppp/8/2b1n3/4P3/2N5/PPP1BPPP/R1BQK1NR b KQkq - 3 5,0.4300
r1bqk1nr/1ppp1ppp/p7/2b1n3/4P3/2N5/PPP1BPPP/R1BQK1NR w KQkq - 0 6,0.4300
r1bqk1nr/1ppp1ppp/p7/2b1n3/4P3/2N4P/PPP1BPP1/R1BQK1NR b KQkq - 0 6,-0.0200
r1bqk1nr/1pp2ppp/p2p4/2b1n3/4P3/2N4P/PPP1BPP1/R1BQK1NR w KQkq - 0 7,0.0300
r1bqk1nr/1pp2ppp/p2p4/2b1n3/4P3/P1N4P/1PP1BPP1/R1BQK1NR b KQkq - 0 7,-0.2400
r1bqk1nr/1pp2pp1/p2p3p/2b1n3/4P3/P1N4P/1PP1BPP1/R1BQK1NR w KQkq - 0 8,0.0400
r1bqk1nr/1pp2pp1/p2p3p/2b1n3/1P2P3/P1N4P/2P1BPP1/R1BQK1NR b KQkq - 0 8,-0.0800
r1bqk1nr/1pp2pp1/pb1p3p/4n3/1P2P3/P1N4P/2P1BPP1/R1BQK1NR w KQkq - 1 9,0.1200
r1bqk1nr/1pp2pp1/pb1p3p/4n3/1P2P3/P1N4P/2PQBPP1/R1B1K1NR b KQkq - 2 9,-0.1000
r1bqk1nr/1pp3p1/pb1p3p/4np2/1P2P3/P1N4P/2PQBPP1/R1B1K1NR w KQkq - 0 10,0.5000
r1bqk1nr/1pp3p1/pb1p3p/4np2/1P2P3/P1N4P/1BPQBPP1/R3K1NR b KQkq - 1 10,0.8500
r1b1k1nr/1pp3p1/pb1p3p/4npq1/1P2P3/P1N4P/1BPQBPP1/R3K1NR w KQkq - 2 11,0.8700
r1b1k1nr/1pp3p1/pb1p3p/4npq1/1P2PP2/P1N4P/1BPQB1P1/R3K1NR b KQkq - 0 11,-0.8300
rnbqkb1r/ppp1pppp/5n2/3p4/3P4/4PN2/PPP2PPP/RNBQKB1R b KQkq - 0 3,0.1200
rn1qkb1r/ppp1pppp/5n2/3p4/3P2b1/4PN2/PPP2PPP/RNBQKB1R w KQkq - 1 4,0.5400
rn1qkb1r/ppp1pppp/5n2/3p4/2PP2b1/4PN2/PP3PPP/RNBQKB1R b KQkq - 0 4,0.4300
rn1qkb1r/pp2pppp/2p2n2/3p4/2PP2b1/4PN2/PP3PPP/RNBQKB1R w KQkq - 0 5,0.4100
rn1qkb1r/pp2pppp/2p2n2/3p4/2PP2b1/1Q2PN2/PP3PPP/RNB1KB1R b KQkq - 1 5,0.3500
rn2kb1r/pp2pppp/2p2n2/q2p4/2PP2b1/1Q2PN2/PP3PPP/RNB1KB1R w KQkq - 2 6,0.9800
rn2kb1r/pp2pppp/2p2n2/q2p4/2PP2b1/1Q2PN2/PP1B1PPP/RN2KB1R b KQkq - 3 6,0.6900
rn2kb1r/pp2pppp/1qp2n2/3p4/2PP2b1/1Q2PN2/PP1B1PPP/RN2KB1R w KQkq - 4 7,0.6600
rn2kb1r/pp2pppp/1qp2n2/3P4/3P2b1/1Q2PN2/PP1B1PPP/RN2KB1R b KQkq - 0 7,0.5700
rn2kb1r/pp2pppp/2p2n2/3P4/3P2b1/1q2PN2/PP1B1PPP/RN2KB1R w KQkq - 0 8,0.5400
rn2kb1r/pp2pppp/2P2n2/8/3P2b1/1q2PN2/PP1B1PPP/RN2KB1R b KQkq - 0 8,-4.5600
rn2kb1r/pp2pppp/2P2n2/8/3P2b1/4PN2/Pq1B1PPP/RN2KB1R w KQkq - 0 9,-5.2500
rn2kb1r/pp2pppp/2P2n2/8/2BP2b1/4PN2/Pq1B1PPP/RN2K2R b KQkq - 1 9,-6.2000
rn2kb1r/pp2pppp/2P2n2/8/2BP4/4Pb2/Pq1B1PPP/RN2K2R w KQkq - 0 10,-6.1400
rn2kb1r/ppP1pppp/5n2/8/2BP4/4Pb2/Pq1B1PPP/RN2K2R b KQkq - 0 10,-5.9500
r3kb1r/ppP1pppp/n4n2/8/2BP4/4Pb2/Pq1B1PPP/RN2K2R w KQkq - 1 11,-5.6400
r3kb1r/ppP1pppp/n4n2/8/2BP4/4Pb2/Pq1B1PPP/RN3RK1 b kq - 2 11,-5.5900
r3kb1r/ppP1pppp/n1b2n2/8/2BP4/4P3/Pq1B1PPP/RN3RK1 w kq - 3 12,-5.2800
r3kb1r/ppP1pppp/n1b2n2/8/2BP4/2B1P3/Pq3PPP/RN3RK1 b kq - 4 12,-7.2100
r3kb1r/ppP1pppp/nqb2n2/8/2BP4/2B1P3/P4PPP/RN3RK1 w kq - 5 13,-7.2900
r3kb1r/ppP1pppp/nqb2n2/3P4/2B5/2B1P3/P4PPP/RN3RK1 b kq - 0 13,-7.1300
r3kb1r/ppn1pppp/1qb2n2/3P4/2B5/2B1P3/P4PPP/RN3RK1 w kq - 0 14,-6.3000
r3kb1r/ppn1pppp/1qP2n2/8/2B5/2B1P3/P4PPP/RN3RK1 b kq - 0 14,-7.2300
r3kb1r/ppn1pppp/2q2n2/8/2B5/2B1P3/P4PPP/RN3RK1 w kq - 0 15,-6.6200
r3kb1r/ppn1pppp/2q2n2/4B3/2B5/4P3/P4PPP/RN3RK1 b kq - 1 15,-7.1800
r3kb1r/1pn1pppp/p1q2n2/4B3/2B5/4P3/P4PPP/RN3RK1 w kq - 0 16,-6.3600
r3kb1r/1pn1pppp/p1q2n2/4B3/2B5/4P3/P4PPP/RN1R2K1 b kq - 1 16,-6.7400
r3kb1r/1pn1pppp/p4n2/4B3/2q5/4P3/P4PPP/RN1R2K1 w kq - 0 17,-6.8300
r3kb1r/1pn1pppp/p4n2/4B3/P1q5/4P3/5PPP/RN1R2K1 b kq - 0 17,-7.6000
r3kb1r/1pn1pppp/p4n2/4B3/P5q1/4P3/5PPP/RN1R2K1 w kq - 1 18,-7.4600
r3kb1r/1pn1pppp/p4n2/4B3/P5q1/2N1P3/5PPP/R2R2K1 b kq - 2 18,-7.3500
rnbqkb1r/ppp1pppp/5n2/3p4/3P1B2/5N2/PPP1PPPP/RN1QKB1R b KQkq - 3 3,0.2200
rnbqkb1r/ppp1pppp/8/3p3n/3P1B2/5N2/PPP1PPPP/RN1QKB1R w KQkq - 4 4,0.4600
rnbqkb1r/ppp1pppp/8/3p3n/3P4/5N2/PPP1PPPP/RNBQKB1R b KQkq - 5 4,0.1600
rnbqkb1r/ppp2ppp/4p3/3p3n/3P4/5N2/PPP1PPPP/RNBQKB1R w KQkq - 0 5,0.2800
rnbqkb1r/ppp2ppp/4p3/3p2Bn/3P4/5N2/PPP1PPPP/RN1QKB1R b KQkq - 1 5,0.1000
rnbqk2r/ppp1bppp/4p3/3p2Bn/3P4/5N2/PPP1PPPP/RN1QKB1R w KQkq - 2 6,0.1500
rnbqk2r/ppp1Bppp/4p3/3p3n/3P4/5N2/PPP1PPPP/RN1QKB1R b KQkq - 0 6,0.1200
rnb1k2r/ppp1qppp/4p3/3p3n/3P4/5N2/PPP1PPPP/RN1QKB1R w KQkq - 0 7,0.1300
rnb1k2r/ppp1qppp/4p3/3p3n/3P4/5N2/PPPNPPPP/R2QKB1R b KQkq - 1 7,-0.0500
rnb2rk1/ppp1qppp/4p3/3p3n/3P4/5N2/PPPNPPPP/R2QKB1R w KQ - 2 8,-0.0800
rnb2rk1/ppp1qppp/4p3/3p3n/3PP3/5N2/PPPN1PPP/R2QKB1R b KQ - 0 8,-0.3100
rnb2rk1/ppp2ppp/4p3/3p3n/1q1PP3/5N2/PPPN1PPP/R2QKB1R w KQ - 1 9,0.1900
rnb2rk1/ppp2ppp/4p3/3pP2n/1q1P4/5N2/PPPN1PPP/R2QKB1R b KQ - 0 9,-0.1500
rnb2rk1/ppp2ppp/4p3/3pP3/1q1P1n2/5N2/PPPN1PPP/R2QKB1R w KQ - 1 10,0.9600
rnb2rk1/ppp2ppp/4p3/3pP3/1q1P1n2/5N2/PPPN1PPP/RQ2KB1R b KQ - 2 10,0.8200
rnb2rk1/ppp3pp/4pp2/3pP3/1q1P1n2/5N2/PPPN1PPP/RQ2KB1R w KQ - 0 11,1.0800
rnb2rk1/ppp3pp/4pp2/3pP3/1q1P1n2/5NP1/PPPN1P1P/RQ2KB1R b KQ - 0 11,1.1200
rnb2rk1/ppp3pp/4p3/3pp3/1q1P1n2/5NP1/PPPN1P1P/RQ2KB1R w KQ - 0 12,1.5300
rnb2rk1/ppp3pp/4p3/3pp3/1q1P1P2/5N2/PPPN1P1P/RQ2KB1R b KQ - 0 12,0.4100
r1b2rk1/pppn2pp/4p3/3pp3/1q1P1P2/5N2/PPPN1P1P/RQ2KB1R w KQ - 1 13,4.0500
r1b2rk1/pppn2pp/4p3/3pp3/1q1P1P2/2P2N2/PP1N1P1P/RQ2KB1R b KQ - 0 13,4.0200
r1b2rk1/pppn2pp/3qp3/3pp3/3P1P2/2P2N2/PP1N1P1P/RQ2KB1R w KQ - 1 14,4.4000
r1b2rk1/pppn2pp/3qp3/3pP3/5P2/2P2N2/PP1N1P1P/RQ2KB1R b KQ - 0 14,3.6000
r1b2rk1/pppn2pp/4p3/2qpP3/5P2/2P2N2/PP1N1P1P/RQ2KB1R w KQ - 1 15,4.3900
r1b2rk1/pppn2pp/4p3/2qpP3/5P2/2PQ1N2/PP1N1P1P/R3KB1R b KQ - 2 15,3.7200
r1b2rk1/pppn2pp/1q2p3/3pP3/5P2/2PQ1N2/PP1N1P1P/R3KB1R w KQ - 3 16,3.9400
r1b2rk1/pppn2pp/1q2p3/3pP3/5P1P/2PQ1N2/PP1N1P2/R3KB1R b KQ - 0 16,3.2900
r1b2rk1/pppn2pp/4p3/3pP3/5P1P/2PQ1N2/Pq1N1P2/R3KB1R w KQ - 0 17,3.9100
r1b2rk1/pppn2pp/4p3/3pP3/5P1P/2P2N2/Pq1N1P2/RQ2KB1R b KQ - 1 17,3.0400
r1b2rk1/pppn2pp/4p3/3pP3/5P1P/2q2N2/P2N1P2/RQ2KB1R w KQ - 0 18,2.8300
r1b2rk1/pppn2pp/4p3/3pP3/5P1P/2q2N2/P2N1P2/R1Q1KB1R b KQ - 1 18,1.1700
r1b2rk1/pppn2pp/4p3/4P3/3p1P1P/2q2N2/P2N1P2/R1Q1KB1R w KQ - 0 19,1.8500
r1bqkbnr/pppp1ppp/2n5/3Pp3/4P3/8/PPP2PPP/RNBQKBNR b KQkq - 0 3,0.6600
rnbqkbnr/pppp1ppp/8/3Pp3/4P3/8/PPP2PPP/RNBQKBNR w KQkq - 1 4,0.8100
rnbqkbnr/pppp1ppp/8/3Pp3/4PP2/8/PPP3PP/RNBQKBNR b KQkq - 0 4,0.8600
rnbqkbnr/pppp1ppp/8/3P4/4Pp2/8/PPP3PP/RNBQKBNR w KQkq - 0 5,0.9500
rnbqkbnr/pppp1ppp/8/3P4/4PB2/8/PPP3PP/RN1QKBNR b KQkq - 0 5,0.7400
rnbqk1nr/pppp1ppp/8/2bP4/4PB2/8/PPP3PP/RN1QKBNR w KQkq - 1 6,0.7400
rnbqk1nr/pppp1ppp/8/2bP4/4PB2/2N5/PPP3PP/R2QKBNR b KQkq - 2 6,0.6400
rnb1k1nr/ppppqppp/8/2bP4/4PB2/2N5/PPP3PP/R2QKBNR w KQkq - 3 7,1.0500
rnb1k1nr/ppppqppp/8/2bP4/4PB2/2N2N2/PPP3PP/R2QKB1R b KQkq - 4 7,0.6200
rnb1k1nr/ppp1qppp/3p4/2bP4/4PB2/2N2N2/PPP3PP/R2QKB1R w KQkq - 0 8,0.9000
rnb1k1nr/ppp1qppp/3p4/2bP4/4PB2/2NQ1N2/PPP3PP/R3KB1R b KQkq - 1 8,0.4800
rn2k1nr/ppp1qppp/3p4/2bP4/4PBb1/2NQ1N2/PPP3PP/R3KB1R w KQkq - 2 9,0.9800
rn2k1nr/ppp1qppp/3p4/2bP4/N3PBb1/3Q1N2/PPP3PP/R3KB1R b KQkq - 3 9,0.9700
r3k1nr/pppnqppp/3p4/2bP4/N3PBb1/3Q1N2/PPP3PP/R3KB1R w KQkq - 4 10,1.1100
r3k1nr/pppnqppp/3p4/2bP4/N3PBb1/3Q1N2/PPP3PP/2KR1B1R b kq - 5 10,1.3200
r3k1nr/pppnqppp/3p4/2bP3b/N3PB2/3Q1N2/PPP3PP/2KR1B1R w kq - 6 11,1.9600
r3k1nr/pppnqppp/3p4/2bP3b/N1Q1PB2/5N2/PPP3PP/2KR1B1R b kq - 7 11,1.1600
r3k1nr/pppnqppp/3p4/2bP4/N1Q1PB2/5b2/PPP3PP/2KR1B1R w kq - 0 12,1.6800
r3k1nr/pppnqppp/3p4/2bP4/N1Q1PB2/5b2/PPP3PP/2K1RB1R b kq - 1 12,-2.0300
r3k1nr/pppnqppp/3p4/2bP4/N1Q1PBb1/8/PPP3PP/2K1RB1R w kq - 2 13,-0.6600
r3k1nr/pppnqppp/3p4/2bP4/N3PBb1/2Q5/PPP3PP/2K1RB1R b kq - 3 13,-2.4200
r3k1nr/pppnqppp/3p4/3P4/N3PBb1/2Q5/PPP2bPP/2K1RB1R w kq - 4 14,-2.2300
r3k1nr/pppnqppp/3p4/3P4/N3PBb1/2Q4P/PPP2bP1/2K1RB1R b kq - 0 14,-2.5400
r3k1nr/pppn1ppp/3p1q2/3P4/N3PBb1/2Q4P/PPP2bP1/2K1RB1R w kq - 1 15,-3.4500
r3k1nr/pppn1ppp/3p1q2/3P4/N3PBb1/2Q3PP/PPP2b2/2K1RB1R b kq - 0 15,-4.0300
r3k1nr/pppn1ppp/3p1q2/3P4/N3PBb1/2Q3PP/PPP5/2K1bB1R w kq - 0 16,-2.0300
r3k1nr/pppn1ppp/3p1q2/3P4/N3PBb1/Q5PP/PPP5/2K1bB1R b kq - 1 16,-4.0600
r3k1nr/pppn1p1p/3p1q2/3P2p1/N3PBb1/Q5PP/PPP5/2K1bB1R w kq - 0 17,-4.0100
r3k1nr/pppn1p1p/3p1q2/3P2p1/N3P1b1/Q3B1PP/PPP5/2K1bB1R b kq - 1 17,-5.5100
r3k1nr/pppn1p1p/3p4/3P2p1/N3P1b1/Q3BqPP/PPP5/2K1bB1R w kq - 2 18,-5.6400
r3k1nr/pppn1p1p/3p4/3P2p1/NP2P1b1/Q3BqPP/P1P5/2K1bB1R b kq - 0 18,-6.6500
r3k1nr/pppn1p1p/3p4/3P2p1/NP2P1b1/Q3BqPP/P1P2b2/2K2B1R w kq - 1 19,-6.6300
r3k1nr/pppn1p1p/3p4/3P2p1/NP2P1P1/Q3BqP1/P1P2b2/2K2B1R b kq - 0 19,-7.9500
r3k1nr/pppn1p1p/3p4/3P2p1/NP2P1P1/Q3q1P1/P1P2b2/2K2B1R w kq - 0 20,-7.1600
r3k1nr/pppn1p1p/3p4/3P2p1/NP2P1P1/4Q1P1/P1P2b2/2K2B1R b kq - 0 20,-7.2300
r3k1nr/p1pn1p1p/3p4/1p1P2p1/NP2P1P1/4Q1P1/P1P2b2/2K2B1R w kq - 0 21,4.9100
r3k1nr/p1pn1p1p/3p4/1p1P2p1/NP2P1P1/5QP1/P1P2b2/2K2B1R b kq - 1 21,2.5300
r3k1nr/2pn1p1p/p2p4/1p1P2p1/NP2P1P1/5QP1/P1P2b2/2K2B1R w kq - 0 22,2.7500
r3k1nr/2pn1p1p/p2p4/1p1PP1p1/NP4P1/5QP1/P1P2b2/2K2B1R b kq - 0 22,2.3800
rnbqkbnr/pp1ppp1p/2p3p1/8/3PP3/2N5/PPP2PPP/R1BQKBNR b KQkq - 0 3,0.7300
rnbqkbnr/pp2pp1p/2pp2p1/8/3PP3/2N5/PPP2PPP/R1BQKBNR w KQkq - 0 4,0.6700
rnbqkbnr/pp2pp1p/2pp2p1/8/3PP3/2NB4/PPP2PPP/R1BQK1NR b KQkq - 1 4,0.5700
rnbqkbnr/pp3p1p/2pp2p1/4p3/3PP3/2NB4/PPP2PPP/R1BQK1NR w KQkq - 0 5,0.7500
rnbqkbnr/pp3p1p/2pp2p1/4p3/3PP3/2NBB3/PPP2PPP/R2QK1NR b KQkq - 1 5,0.4300
r1bqkbnr/pp1n1p1p/2pp2p1/4p3/3PP3/2NBB3/PPP2PPP/R2QK1NR w KQkq - 2 6,0.5500
r1bqkbnr/pp1n1p1p/2pp2p1/4p3/3PP3/2NBB2P/PPP2PP1/R2QK1NR b KQkq - 0 6,0.6100
r1bqkbnr/pp1n1p1p/2pp2p1/8/3pP3/2NBB2P/PPP2PP1/R2QK1NR w KQkq - 0 7,0.6700
r1bqkbnr/pp1n1p1p/2pp2p1/8/3pP3/2NB3P/PPPB1PP1/R2QK1NR b KQkq - 1 7,-3.7700
r1bqkbnr/pp1n1p1p/2pp2p1/8/4P3/2pB3P/PPPB1PP1/R2QK1NR w KQkq - 0 8,-4.1200
r1bqkbnr/pp1n1p1p/2pp2p1/8/4P3/2BB3P/PPP2PP1/R2QK1NR b KQkq - 0 8,-4.3600
r1bqkbnr/pp3p1p/2pp2p1/4n3/4P3/2BB3P/PPP2PP1/R2QK1NR w KQkq - 1 9,-3.2000
r1bqkbnr/pp3p1p/2pp2p1/4n3/4P3/2BB3P/PPP1NPP1/R2QK2R b KQkq - 2 9,-3.0700
r1bqkb1r/pp3p1p/2pp1np1/4n3/4P3/2BB3P/PPP1NPP1/R2QK2R w KQkq - 3 10,-2.8700
r1bqkb1r/pp3p1p/2pp1np1/4n3/4PP2/2BB3P/PPP1N1P1/R2QK2R b KQkq - 0 10,-3.2900
r1bqkb1r/pp3p1p/2pp1np1/8/4PP2/2Bn3P/PPP1N1P1/R2QK2R w KQkq - 0 11,-2.6600
r1bqkb1r/pp3p1p/2pp1np1/8/4PP2/2BQ3P/PPP1N1P1/R3K2R b KQkq - 0 11,-2.6700
r1bqk2r/pp2bp1p/2pp1np1/8/4PP2/2BQ3P/PPP1N1P1/R3K2R w KQkq - 1 12,-2.1300
r1bqk2r/pp2bp1p/2pp1np1/8/4PP2/2BQ3P/PPP1N1P1/2KR3R b kq - 2 12,-2.2100
r1bqk2r/1p2bp1p/2pp1np1/p7/4PP2/2BQ3P/PPP1N1P1/2KR3R w kq - 0 13,-2.0500
r1bqk2r/1p2bp1p/2pp1np1/p7/4PPP1/2BQ3P/PPP1N3/2KR3R b kq - 0 13,-2.1300
r1bqkr2/1p2bp1p/2pp1np1/p7/4PPP1/2BQ3P/PPP1N3/2KR3R w q - 1 14,-1.7200
r1bqkr2/1p2bp1p/2pp1np1/p7/4PPP1/2BQ3P/PPP1N3/2KRR3 b q - 2 14,-2.0500
r1bqkr2/1p1nbp1p/2pp2p1/p7/4PPP1/2BQ3P/PPP1N3/2KRR3 w q - 3 15,-2.0000
r1bqkr2/1p1nbp1p/2pp2p1/p7/4PPP1/2B1Q2P/PPP1N3/2KRR3 b q - 4 15,-2.1200
r1b1kr2/1pqnbp1p/2pp2p1/p7/4PPP1/2B1Q2P/PPP1N3/2KRR3 w q - 5 16,-1.8300
rnbqkbnr/ppp2ppp/4p3/3P4/3P4/8/PPP2PPP/RNBQKBNR b KQkq - 0 3,0.3200
rnb1kbnr/ppp2ppp/4p3/3q4/3P4/8/PPP2PPP/RNBQKBNR w KQkq - 0 4,0.7600
rnb1kbnr/ppp2ppp/4p3/3q4/2PP4/8/PP3PPP/RNBQKBNR b KQkq - 0 4,0.7000
rnb1kbnr/pppq1ppp/4p3/8/2PP4/8/PP3PPP/RNBQKBNR w KQkq - 1 5,0.8800
rnb1kbnr/pppq1ppp/4p3/8/2PP4/8/PP2BPPP/RNBQK1NR b KQkq - 2 5,0.8000
rnb1kb1r/pppq1ppp/4pn2/8/2PP4/8/PP2BPPP/RNBQK1NR w KQkq - 3 6,0.9000
rnb1kb1r/pppq1ppp/4pn2/8/2PP4/2N5/PP2BPPP/R1BQK1NR b KQkq - 4 6,0.9900
rnb1k2r/pppq1ppp/3bpn2/8/2PP4/2N5/PP2BPPP/R1BQK1NR w KQkq - 5 7,1.1300
rnb1k2r/pppq1ppp/3bpn2/2P5/3P4/2N5/PP2BPPP/R1BQK1NR b KQkq - 0 7,1.1300
rnb1k2r/pppq1ppp/4pn2/2b5/3P4/2N5/PP2BPPP/R1BQK1NR w KQkq - 0 8,4.3500
rnb1k2r/pppq1ppp/4pn2/2b5/3P4/2N2N2/PP2BPPP/R1BQK2R b KQkq - 1 8,-0.3100
rnb1k2r/pppq1ppp/3bpn2/8/3P4/2N2N2/PP2BPPP/R1BQK2R w KQkq - 2 9,-0.3700
rnb1k2r/pppq1ppp/3bpn2/8/3P4/2NB1N2/PP3PPP/R1BQK2R b KQkq - 3 9,-0.4800
rnb2rk1/pppq1ppp/3bpn2/8/3P4/2NB1N2/PP3PPP/R1BQK2R w KQ - 4 10,-0.4000
rnb2rk1/pppq1ppp/3bpn2/8/3P4/2NB1N2/PP2QPPP/R1B1K2R b KQ - 5 10,-0.6000
r1b2rk1/pppq1ppp/2nbpn2/8/3P4/2NB1N2/PP2QPPP/R1B1K2R w KQ - 6 11,-0.6500
r1b2rk1/pppq1ppp/2nbpn2/8/3P4/2NB1N2/PP2QPPP/R1B2RK1 b - - 7 11,-0.7300
r1b2rk1/pppq1pp1/2nbpn1p/8/3P4/2NB1N2/PP2QPPP/R1B2RK1 w - - 0 12,-0.6700
r1b2rk1/pppq1pp1/2nbpn1p/8/3P4/2NB1N2/PP1BQPPP/R4RK1 b - - 1 12,-0.7600
r1b1r1k1/pppq1pp1/2nbpn1p/8/3P4/2NB1N2/PP1BQPPP/R4RK1 w - - 2 13,-0.4500
r1b1r1k1/pppq1pp1/2nbpn1p/8/3P4/2NB1N2/PP1BQPPP/4RRK1 b - - 3 13,-0.7500
r1b1r1k1/1ppq1pp1/2nbpn1p/p7/3P4/2NB1N2/PP1BQPPP/4RRK1 w - - 0 14,-0.5300
r1b1r1k1/1ppq1pp1/2nbpn1p/p7/3PN3/3B1N2/PP1BQPPP/4RRK1 b - - 1 14,-0.5000
r1b1r1k1/1ppq1pp1/2nbp2p/p7/3Pn3/3B1N2/PP1BQPPP/4RRK1 w - - 0 15,-0.3400
r1b1r1k1/1ppq1pp1/2nbp2p/p7/3PQ3/3B1N2/PP1B1PPP/4RRK1 b - - 0 15,-0.3600
r1b1r1k1/1ppq2p1/2nbp2p/p4p2/3PQ3/3B1N2/PP1B1PPP/4RRK1 w - - 0 16,-0.2700
r1b1r1k1/1ppq2p1/2nbp2p/p4p2/3P4/3B1N2/PP1BQPPP/4RRK1 b - - 1 16,-0.3200
r1b1r1k1/1pp2qp1/2nbp2p/p4p2/3P4/3B1N2/PP1BQPPP/4RRK1 w - - 2 17,-0.3300
r1b1r1k1/1pp2qp1/2nbp2p/p4p2/2BP4/5N2/PP1BQPPP/4RRK1 b - - 3 17,-0.2400
r1b1r1k1/1pp1nqp1/3bp2p/p4p2/2BP4/5N2/PP1BQPPP/4RRK1 w - - 4 18,-0.2900
r1b1r1k1/1pp1nqp1/3bB2p/p4p2/3P4/5N2/PP1BQPPP/4RRK1 b - - 0 18,-0.5000
r1b1r1k1/1pp1nqp1/4B2p/p4p2/3P4/5N2/PP1BQPPb/4RRK1 w - - 0 19,4.1600
r1b1r1k1/1pp1nqp1/4B2p/p4p2/3P4/5N2/PP1BQPPb/4RR1K b - - 1 19,-1.8500
r1b1r1k1/1pp1n1p1/4q2p/p4p2/3P4/5N2/PP1BQPPb/4RR1K w - - 0 20,-1.1700
r1b1r1k1/1pp1n1p1/4q2p/p4p2/3P4/5N2/PP1BQPPK/4RR2 b - - 0 20,-0.9400
r1b1r1k1/1pp1n1p1/7p/p4p2/3P4/5N2/PP1BqPPK/4RR2 w - - 0 21,-0.3900
r1b1r1k1/1pp1n1p1/7p/p4p2/3P4/5N2/PP1BqPP1/4RRK1 b - - 1 21,-6.6700
r1b1r1k1/1pp1n1p1/7p/pq3p2/3P4/5N2/PP1B1PP1/4RRK1 w - - 2 22,-5.9800
r1b1r1k1/1pp1n1p1/7p/pq3p2/3P1B2/5N2/PP3PP1/4RRK1 b - - 3 22,-6.7000
r1b1r1k1/1pp1n1p1/7p/p4p2/3P1B2/5N2/Pq3PP1/4RRK1 w - - 0 23,-6.2900
r1b1r1k1/1pp1n1p1/7p/p4p2/P2P1B2/5N2/1q3PP1/4RRK1 b - - 0 23,-6.5300
r1b1r1k1/1pp1n1p1/7p/p4p2/P2P1B2/5N2/q4PP1/4RRK1 w - - 1 24,-6.4600
r1b1r1k1/1pp1n1p1/7p/p4p2/P2P1B2/5NP1/q4P2/4RRK1 b - - 0 24,-7.4100
r1b1r1k1/1pp1n1p1/7p/p2q1p2/P2P1B2/5NP1/5P2/4RRK1 w - - 1 25,-6.5000
r1b1r1k1/1pB1n1p1/7p/p2q1p2/P2P4/5NP1/5P2/4RRK1 b - - 0 25,-6.7800
r1b1r1k1/1pBqn1p1/7p/p4p2/P2P4/5NP1/5P2/4RRK1 w - - 1 26,-6.3900
r1b1r1k1/1pBqn1p1/7p/p2P1p2/P7/5NP1/5P2/4RRK1 b - - 0 26,-7.3900
r1b1r1k1/1pq1n1p1/7p/p2P1p2/P7/5NP1/5P2/4RRK1 w - - 0 27,-7.4000
r1b1r1k1/1pq1n1p1/7p/p2P1p2/P2N4/6P1/5P2/4RRK1 b - - 1 27,-7.6200
r1b1r1k1/1p2n1p1/1q5p/p2P1p2/P2N4/6P1/5P2/4RRK1 w - - 2 28,-6.9300
r1b1r1k1/1p2R1p1/1q5p/p2P1p2/P2N4/6P1/5P2/5RK1 b - - 0 28,-7.2400
r1b1r1k1/1p2R1p1/6qp/p2P1p2/P2N4/6P1/5P2/5RK1 w - - 1 29,-5.2100
r1b1r1k1/1p2R1p1/6qp/p2P1p2/P2N4/6P1/5P2/1R4K1 b - - 2 29,-7.6400
r1b3k1/1p2r1p1/6qp/p2P1p2/P2N4/6P1/5P2/1R4K1 w - - 0 30,-8.2000
r1b3k1/1p2r1p1/6qp/pN1P1p2/P7/6P1/5P2/1R4K1 b - - 1 30,-8.6600
r1b1q1k1/1p2r1p1/7p/pN1P1p2/P7/6P1/5P2/1R4K1 w - - 2 31,-7.4100
r1b1q1k1/1p2r1p1/3N3p/p2P1p2/P7/6P1/5P2/1R4K1 b - - 3 31,-7.4100
r1bq2k1/1p2r1p1/3N3p/p2P1p2/P7/6P1/5P2/1R4K1 w - - 4 32,-7.3100
r1bq2k1/1p2r1p1/3N3p/pR1P1p2/P7/6P1/5P2/6K1 b - - 5 32,-8.4800
rnbqkbnr/pp1p1ppp/4p3/2p5/4P3/5N2/PPPPQPPP/RNB1KB1R b KQkq - 1 3,-0.0800
rnbqkbnr/p2p1ppp/1p2p3/2p5/4P3/5N2/PPPPQPPP/RNB1KB1R w KQkq - 0 4,0.2200
rnbqkbnr/p2p1ppp/1p2p3/2p5/4P3/N4N2/PPPPQPPP/R1B1KB1R b KQkq - 1 4,0.1200
rnbqk1nr/p2pbppp/1p2p3/2p5/4P3/N4N2/PPPPQPPP/R1B1KB1R w KQkq - 2 5,0.0100
rnbqk1nr/p2pbppp/1p2p3/2p5/4P3/N4NP1/PPPPQP1P/R1B1KB1R b KQkq - 0 5,0.1300
rnbqk2r/p2pbppp/1p2pn2/2p5/4P3/N4NP1/PPPPQP1P/R1B1KB1R w KQkq - 1 6,0.3600
rnbqk2r/p2pbppp/1p2pn2/2p5/4P3/N2P1NP1/PPP1QP1P/R1B1KB1R b KQkq - 0 6,0.1700
rnbqkbnr/ppp2ppp/3p4/4p3/2B1P3/2N5/PPPP1PPP/R1BQK1NR b KQkq - 1 3,0.3900
rnbqkbnr/pp3ppp/3p4/2p1p3/2B1P3/2N5/PPPP1PPP/R1BQK1NR w KQkq - 0 4,0.7200
rnbqkbnr/pp3ppp/3p4/2p1p2Q/2B1P3/2N5/PPPP1PPP/R1B1K1NR b KQkq - 1 4,0.3600
rnbqkb1r/pp3ppp/3p3n/2p1p2Q/2B1P3/2N5/PPPP1PPP/R1B1K1NR w KQkq - 2 5,1.5600
rnbqkb1r/pp3ppp/3p3n/2p1p3/2B1P3/2N5/PPPPQPPP/R1B1K1NR b KQkq - 3 5,0.6200
rnbqk2r/pp2bppp/3p3n/2p1p3/2B1P3/2N5/PPPPQPPP/R1B1K1NR w KQkq - 4 6,0.7200
rnbqk2r/pp2bppp/3p3n/2pNp3/2B1P3/8/PPPPQPPP/R1B1K1NR b KQkq - 5 6,0.4700
rnbqk2r/1p2bppp/p2p3n/2pNp3/2B1P3/8/PPPPQPPP/R1B1K1NR w KQkq - 0 7,0.6900
rnbqk2r/1p2bppp/p2p3n/2pNp3/2B1P3/2P5/PP1PQPPP/R1B1K1NR b KQkq - 0 7,0.5800
rnbqk2r/4bppp/p2p3n/1ppNp3/2B1P3/2P5/PP1PQPPP/R1B1K1NR w KQkq - 0 8,0.9200
rnbqk2r/4Nppp/p2p3n/1pp1p3/2B1P3/2P5/PP1PQPPP/R1B1K1NR b KQkq - 0 8,0.6400
rnb1k2r/4qppp/p2p3n/1pp1p3/2B1P3/2P5/PP1PQPPP/R1B1K1NR w KQkq - 0 9,0.6800
rnb1k2r/4qppp/p2p3n/1pp1p3/4P3/2PB4/PP1PQPPP/R1B1K1NR b KQkq - 1 9,0.1100
rn2k2r/3bqppp/p2p3n/1pp1p3/4P3/2PB4/PP1PQPPP/R1B1K1NR w KQkq - 2 10,0.4700
rn2k2r/3bqppp/p2p3n/1pp1p3/P3P3/2PB4/1P1PQPPP/R1B1K1NR b KQkq - 0 10,0.4500
rn2k2r/3bqppp/p2p3n/2p1p3/Pp2P3/2PB4/1P1PQPPP/R1B1K1NR w KQkq - 0 11,0.7800
rn2k2r/3bqppp/p2p3n/2p1p3/Pp2P3/2PB1N2/1P1PQPPP/R1B1K2R b KQkq - 1 11,0.5900
r3k2r/3bqppp/p1np3n/2p1p3/Pp2P3/2PB1N2/1P1PQPPP/R1B1K2R w KQkq - 2 12,1.1200
r3k2r/3bqppp/B1np3n/2p1p3/Pp2P3/2P2N2/1P1PQPPP/R1B1K2R b KQkq - 0 12,1.0500
r3k2r/3bqppp/B2p3n/n1p1p3/Pp2P3/2P2N2/1P1PQPPP/R1B1K2R w KQkq - 1 13,1.0100
r3k2r/3bqppp/3p3n/nBp1p3/Pp2P3/2P2N2/1P1PQPPP/R1B1K2R b KQkq - 2 13,1.0600
r3k2r/3bqppp/3p3n/1Bp1p3/Pp2P3/1nP2N2/1P1PQPPP/R1B1K2R w KQkq - 3 14,1.1300
r3k2r/3bqppp/3p3n/1Bp1p3/Pp2P3/1nP2N2/1P1PQPPP/1RB1K2R b Kkq - 4 14,0.7700
r4rk1/3bqppp/3p3n/1Bp1p3/Pp2P3/1nP2N2/1P1PQPPP/1RB1K2R w K - 5 15,1.2000
r4rk1/3bqppp/3p3n/1Bp1p3/Pp2P3/1nP2N2/1P1P1PPP/1RBQK2R b K - 6 15,0.3000
r4rk1/3b1ppp/3pq2n/1Bp1p3/Pp2P3/1nP2N2/1P1P1PPP/1RBQK2R w K - 7 16,3.1000
r4rk1/3b1ppp/3pq2n/1Bp1p3/Pp2P3/1nPP1N2/1P3PPP/1RBQK2R b K - 0 16,1.2200
r4rk1/3b1ppp/3pq2n/1Bp1p3/Pp2P3/2PP1N2/1P3PPP/1RnQK2R w K - 0 17,1.1400
r4rk1/3b1ppp/3pq2n/2p1p3/PpB1P3/2PP1N2/1P3PPP/1RnQK2R b K - 1 17,0.1300
r4rk1/3b1ppp/3p2qn/2p1p3/PpB1P3/2PP1N2/1P3PPP/1RnQK2R w K - 2 18,0.2100
r4rk1/3b1ppp/3p2qn/2p1p3/PpB1P3/2PP1N2/1P3PPP/1RnQ1RK1 b - - 3 18,-0.0500
r4rk1/3b1ppp/3p2qn/2p1p3/PpB1P3/2PP1N2/nP3PPP/1R1Q1RK1 w - - 4 19,-0.0700
r4rk1/3b1ppp/3p2qn/2p1p3/PpB1P2N/2PP4/nP3PPP/1R1Q1RK1 b - - 5 19,-2.1800
r4rk1/3b1ppp/3p3n/2p1p1q1/PpB1P2N/2PP4/nP3PPP/1R1Q1RK1 w - - 6 20,0.0500
r4rk1/3b1ppp/3p3n/2p1p1q1/PpB1P3/2PP1N2/nP3PPP/1R1Q1RK1 b - - 7 20,0.0000
r4rk1/5ppp/3p3n/2p1p1q1/bpB1P3/2PP1N2/nP3PPP/1R1Q1RK1 w - - 0 21,0.6600
r4rk1/5ppp/3p3n/2p1p1q1/bpB1P3/2PP1N2/nP2QPPP/1R3RK1 b - - 1 21,-1.9000
r4rk1/5ppp/3p3n/2p1p3/bpB1P1q1/2PP1N2/nP2QPPP/1R3RK1 w - - 2 22,-1.7300
r4rk1/5ppp/3p3n/2p1p3/bpB1P1q1/2PP1N2/nP2QPPP/1R2R1K1 b - - 3 22,-1.9600
r4rk1/5ppp/3p2qn/2p1p3/bpB1P3/2PP1N2/nP2QPPP/1R2R1K1 w - - 4 23,-1.5900
r4rk1/5ppp/3p2qn/2pBp3/bp2P3/2PP1N2/nP2QPPP/1R2R1K1 b - - 5 23,-2.1100
5rk1/r4ppp/3p2qn/2pBp3/bp2P3/2PP1N2/nP2QPPP/1R2R1K1 w - - 6 24,-1.5900
5rk1/r4ppp/3p2qn/2pBp3/bp2P3/2PP1N1P/nP2QPP1/1R2R1K1 b - - 0 24,-2.5700
5rk1/r4ppp/3p2qn/2pBp3/b3P3/1pPP1N1P/nP2QPP1/1R2R1K1 w - - 0 25,-1.8300
5rk1/r4ppp/3p2qn/2pBp3/b3P3/1pPP1N1P/nP2QPP1/R3R1K1 b - - 1 25,-1.8800
1r4k1/r4ppp/3p2qn/2pBp3/b3P3/1pPP1N1P/nP2QPP1/R3R1K1 w - - 2 26,-1.8800
1r4k1/r4ppp/3p2qn/2pBp3/b3P3/1pPP3P/nP1NQPP1/R3R1K1 b - - 3 26,-2.0200
1r5k/r4ppp/3p2qn/2pBp3/b3P3/1pPP3P/nP1NQPP1/R3R1K1 w - - 4 27,-1.8400
1r5k/r4ppp/3p2qn/2pBp3/b3P3/1pPP3P/nP1NQPP1/R4RK1 b - - 5 27,-2.2100
rnbqkbnr/1ppp1ppp/p3p3/8/3PP3/2N5/PPP2PPP/R1BQKBNR b KQkq - 0 3,0.5500
r1bqkbnr/1ppp1ppp/p1n1p3/8/3PP3/2N5/PPP2PPP/R1BQKBNR w KQkq - 1 4,1.1800
r1bqkbnr/1ppp1ppp/p1n1p3/3P4/4P3/2N5/PPP2PPP/R1BQKBNR b KQkq - 0 4,0.8500
r1bqkbnr/1ppp1ppp/p3p3/3Pn3/4P3/2N5/PPP2PPP/R1BQKBNR w KQkq - 1 5,1.1700
r1bqkbnr/1ppp1ppp/p3p3/3Pn3/4PP2/2N5/PPP3PP/R1BQKBNR b KQkq - 0 5,1.0100
r1bqk1nr/1ppp1ppp/p3p3/3Pn3/1b2PP2/2N5/PPP3PP/R1BQKBNR w KQkq - 1 6,2.3700
r1bqk1nr/1ppp1ppp/p3p3/3Pn3/1b1QPP2/2N5/PPP3PP/R1B1KBNR b KQkq - 2 6,1.7600
r1bqk1nr/1ppp1ppp/p3p3/3Pn3/3QPP2/2b5/PPP3PP/R1B1KBNR w KQkq - 0 7,1.9300
r1bqk1nr/1ppp1ppp/p3p3/3Pn3/3QPP2/2P5/P1P3PP/R1B1KBNR b KQkq - 0 7,1.7200
r1bqk1nr/1ppp1ppp/p3p1n1/3P4/3QPP2/2P5/P1P3PP/R1B1KBNR w KQkq - 1 8,1.7200
r1bqk1nr/1ppp1ppp/p3p1n1/3P4/3QPP1P/2P5/P1P3P1/R1B1KBNR b KQkq - 0 8,1.5000
r1bqk1nr/1ppp2pp/p3ppn1/3P4/3QPP1P/2P5/P1P3P1/R1B1KBNR w KQkq - 0 9,1.5100
r1bqk1nr/1ppp2pp/p3ppn1/3P4/3QPP1P/2P2N2/P1P3P1/R1B1KB1R b KQkq - 1 9,1.4700
r1bqkbnr/pppp1ppp/2n5/4p3/3PP3/5N2/PPP2PPP/RNBQKB1R b KQkq - 0 3,0.2500
r1bqkbnr/ppp2ppp/2np4/4p3/3PP3/5N2/PPP2PPP/RNBQKB1R w KQkq - 0 4,0.7600
r1bqkbnr/ppp2ppp/2np4/4p3/3PP3/4BN2/PPP2PPP/RN1QKB1R b KQkq - 1 4,0.6700
r2qkbnr/ppp2ppp/2np4/4p3/3PP1b1/4BN2/PPP2PPP/RN1QKB1R w KQkq - 2 5,0.9400
r2qkbnr/ppp2ppp/2np4/4p3/3PP1b1/4BN2/PPP1BPPP/RN1QK2R b KQkq - 3 5,0.4800
r2qkbnr/1pp2ppp/p1np4/4p3/3PP1b1/4BN2/PPP1BPPP/RN1QK2R w KQkq - 0 6,1.0300
r2qkbnr/1pp2ppp/p1np4/3Pp3/4P1b1/4BN2/PPP1BPPP/RN1QK2R b KQkq - 0 6,1.0600
rn1qkbnr/1pp2ppp/p2p4/3Pp3/4P1b1/4BN2/PPP1BPPP/RN1QK2R w KQkq - 1 7,1.0600
rn1qkbnr/1pp2ppp/p2p4/3Pp3/P3P1b1/4BN2/1PP1BPPP/RN1QK2R b KQkq - 0 7,0.8500
rn1qkbnr/1pp2ppp/p2p4/3Pp3/P3P3/4Bb2/1PP1BPPP/RN1QK2R w KQkq - 0 8,0.9000
rn1qkbnr/1pp2ppp/p2p4/3Pp3/P1P1P3/4Bb2/1P2BPPP/RN1QK2R b KQkq - 0 8,-3.3800
rn1qkbnr/1pp2ppp/p2p4/3Pp3/P1P1b3/4B3/1P2BPPP/RN1QK2R w KQkq - 0 9,-3.4900
rn1qkbnr/1pp2ppp/p2p4/3Pp3/P1P1b3/4B3/1P2BPPP/RN1Q1RK1 b kq - 1 9,-3.8900
rnbqkbnr/pp1ppp1p/6p1/2P5/4P3/8/PPP2PPP/RNBQKBNR b KQkq - 0 3,0.9200
rnb1kbnr/pp1ppp1p/6p1/q1P5/4P3/8/PPP2PPP/RNBQKBNR w KQkq - 1 4,0.9100
rnb1kbnr/pp1ppp1p/6p1/q1P5/4P3/2N5/PPP2PPP/R1BQKBNR b KQkq - 2 4,1.0800
r1b1kbnr/pp1ppp1p/2n3p1/q1P5/4P3/2N5/PPP2PPP/R1BQKBNR w KQkq - 3 5,1.3100
r1b1kbnr/pp1ppp1p/2n3p1/q1P5/4P3/2N5/PPPB1PPP/R2QKBNR b KQkq - 4 5,1.3100
r1b1kbnr/pp1ppp1p/2n3p1/2q5/4P3/2N5/PPPB1PPP/R2QKBNR w KQkq - 0 6,1.4800
r1b1kbnr/pp1ppp1p/2n3p1/1Nq5/4P3/8/PPPB1PPP/R2QKBNR b KQkq - 1 6,0.4800
r1b1kbnr/pp1ppp1p/6p1/1Nq5/1n2P3/8/PPPB1PPP/R2QKBNR w KQkq - 2 7,1.9600
r1b1kbnr/pp1ppp1p/6p1/1Nq5/1n2P3/8/PPPB1PPP/2RQKBNR b Kkq - 3 7,0.6800
r1b1kbnr/pp1ppp1p/n5p1/1Nq5/4P3/8/PPPB1PPP/2RQKBNR w Kkq - 4 8,1.5400
r1b1kbnr/pp1ppp1p/n5p1/1Nq5/4P3/5N2/PPPB1PPP/2RQKB1R b Kkq - 5 8,1.4600
r1b1kb1r/pp1ppp1p/n4np1/1Nq5/4P3/5N2/PPPB1PPP/2RQKB1R w Kkq - 6 9,1.5900
r1b1kb1r/pp1ppp1p/n4np1/1Nq5/4P3/P4N2/1PPB1PPP/2RQKB1R b Kkq - 0 9,1.4300
r1b1kb1r/pp1ppp1p/nq3np1/1N6/4P3/P4N2/1PPB1PPP/2RQKB1R w Kkq - 1 10,1.9800
r1b1kb1r/pp1ppp1p/nq3np1/1N6/1P2P3/P4N2/2PB1PPP/2RQKB1R b Kkq - 0 10,1.2400
r1b1kb1r/pp1ppp1p/nq4p1/1N6/1P2P1n1/P4N2/2PB1PPP/2RQKB1R w Kkq - 1 11,1.3600
r1b1kb1r/pp1ppp1p/nq4p1/1N6/1P2P1n1/P4N2/2PBQPPP/2R1KB1R b Kkq - 2 11,1.1400
r1b1kb1r/pp2pp1p/nq1p2p1/1N6/1P2P1n1/P4N2/2PBQPPP/2R1KB1R w Kkq - 0 12,2.1900
r1b1kb1r/pp2pp1p/nq1p2p1/1N6/1P2P1n1/P4N1P/2PBQPP1/2R1KB1R b Kkq - 0 12,1.9000
r1b1kb1r/pp2pp1p/nq1p2p1/1N2n3/1P2P3/P4N1P/2PBQPP1/2R1KB1R w Kkq - 1 13,2.3700
r1b1kb1r/pp2pp1p/nq1p2p1/1N2n3/1P2P3/P3BN1P/2P1QPP1/2R1KB1R b Kkq - 2 13,1.7800
r1b1kb1r/pp2pp1p/nq1p2p1/1N6/1P2P3/P3Bn1P/2P1QPP1/2R1KB1R w Kkq - 0 14,1.7500
r1b1kb1r/pp2pp1p/nq1p2p1/1N6/1P2P3/P3BQ1P/2P2PP1/2R1KB1R b Kkq - 0 14,1.7300
r1b1kb1r/pp2pp1p/n1qp2p1/1N6/1P2P3/P3BQ1P/2P2PP1/2R1KB1R w Kkq - 1 15,1.9200
r1b1kb1r/Bp2pp1p/n1qp2p1/1N6/1P2P3/P4Q1P/2P2PP1/2R1KB1R b Kkq - 0 15,1.1900
r1b1k2r/Bp2pp1p/n1qp2pb/1N6/1P2P3/P4Q1P/2P2PP1/2R1KB1R w Kkq - 1 16,1.7600
r1b1k2r/1p2pp1p/n1qp2pb/1N6/1P2P3/P3BQ1P/2P2PP1/2R1KB1R b Kkq - 2 16,1.5700
r1b1k2r/1p2ppbp/n1qp2p1/1N6/1P2P3/P3BQ1P/2P2PP1/2R1KB1R w Kkq - 3 17,1.7200
r1b1k2r/1p2ppbp/n1qp2p1/1N6/1P1BP3/P4Q1P/2P2PP1/2R1KB1R b Kkq - 4 17,1.6100
r1b1k2r/1p2pp1p/n1qp2pb/1N6/1P1BP3/P4Q1P/2P2PP1/2R1KB1R w Kkq - 5 18,1.7900
r1b1k2r/1p2pp1p/n1qp2pb/1N6/1P2P3/P3BQ1P/2P2PP1/2R1KB1R b Kkq - 6 18,1.6700
r1b1k2r/1p2ppbp/n1qp2p1/1N6/1P2P3/P3BQ1P/2P2PP1/2R1KB1R w Kkq - 7 19,1.6700
r1b1k2r/1p2ppbp/n1qp2p1/1N6/1P2P3/P2BBQ1P/2P2PP1/2R1K2R b Kkq - 8 19,1.4300
r1b1k2r/1p2pp1p/n1qp2p1/1N6/1P2P3/P2BBQ1P/1bP2PP1/2R1K2R w Kkq - 9 20,1.5500
r1b1k2r/1p2pp1p/n1qp2p1/1N6/1P2P3/P2BBQ1P/1bP2PP1/2R2RK1 b kq - 10 20,1.3800
r1b1k2r/1pn1pp1p/2qp2p1/1N6/1P2P3/P2BBQ1P/1bP2PP1/2R2RK1 w kq - 11 21,1.5300
r1b1k2r/1pN1pp1p/2qp2p1/8/1P2P3/P2BBQ1P/1bP2PP1/2R2RK1 b kq - 0 21,1.7600
r1bk3r/1pN1pp1p/2qp2p1/8/1P2P3/P2BBQ1P/1bP2PP1/2R2RK1 w - - 1 22,6.9800
N1bk3r/1p2pp1p/2qp2p1/8/1P2P3/P2BBQ1P/1bP2PP1/2R2RK1 b - - 0 22,7.1900
N2k3r/1p2pp1p/2qpb1p1/8/1P2P3/P2BBQ1P/1bP2PP1/2R2RK1 w - - 1 23,7.1800
N2k3r/1p2pp1p/2qpb1p1/1P6/4P3/P2BBQ1P/1bP2PP1/2R2RK1 b - - 0 23,7.3100
N2k3r/1p1qpp1p/3pb1p1/1P6/4P3/P2BBQ1P/1bP2PP1/2R2RK1 w - - 1 24,7.8600
N2k3r/1p1qpp1p/3pb1p1/1P6/P3P3/3BBQ1P/1bP2PP1/2R2RK1 b - - 0 24,7.2500
N2k3r/1p1qpp1p/3pb1p1/1P2b3/P3P3/3BBQ1P/2P2PP1/2R2RK1 w - - 1 25,7.0900
N2k3r/1p1qpp1p/3pb1p1/PP2b3/4P3/3BBQ1P/2P2PP1/2R2RK1 b - - 0 25,6.8600
N2k3r/1p1qpp1p/3p2p1/PP2b3/4P3/3BBQ1b/2P2PP1/2R2RK1 w - - 0 26,7.9100
N2k3r/1p1qpp1p/3p2p1/PP2b3/4P3/3BB2Q/2P2PP1/2R2RK1 b - - 0 26,7.8900
N2k3r/1p2pp1p/3p2p1/PP2b3/4P3/3BB2q/2P2PP1/2R2RK1 w - - 0 27,7.6500
N2k3r/1p2pp1p/3p2p1/PP2b3/4PB2/3B3q/2P2PP1/2R2RK1 b - - 1 27,4.0000
N2k3r/1p2pp1p/3pq1p1/PP2b3/4PB2/3B4/2P2PP1/2R2RK1 w - - 2 28,4.3400
N2k3r/1p2pp1p/3pq1p1/PP2B3/4P3/3B4/2P2PP1/2R2RK1 b - - 0 28,3.5900
N2k3r/1p2pp1p/4q1p1/PP2p3/4P3/3B4/2P2PP1/2R2RK1 w - - 0 29,5.0800
3k3r/1p2pp1p/1N2q1p1/PP2p3/4P3/3B4/2P2PP1/2R2RK1 b - - 1 29,4.5800
3k3r/1p2pp1p/1N4p1/PP2p3/4P1q1/3B4/2P2PP1/2R2RK1 w - - 2 30,4.8500
rnbqkb1r/pppp1ppp/4pn2/8/2P5/4PN2/PP1P1PPP/RNBQKB1R b KQkq - 0 3,0.2000
rnbqkb1r/ppp2ppp/4pn2/3p4/2P5/4PN2/PP1P1PPP/RNBQKB1R w KQkq - 0 4,0.2000
rnbqkb1r/ppp2ppp/4pn2/3p4/2P5/2N1PN2/PP1P1PPP/R1BQKB1R b KQkq - 1 4,0.1000
rnbqkb1r/1pp2ppp/p3pn2/3p4/2P5/2N1PN2/PP1P1PPP/R1BQKB1R w KQkq - 0 5,0.1100
rnbqkb1r/1pp2ppp/p3pn2/3p4/2P5/2N1PN1P/PP1P1PP1/R1BQKB1R b KQkq - 0 5,-0.2800
rnbqkb1r/1pp2ppp/p3pn2/8/2p5/2N1PN1P/PP1P1PP1/R1BQKB1R w KQkq - 0 6,0.0900
rnbqkb1r/1pp2ppp/p3pn2/8/Q1p5/2N1PN1P/PP1P1PP1/R1B1KB1R b KQkq - 1 6,-1.6000
rnbqkb1r/2p2ppp/p3pn2/1p6/Q1p5/2N1PN1P/PP1P1PP1/R1B1KB1R w KQkq - 0 7,-1.7200
rnbqkb1r/2p2ppp/p3pn2/1p6/2p5/2N1PN1P/PP1P1PP1/R1BQKB1R b KQkq - 1 7,-1.9800
r1bqkb1r/2p2ppp/p1n1pn2/1p6/2p5/2N1PN1P/PP1P1PP1/R1BQKB1R w KQkq - 2 8,-1.8500
r1bqkb1r/2p2ppp/p1n1pn2/1p6/2p5/2N1PN1P/PP1PBPP1/R1BQK2R b KQkq - 3 8,-1.7900
r1bqk2r/2p1bppp/p1n1pn2/1p6/2p5/2N1PN1P/PP1PBPP1/R1BQK2R w KQkq - 4 9,-1.7500
r1bqk2r/2p1bppp/p1n1pn2/1p6/2p5/1PN1PN1P/P2PBPP1/R1BQK2R b KQkq - 0 9,-1.7400
r1bqk2r/2p1bppp/p1n1pn2/1p6/8/1pN1PN1P/P2PBPP1/R1BQK2R w KQkq - 0 10,-1.7900
r1bqk2r/2p1bppp/p1n1pn2/1p6/8/1PN1PN1P/3PBPP1/R1BQK2R b KQkq - 0 10,-1.7100
r1bqk2r/n1p1bppp/p3pn2/1p6/8/1PN1PN1P/3PBPP1/R1BQK2R w KQkq - 1 11,-0.8900
r1bqk2r/n1p1bppp/p3pn2/1p6/8/1PN1PN1P/2QPBPP1/R1B1K2R b KQkq - 2 11,-1.7400
r1bq1rk1/n1p1bppp/p3pn2/1p6/8/1PN1PN1P/2QPBPP1/R1B1K2R w KQ - 3 12,-0.9200
r1bq1rk1/n1p1bppp/p3pn2/1p6/4N3/1P2PN1P/2QPBPP1/R1B1K2R b KQ - 4 12,-0.9200
r1bq1rk1/n1pnbppp/p3p3/1p6/4N3/1P2PN1P/2QPBPP1/R1B1K2R w KQ - 5 13,0.4100
r1bq1rk1/n1pnbppp/p3p3/1p6/4N2P/1P2PN2/2QPBPP1/R1B1K2R b KQ - 0 13,0.1900
r1bq1rk1/n1pnb1pp/p3p3/1p3p2/4N2P/1P2PN2/2QPBPP1/R1B1K2R w KQ - 0 14,0.2000
r1bq1rk1/n1pnb1pp/p3p3/1p3pN1/4N2P/1P2P3/2QPBPP1/R1B1K2R b KQ - 1 14,-0.1900
r1bq1rk1/n1p1b1pp/p3p3/1p2npN1/4N2P/1P2P3/2QPBPP1/R1B1K2R w KQ - 2 15,-0.1600
r1bq1rk1/n1p1b1pp/p3p3/1p2npN1/4NP1P/1P2P3/2QPB1P1/R1B1K2R b KQ - 0 15,-0.2300
r1bq1rk1/n1p1b1pp/p1n1p3/1p3pN1/4NP1P/1P2P3/2QPB1P1/R1B1K2R w KQ - 1 16,-0.3000
r1bq1rk1/n1p1b1pp/p1n1p3/1p3pN1/4NP1P/1P2P3/1BQPB1P1/R3K2R b KQ - 2 16,-0.4000
r1bq1rk1/n1p1b1pp/p1n1p3/1p4N1/4pP1P/1P2P3/1BQPB1P1/R3K2R w KQ - 0 17,1.2900
r1bq1rk1/n1p1b1pN/p1n1p3/1p6/4pP1P/1P2P3/1BQPB1P1/R3K2R b KQ - 0 17,-1.8700
r1b2rk1/n1p1b1pN/p1n1p3/1p1q4/4pP1P/1P2P3/1BQPB1P1/R3K2R w KQ - 1 18,-1.0000
r1b2Nk1/n1p1b1p1/p1n1p3/1p1q4/4pP1P/1P2P3/1BQPB1P1/R3K2R b KQ - 0 18,-1.0900
r1b2k2/n1p1b1p1/p1n1p3/1p1q4/4pP1P/1P2P3/1BQPB1P1/R3K2R w KQ - 0 19,1.3100
r1b2k2/n1p1b1p1/p1n1p3/1p1q4/4pP1P/1P2P3/1B1PB1P1/R1Q1K2R b KQ - 1 19,-0.4800
r1b2k2/n1p1b1p1/p1nqp3/1p6/4pP1P/1P2P3/1B1PB1P1/R1Q1K2R w KQ - 2 20,1.0800
r1b2k2/n1p1b1p1/p1nqp3/1p5P/4pP2/1P2P3/1B1PB1P1/R1Q1K2R b KQ - 0 20,1.1400
r1b2k2/n1p1b1p1/p1nq4/1p2p2P/4pP2/1P2P3/1B1PB1P1/R1Q1K2R w KQ - 0 21,1.6300
r1b2k2/n1p1b1p1/p1nq4/1p2p2P/4pP2/1P2P3/1BQPB1P1/R3K2R b KQ - 1 21,1.5200
r1b2k2/n1p1b1p1/p1nq4/1p5P/4pp2/1P2P3/1BQPB1P1/R3K2R w KQ - 0 22,2.1800
r1b2k2/n1p1b1p1/p1nq4/1p5P/4Qp2/1P2P3/1B1PB1P1/R3K2R b KQ - 0 22,1.4100
r1b2k2/n1p3p1/p1nq1b2/1p5P/4Qp2/1P2P3/1B1PB1P1/R3K2R w KQ - 1 23,2.0300
r1b2k2/n1p3p1/p1nq1b2/1p5P/4Qp2/1P2P3/1B1PB1P1/R3KR2 b Q - 2 23,-0.6200
r1b2k2/n1p3p1/p1nq4/1p5P/4Qp2/1P2P3/1b1PB1P1/R3KR2 w Q - 0 24,-0.2300
r1b2k2/n1p3p1/p1nq4/1p5P/4QR2/1P2P3/1b1PB1P1/R3K3 b Q - 0 24,-0.1900
r1b2k2/n1p3p1/p1nq1b2/1p5P/4QR2/1P2P3/3PB1P1/R3K3 w Q - 1 25,-0.1100
r1b2k2/n1p3p1/p1nq1bQ1/1p5P/5R2/1P2P3/3PB1P1/R3K3 b Q - 2 25,-2.4400
r1b2k2/n1p3p1/p1n2bQ1/1p2q2P/5R2/1P2P3/3PB1P1/R3K3 w Q - 3 26,-0.9400
r1b2k2/n1p3p1/p1n2bQ1/1p2q2P/3P1R2/1P2P3/4B1P1/R3K3 b Q - 0 26,-2.5600
r1b2k2/n1p3p1/p4bQ1/1p2q2P/3n1R2/1P2P3/4B1P1/R3K3 w Q - 0 27,-2.8600
r1b2k2/n1p3p1/p4bQ1/1p2q2P/3n1R2/1P2P3/4B1P1/2R1K3 b - - 1 27,-5.2500
r4k2/n1p3p1/p4bQ1/1p2qb1P/3n1R2/1P2P3/4B1P1/2R1K3 w - - 2 28,-5.3700
r4k2/n1p3p1/p4bQ1/1p2qR1P/3n4/1P2P3/4B1P1/2R1K3 b - - 0 28,-5.4900
r4k2/n1p3p1/p4bQ1/1p3R1P/3n4/1P2q3/4B1P1/2R1K3 w - - 0 29,-3.3000
r4k2/n1p3p1/p4bQ1/1p5P/3n4/1P2q3/4BRP1/2R1K3 b - - 1 29,-8.2500
r4k2/n1p3p1/p4bQ1/1p5P/3n4/1P6/4BRP1/2q1K3 w - - 0 30,-8.0200
r4k2/n1p3p1/p4bQ1/1p5P/3n4/1P6/5RP1/2qBK3 b - - 1 30,-8.3600
4rk2/n1p3p1/p4bQ1/1p5P/3n4/1P6/5RP1/2qBK3 w - - 2 31,-8.1000
4Qk2/n1p3p1/p4b2/1p5P/3n4/1P6/5RP1/2qBK3 b - - 0 31,-8.2400
4k3/n1p3p1/p4b2/1p5P/3n4/1P6/5RP1/2qBK3 w - - 0 32,-8.0000
4k3/n1p3p1/p4b2/1p5P/3n4/1P6/4R1P1/2qBK3 b - - 1 32,-8.6500
4k3/n1p1b1p1/p7/1p5P/3n4/1P6/4R1P1/2qBK3 w - - 2 33,-7.7900
4k3/n1p1b1p1/p7/1p5P/1P1n4/8/4R1P1/2qBK3 b - - 0 33,-8.8400
4k3/n1p1b1p1/p7/1p5P/1P1n1q2/8/4R1P1/3BK3 w - - 1 34,-8.1900
4k3/n1p1R1p1/p7/1p5P/1P1n1q2/8/6P1/3BK3 b - - 0 34,-8.4300
3k4/n1p1R1p1/p7/1p5P/1P1n1q2/8/6P1/3BK3 w - - 1 35,-7.5500
3k4/n1p1R1p1/p7/1p5P/1P1n1q2/6P1/8/3BK3 b - - 0 35,-8.4600
3k4/n1p1R1p1/p7/1p5P/1P1n4/6q1/8/3BK3 w - - 0 36,-8.3500
3k4/n1p1R1p1/p7/1p5P/1P1n4/6q1/8/3B1K2 b - - 1 36,-8.5000
3k4/n1p1R1p1/p7/1p5P/1P1n1q2/8/8/3B1K2 w - - 2 37,-8.8800
3k4/n1p1R1p1/p7/1p5P/1P1n1q2/8/8/3B2K1 b - - 3 37,-8.9300
3k4/n1p1R1p1/p7/1p4qP/1P1n4/8/8/3B2K1 w - - 4 38,-8.6000
3k4/n1p1R1p1/p7/1p4qP/1P1n2B1/8/8/6K1 b - - 5 38,-9.6100
8/n1p1k1p1/p7/1p4qP/1P1n2B1/8/8/6K1 w - - 0 39,-9.6800
8/n1p1k1p1/p7/1p4qP/1P1n2B1/8/7K/8 b - - 1 39,-10.0000
8/n1p1k1p1/p7/1p5P/1P1n2B1/8/3q3K/8 w - - 2 40,-8.5300
8/n1p1k1p1/p7/1p5P/1P1n2B1/6K1/3q4/8 b - - 3 40,-8.7400
8/n1p1k1p1/8/pp5P/1P1n2B1/6K1/3q4/8 w - - 0 41,-8.2800
rnbqkbnr/ppp2ppp/4p3/3p4/3P1B2/2N5/PPP1PPPP/R2QKBNR b KQkq - 1 3,-0.1000
rnbqkb1r/ppp2ppp/4pn2/3p4/3P1B2/2N5/PPP1PPPP/R2QKBNR w KQkq - 2 4,-0.0900
rnbqkb1r/ppp2ppp/4pn2/1N1p4/3P1B2/8/PPP1PPPP/R2QKBNR b KQkq - 3 4,-0.1400
rnbqk2r/ppp2ppp/3bpn2/1N1p4/3P1B2/8/PPP1PPPP/R2QKBNR w KQkq - 4 5,0.1400
rnbqk2r/ppp2ppp/3bpn2/1N1p4/3P1B2/8/PPP1PPPP/R1Q1KBNR b KQkq - 5 5,-0.2900
rnbq1rk1/ppp2ppp/3bpn2/1N1p4/3P1B2/8/PPP1PPPP/R1Q1KBNR w KQ - 6 6,-0.3600
rnbq1rk1/ppp2ppp/3bpn2/1N1p4/3P1B2/6P1/PPP1PP1P/R1Q1KBNR b KQ - 0 6,-1.3300
rnbq1rk1/ppp2ppp/4pn2/1N1p4/3P1b2/6P1/PPP1PP1P/R1Q1KBNR w KQ - 0 7,-1.3700
rnbq1rk1/ppp2ppp/4pn2/1N1p4/3P1P2/8/PPP1PP1P/R1Q1KBNR b KQ - 0 7,-1.5400
rnbq1rk1/1pp2ppp/p3pn2/1N1p4/3P1P2/8/PPP1PP1P/R1Q1KBNR w KQ - 0 8,-1.0200
rnbq1rk1/1pN2ppp/p3pn2/3p4/3P1P2/8/PPP1PP1P/R1Q1KBNR b KQ - 0 8,-4.7200
rnb2rk1/1pq2ppp/p3pn2/3p4/3P1P2/8/PPP1PP1P/R1Q1KBNR w KQ - 0 9,-4.8300
rnb2rk1/1pq2ppp/p3pn2/3p4/3P1P1P/8/PPP1PP2/R1Q1KBNR b KQ - 0 9,-4.7800
r1b2rk1/1pq2ppp/p1n1pn2/3p4/3P1P1P/8/PPP1PP2/R1Q1KBNR w KQ - 1 10,-4.6600
r1b2rk1/1pq2ppp/p1n1pn2/3p4/3P1P1P/5N2/PPP1PP2/R1Q1KB1R b KQ - 2 10,-4.7100
r1b2rk1/1pq1nppp/p3pn2/3p4/3P1P1P/5N2/PPP1PP2/R1Q1KB1R w KQ - 3 11,-3.9400
r1b2rk1/1pq1nppp/p3pn2/3p4/3P1P1P/4PN2/PPP2P2/R1Q1KB1R b KQ - 0 11,-4.1700
r1b2rk1/1pq2ppp/p3pn2/3p1n2/3P1P1P/4PN2/PPP2P2/R1Q1KB1R w KQ - 1 12,-4.0000
r1b2rk1/1pq2ppp/p3pn2/3p1n2/3P1P1P/2P1PN2/PP3P2/R1Q1KB1R b KQ - 0 12,-4.3200
r1b2rk1/1pq2ppp/p2npn2/3p4/3P1P1P/2P1PN2/PP3P2/R1Q1KB1R w KQ - 1 13,-4.1500
r1b2rk1/1pq2ppp/p2npn2/3p3P/3P1P2/2P1PN2/PP3P2/R1Q1KB1R b KQ - 0 13,-4.5700
r4rk1/1pqb1ppp/p2npn2/3p3P/3P1P2/2P1PN2/PP3P2/R1Q1KB1R w KQ - 1 14,-3.9100
r4rk1/1pqb1ppp/p2npn2/3p3P/3P1P2/2P1PN2/PPQ2P2/R3KB1R b KQ - 2 14,-4.3700
r4rk1/1pq2ppp/p2npn2/1b1p3P/3P1P2/2P1PN2/PPQ2P2/R3KB1R w KQ - 3 15,-4.0200
r4rk1/1pq2ppp/p2npn1P/1b1p4/3P1P2/2P1PN2/PPQ2P2/R3KB1R b KQ - 0 15,-4.5400
r1r3k1/1pq2ppp/p2npn1P/1b1p4/3P1P2/2P1PN2/PPQ2P2/R3KB1R w KQ - 1 16,-3.2500
r1r3k1/1pq2ppp/p2npn1P/1B1p4/3P1P2/2P1PN2/PPQ2P2/R3K2R b KQ - 0 16,-3.4200
r1r3k1/1pq2ppp/p3pn1P/1n1p4/3P1P2/2P1PN2/PPQ2P2/R3K2R w KQ - 0 17,-2.0400
r1r3k1/1pq2pPp/p3pn2/1n1p4/3P1P2/2P1PN2/PPQ2P2/R3K2R b KQ - 0 17,-1.9400
r1r3k1/1pq2pPp/p2npn2/3p4/3P1P2/2P1PN2/PPQ2P2/R3K2R w KQ - 1 18,-1.9800
rnbqkbnr/ppp2ppp/4p3/3P4/3P4/8/PPP2PPP/RNBQKBNR b KQkq - 0 3,0.2400
rnb1kbnr/ppp2ppp/4p3/3q4/3P4/8/PPP2PPP/RNBQKBNR w KQkq - 0 4,0.7600
rnb1kbnr/ppp2ppp/4p3/3q4/2PP4/8/PP3PPP/RNBQKBNR b KQkq - 0 4,0.7500
rnbqkbnr/ppp2ppp/4p3/8/2PP4/8/PP3PPP/RNBQKBNR w KQkq - 1 5,0.7500
rnbqkbnr/ppp2ppp/4p3/8/2PP4/5N2/PP3PPP/RNBQKB1R b KQkq - 2 5,0.7500
rnbqkb1r/ppp2ppp/4pn2/8/2PP4/5N2/PP3PPP/RNBQKB1R w KQkq - 3 6,0.7500
rnbqkb1r/ppp2ppp/4pn2/8/2PP4/5N2/PP2BPPP/RNBQK2R b KQkq - 4 6,0.8700
rnbqk2r/ppp1bppp/4pn2/8/2PP4/5N2/PP2BPPP/RNBQK2R w KQkq - 5 7,0.8100
rnbqk2r/ppp1bppp/4pn2/8/2PP4/5N2/PP2BPPP/RNBQ1RK1 b kq - 6 7,0.8800
rnbqk2r/1pp1bppp/p3pn2/8/2PP4/5N2/PP2BPPP/RNBQ1RK1 w kq - 0 8,1.2900
rnbqk2r/1pp1bppp/p3pn2/8/2PP1B2/5N2/PP2BPPP/RN1Q1RK1 b kq - 1 8,1.2000
rnbqk2r/1pp2ppp/p2bpn2/8/2PP1B2/5N2/PP2BPPP/RN1Q1RK1 w kq - 2 9,1.1100
rnbqk2r/1pp2ppp/p2bpn2/8/2PP1B2/5N2/PP1QBPPP/RN3RK1 b kq - 3 9,1.1100
r1bqk2r/1pp2ppp/p1nbpn2/8/2PP1B2/5N2/PP1QBPPP/RN3RK1 w kq - 4 10,1.0200
r1bqk2r/1pp2ppp/p1nbpn2/8/2PP4/4BN2/PP1QBPPP/RN3RK1 b kq - 5 10,1.1000
r1bq1rk1/1pp2ppp/p1nbpn2/8/2PP4/4BN2/PP1QBPPP/RN3RK1 w - - 6 11,1.1800
r1bq1rk1/1pp2ppp/p1nbpn2/8/2PP4/4BN1P/PP1QBPP1/RN3RK1 b - - 0 11,0.6400
r1bq1rk1/2p2ppp/ppnbpn2/8/2PP4/4BN1P/PP1QBPP1/RN3RK1 w - - 0 12,0.8300
r1bq1rk1/2p2ppp/ppnbpn2/8/2PP4/4BN1P/PP1QBPP1/RN1R2K1 b - - 1 12,0.8500
r1bqr1k1/2p2ppp/ppnbpn2/8/2PP4/4BN1P/PP1QBPP1/RN1R2K1 w - - 2 13,0.7500
r1bqr1k1/2p2ppp/ppnbpn2/4N3/2PP4/4B2P/PP1QBPP1/RN1R2K1 b - - 3 13,0.3700
r1bqr1k1/2p1nppp/pp1bpn2/4N3/2PP4/4B2P/PP1QBPP1/RN1R2K1 w - - 4 14,1.1400
r1bqr1k1/2p1nppp/pp1bpn2/4N3/2PP4/4BB1P/PP1Q1PP1/RN1R2K1 b - - 5 14,1.0600
r1bqr1k1/2p1nppp/pp2pn2/4b3/2PP4/4BB1P/PP1Q1PP1/RN1R2K1 w - - 0 15,4.3700
B1bqr1k1/2p1nppp/pp2pn2/4b3/2PP4/4B2P/PP1Q1PP1/RN1R2K1 b - - 0 15,3.9400
B1bqr1k1/2p1nppp/pp1bpn2/8/2PP4/4B2P/PP1Q1PP1/RN1R2K1 w - - 1 16,3.6700
2bqr1k1/2p1nppp/pp1bpn2/8/2PP4/4BB1P/PP1Q1PP1/RN1R2K1 b - - 2 16,2.4100
2bqr1k1/4nppp/pppbpn2/8/2PP4/4BB1P/PP1Q1PP1/RN1R2K1 w - - 0 17,3.1600
2bqr1k1/4nppp/pppbpn2/8/2PP1B2/5B1P/PP1Q1PP1/RN1R2K1 b - - 1 17,2.8300
2bqr1k1/4npp1/pppbpn1p/8/2PP1B2/5B1P/PP1Q1PP1/RN1R2K1 w - - 0 18,3.1800
2bqr1k1/4npp1/pppBpn1p/8/2PP4/5B1P/PP1Q1PP1/RN1R2K1 b - - 0 18,3.4600
2bqr1k1/5pp1/pppBpn1p/5n2/2PP4/5B1P/PP1Q1PP1/RN1R2K1 w - - 1 19,5.5800
2bqr1k1/5pp1/ppp1pn1p/5n2/2PP4/5BBP/PP1Q1PP1/RN1R2K1 b - - 2 19,4.9700
2bqr1k1/5pp1/ppp2n1p/4pn2/2PP4/5BBP/PP1Q1PP1/RN1R2K1 w - - 0 20,6.3100
2bqr1k1/5pp1/ppp2n1p/3Ppn2/2P5/5BBP/PP1Q1PP1/RN1R2K1 b - - 0 20,3.5700
2bqr1k1/5pp1/ppp2n1p/3Pp3/2P5/5BnP/PP1Q1PP1/RN1R2K1 w - - 0 21,3.4700
2bqr1k1/5pp1/ppp2n1p/3Pp3/2P5/5BPP/PP1Q2P1/RN1R2K1 b - - 0 21,3.3600
2bqr1k1/5pp1/ppp2n1p/3P4/2P1p3/5BPP/PP1Q2P1/RN1R2K1 w - - 0 22,3.6800
2bqr1k1/5pp1/ppp2n1p/3P4/2P1p1B1/6PP/PP1Q2P1/RN1R2K1 b - - 1 22,1.9800
2bqr1k1/5pp1/pp3n1p/3p4/2P1p1B1/6PP/PP1Q2P1/RN1R2K1 w - - 0 23,2.8100
2bqr1k1/5pp1/pp3n1p/3p4/2P1p1B1/2N3PP/PP1Q2P1/R2R2K1 b - - 1 23,2.2600
2bqr1k1/5pp1/pp3n1p/3p4/2P3B1/2N1p1PP/PP1Q2P1/R2R2K1 w - - 0 24,2.5700
2bqr1k1/5pp1/pp3n1p/3p4/2P3B1/2NQp1PP/PP4P1/R2R2K1 b - - 1 24,2.2500
2b1r1k1/5pp1/pp1q1n1p/3p4/2P3B1/2NQp1PP/PP4P1/R2R2K1 w - - 2 25,2.8200
2B1r1k1/5pp1/pp1q1n1p/3p4/2P5/2NQp1PP/PP4P1/R2R2K1 b - - 0 25,3.0700
2B1r1k1/5pp1/pp3n1p/3p4/2P5/2NQp1qP/PP4P1/R2R2K1 w - - 0 26,3.7700
4r1k1/1B3pp1/pp3n1p/3p4/2P5/2NQp1qP/PP4P1/R2R2K1 b - - 1 26,1.2100
4r1k1/1B3pp1/pp5p/3p4/2P3n1/2NQp1qP/PP4P1/R2R2K1 w - - 2 27,1.4100
4r1k1/1B3pp1/pp5p/3Q4/2P3n1/2N1p1qP/PP4P1/R2R2K1 b - - 0 27,0.8100
6k1/1B3pp1/pp5p/3Qr3/2P3n1/2N1p1qP/PP4P1/R2R2K1 w - - 1 28,3.7200
6k1/1B3pp1/pp5p/4r3/2PQ2n1/2N1p1qP/PP4P1/R2R2K1 b - - 2 28,1.5000
6k1/1B3pp1/pp5p/4r3/2PQ2n1/2N3qP/PP2p1P1/R2R2K1 w - - 0 29,4.4100
6k1/1B3pp1/pp5p/4r3/2PQ2n1/6qP/PP2N1P1/R2R2K1 b - - 0 29,4.1600
6k1/1B3pp1/pp5p/4r3/2PQ2n1/4q2P/PP2N1P1/R2R2K1 w - - 1 30,6.7100
6k1/1B3pp1/pp5p/4r3/2P3n1/4Q2P/PP2N1P1/R2R2K1 b - - 0 30,7.0200
6k1/1B3pp1/pp5p/8/2P3n1/4r2P/PP2N1P1/R2R2K1 w - - 0 31,7.0100
6k1/1B3pp1/pp5p/8/2P3P1/4r3/PP2N1P1/R2R2K1 b - - 0 31,6.9500
6k1/1B3pp1/pp5p/8/2P3P1/8/PP2r1P1/R2R2K1 w - - 0 32,7.0400
3R2k1/1B3pp1/pp5p/8/2P3P1/8/PP2r1P1/R5K1 b - - 1 32,7.1600
3Rr1k1/1B3pp1/pp5p/8/2P3P1/8/PP4P1/R5K1 w - - 2 33,8.8600
4R1k1/1B3pp1/pp5p/8/2P3P1/8/PP4P1/R5K1 b - - 0 33,8.9200
4R3/1B3ppk/pp5p/8/2P3P1/8/PP4P1/R5K1 w - - 1 34,9.0200
4R3/5ppk/Bp5p/8/2P3P1/8/PP4P1/R5K1 b - - 0 34,8.7500
4R3/6pk/Bp5p/5p2/2P3P1/8/PP4P1/R5K1 w - - 0 35,9.0000
rnbqkbnr/ppp2ppp/4p3/3p4/8/2P2NP1/PP1PPP1P/RNBQKB1R b KQkq - 0 3,-0.1100
rnbqk1nr/ppp2ppp/3bp3/3p4/8/2P2NP1/PP1PPP1P/RNBQKB1R w KQkq - 1 4,-0.0400
rnbqk1nr/ppp2ppp/3bp3/3p4/3P4/2P2NP1/PP2PP1P/RNBQKB1R b KQkq - 0 4,-0.1200
rnbqk1nr/ppp2pp1/3bp2p/3p4/3P4/2P2NP1/PP2PP1P/RNBQKB1R w KQkq - 0 5,0.2000
rnbqk1nr/ppp2pp1/3bp2p/3p4/3P4/2P2NP1/PP1NPP1P/R1BQKB1R b KQkq - 1 5,-0.1600
rnbqk1nr/p1p2pp1/1p1bp2p/3p4/3P4/2P2NP1/PP1NPP1P/R1BQKB1R w KQkq - 0 6,0.3300
rnbqk1nr/p1p2pp1/1p1bp2p/3p4/3PP3/2P2NP1/PP1N1P1P/R1BQKB1R b KQkq - 0 6,0.5600
rnbqk1nr/p1p2pp1/1p1bp2p/8/3Pp3/2P2NP1/PP1N1P1P/R1BQKB1R w KQkq - 0 7,0.4200
rnbqk1nr/p1p2pp1/1p1bp2p/8/3PN3/2P2NP1/PP3P1P/R1BQKB1R b KQkq - 0 7,0.4600
rn1qk1nr/pbp2pp1/1p1bp2p/8/3PN3/2P2NP1/PP3P1P/R1BQKB1R w KQkq - 1 8,0.5000
rn1qk1nr/pbp2pp1/1p1bp2p/1B6/3PN3/2P2NP1/PP3P1P/R1BQK2R b KQkq - 2 8,-0.1100
r2qk1nr/pbpn1pp1/1p1bp2p/1B6/3PN3/2P2NP1/PP3P1P/R1BQK2R w KQkq - 3 9,-0.1700
r2qk1nr/pbpn1pp1/1p1bp2p/1B6/3PN3/2P2NP1/PP2QP1P/R1B1K2R b KQkq - 4 9,-0.2000
r2qk1nr/1bpn1pp1/pp1bp2p/1B6/3PN3/2P2NP1/PP2QP1P/R1B1K2R w KQkq - 0 10,-0.0400
r2qk1nr/1bpn1pp1/pp1bp2p/8/3PN3/2PB1NP1/PP2QP1P/R1B1K2R b KQkq - 1 10,-0.1000
r2qk1nr/1bpn1pp1/p2bp2p/1p6/3PN3/2PB1NP1/PP2QP1P/R1B1K2R w KQkq - 0 11,0.2700
r2qk1nr/1bpn1pp1/p2bp2p/1p6/P2PN3/2PB1NP1/1P2QP1P/R1B1K2R b KQkq - 0 11,0.2700
r2qk1nr/1bpn1pp1/p2bp2p/8/p2PN3/2PB1NP1/1P2QP1P/R1B1K2R w KQkq - 0 12,0.5800
r2qk1nr/1bpn1pp1/p2bp2p/8/p2PN3/2PB2P1/1P1NQP1P/R1B1K2R b KQkq - 1 12,0.4500
r2qk1nr/1bp2pp1/pn1bp2p/8/p2PN3/2PB2P1/1P1NQP1P/R1B1K2R w KQkq - 2 13,0.4400
r2qk1nr/1bp2pp1/pn1bp2p/8/p2PN3/2PB2P1/1P1NQP1P/R1B2RK1 b kq - 3 13,0.4600
r2qk2r/1bp2pp1/pn1bpn1p/8/p2PN3/2PB2P1/1P1NQP1P/R1B2RK1 w kq - 4 14,0.2600
r2qk2r/1bp2pp1/pn1bpN1p/8/p2P4/2PB2P1/1P1NQP1P/R1B2RK1 b kq - 0 14,0.2600
r2q3r/1bp1kpp1/pn1bpN1p/8/p2P4/2PB2P1/1P1NQP1P/R1B2RK1 w - - 1 15,5.5600
r2q3r/1bp1kpp1/pn1bp2p/8/p2PN3/2PB2P1/1P1NQP1P/R1B2RK1 b - - 2 15,5.2700
r2q3r/1bp1k1p1/pn1bp2p/5p2/p2PN3/2PB2P1/1P1NQP1P/R1B2RK1 w - - 0 16,5.8900
r2q3r/1bp1k1p1/pn1bp2p/2N2p2/p2P4/2PB2P1/1P1NQP1P/R1B2RK1 b - - 1 16,3.9100
r1bq3r/2p1k1p1/pn1bp2p/2N2p2/p2P4/2PB2P1/1P1NQP1P/R1B2RK1 w - - 2 17,7.0900
r1bq3r/2p1k1p1/pn1bp2p/5p2/N2P4/2PB2P1/1P1NQP1P/R1B2RK1 b - - 0 17,5.8900
r1bq3r/2pnk1p1/p2bp2p/5p2/N2P4/2PB2P1/1P1NQP1P/R1B2RK1 w - - 1 18,6.8900
r1bq3r/2pnk1p1/p2bp2p/5p2/N1BP4/2P3P1/1P1NQP1P/R1B2RK1 b - - 2 18,5.5200
r2q3r/1bpnk1p1/p2bp2p/5p2/N1BP4/2P3P1/1P1NQP1P/R1B2RK1 w - - 3 19,10.0000
r2q3r/1bpnk1p1/p2bQ2p/5p2/N1BP4/2P3P1/1P1N1P1P/R1B2RK1 b - - 0 19,10.0000
r2q1k1r/1bpn2p1/p2bQ2p/5p2/N1BP4/2P3P1/1P1N1P1P/R1B2RK1 w - - 1 20,10.0000
r2q1k1r/1bpn2p1/p2bQ2p/5p2/N1BP4/2P2NP1/1P3P1P/R1B2RK1 b - - 2 20,5.1700
r4k1r/1bpn2p1/p2bQq1p/5p2/N1BP4/2P2NP1/1P3P1P/R1B2RK1 w - - 3 21,4.9500
r4k1r/1bpn2p1/p2bQq1p/5p2/N1BP4/2P3P1/1P1N1P1P/R1B2RK1 b - - 4 21,4.4900
r4k1r/1bpn4/p2bQq1p/5pp1/N1BP4/2P3P1/1P1N1P1P/R1B2RK1 w - - 0 22,4.8100
r4k1r/1bpn4/p2b1Q1p/5pp1/N1BP4/2P3P1/1P1N1P1P/R1B2RK1 b - - 0 22,4.7800
r3k2r/1bpn4/p2b1Q1p/5pp1/N1BP4/2P3P1/1P1N1P1P/R1B2RK1 w - - 1 23,9.4300
r3k2r/1bpn4/p2b1Q1p/5pp1/N1BP4/2P3P1/1P1N1P1P/R1B1R1K1 b - - 2 23,8.9300
r3k2r/1bp5/p2b1Q1p/4npp1/N1BP4/2P3P1/1P1N1P1P/R1B1R1K1 w - - 3 24,10.0500
r3k2Q/1bp5/p2b3p/4npp1/N1BP4/2P3P1/1P1N1P1P/R1B1R1K1 b - - 0 24,10.2100
r6Q/1bpk4/p2b3p/4npp1/N1BP4/2P3P1/1P1N1P1P/R1B1R1K1 w - - 1 25,10.3900
r7/1bpk3Q/p2b3p/4npp1/N1BP4/2P3P1/1P1N1P1P/R1B1R1K1 b - - 2 25,10.8300
r2k4/1bp4Q/p2b3p/4npp1/N1BP4/2P3P1/1P1N1P1P/R1B1R1K1 w - - 3 26,11.1700
r2k3Q/1bp5/p2b3p/4npp1/N1BP4/2P3P1/1P1N1P1P/R1B1R1K1 b - - 4 26,10.8200
r6Q/1bpk4/p2b3p/4npp1/N1BP4/2P3P1/1P1N1P1P/R1B1R1K1 w - - 5 27,10.6400
r7/1bpk2Q1/p2b3p/4npp1/N1BP4/2P3P1/1P1N1P1P/R1B1R1K1 b - - 6 27,10.7100
r3k3/1bp3Q1/p2b3p/4npp1/N1BP4/2P3P1/1P1N1P1P/R1B1R1K1 w - - 7 28,11.6100
r3k1Q1/1bp5/p2b3p/4npp1/N1BP4/2P3P1/1P1N1P1P/R1B1R1K1 b - - 8 28,11.1700
r5Q1/1bpk4/p2b3p/4npp1/N1BP4/2P3P1/1P1N1P1P/R1B1R1K1 w - - 9 29,11.5600
r7/1bpk4/p2bQ2p/4npp1/N1BP4/2P3P1/1P1N1P1P/R1B1R1K1 b - - 10 29,11.8200
r7/1bp5/p1kbQ2p/4npp1/N1BP4/2P3P1/1P1N1P1P/R1B1R1K1 w - - 11 30,10.0000
r7/1bp5/p1kbQ2p/4Ppp1/N1B5/2P3P1/1P1N1P1P/R1B1R1K1 b - - 0 30,13.1300
r7/1bp5/2kbQ2p/p3Ppp1/N1B5/2P3P1/1P1N1P1P/R1B1R1K1 w - - 0 31,10.0000
r7/1bp5/2kb3p/p2QPpp1/N1B5/2P3P1/1P1N1P1P/R1B1R1K1 b - - 1 31,10.0000
r7/1bpk4/3b3p/p2QPpp1/N1B5/2P3P1/1P1N1P1P/R1B1R1K1 w - - 2 32,10.0000
r7/1Qpk4/3b3p/p3Ppp1/N1B5/2P3P1/1P1N1P1P/R1B1R1K1 b - - 0 32,12.1800
r1bqkbnr/pp1ppppp/2n5/1Bp5/4P3/5N2/PPPP1PPP/RNBQK2R b KQkq - 3 3,0.4800
r1bqkbnr/pp1ppppp/8/1Bp5/3nP3/5N2/PPPP1PPP/RNBQK2R w KQkq - 4 4,0.6100
r1bqkbnr/pp1ppppp/8/2p5/3nP3/5N2/PPPPBPPP/RNBQK2R b KQkq - 5 4,0.3300
r1bqkbnr/pp2pppp/8/2pp4/3nP3/5N2/PPPPBPPP/RNBQK2R w KQkq - 0 5,0.4700
r1bqkbnr/pp2pppp/8/2pp4/3NP3/8/PPPPBPPP/RNBQK2R b KQkq - 0 5,0.4600
r1bqkbnr/pp2pppp/8/3p4/3pP3/8/PPPPBPPP/RNBQK2R w KQkq - 0 6,0.4500
r1bqkbnr/pp2pppp/8/3P4/3p4/8/PPPPBPPP/RNBQK2R b KQkq - 0 6,0.4300
r1b1kbnr/pp2pppp/8/3q4/3p4/8/PPPPBPPP/RNBQK2R w KQkq - 0 7,0.4200
r1b1kbnr/pp2pppp/8/3q4/3p4/5B2/PPPP1PPP/RNBQK2R b KQkq - 1 7,0.0300
r1b1kbnr/pp2pppp/8/4q3/3p4/5B2/PPPP1PPP/RNBQK2R w KQkq - 2 8,-0.1100
r1b1kbnr/pp2pppp/8/4q3/3p4/5B2/PPPPQPPP/RNB1K2R b KQkq - 3 8,-0.1100
r1b1kbnr/pp2pppp/8/8/3p4/5B2/PPPPqPPP/RNB1K2R w KQkq - 0 9,-0.1000
r1b1kbnr/pp2pppp/8/8/3p4/5B2/PPPPKPPP/RNB4R b kq - 0 9,-0.1400
r1b1kbnr/pp2ppp1/8/7p/3p4/5B2/PPPPKPPP/RNB4R w kq - 0 10,-0.0500
r1b1kbnr/pp2ppp1/8/7p/3p4/N4B2/PPPPKPPP/R1B4R b kq - 1 10,-0.2600
r3kbnr/pp2ppp1/8/7p/3p2b1/N4B2/PPPPKPPP/R1B4R w kq - 2 11,-0.1200
r3kbnr/pp2ppp1/8/7p/3p2b1/N2P1B2/PPP1KPPP/R1B4R b kq - 0 11,-0.3400
2kr1bnr/pp2ppp1/8/7p/3p2b1/N2P1B2/PPP1KPPP/R1B4R w - - 1 12,-0.1500
2kr1bnr/pp2ppp1/8/7p/3p2b1/N2P1B1P/PPP1KPP1/R1B4R b - - 0 12,-0.2800
2kr1bnr/pp1bppp1/8/7p/3p4/N2P1B1P/PPP1KPP1/R1B4R w - - 1 13,0.4600
2kr1bnr/pp1bppp1/8/7p/3p4/N1PP1B1P/PP2KPP1/R1B4R b - - 0 13,0.7100
2kr1bnr/pp1b1pp1/8/4p2p/3p4/N1PP1B1P/PP2KPP1/R1B4R w - - 0 14,0.8300
2kr1bnr/pp1b1pp1/8/4p2p/2Np4/2PP1B1P/PP2KPP1/R1B4R b - - 1 14,0.2200
2k1rbnr/pp1b1pp1/8/4p2p/2Np4/2PP1B1P/PP2KPP1/R1B4R w - - 2 15,0.9300
2k1rbnr/pp1b1pp1/8/N3p2p/3p4/2PP1B1P/PP2KPP1/R1B4R b - - 3 15,-0.4600
2k1rbnr/pp1b1pp1/8/N6p/3pp3/2PP1B1P/PP2KPP1/R1B4R w - - 0 16,-0.3300
2k1rbnr/pp1b1pp1/8/N6p/3Pp3/3P1B1P/PP2KPP1/R1B4R b - - 0 16,-3.3100
2k1r1nr/pp1b1pp1/8/N6p/1b1Pp3/3P1B1P/PP2KPP1/R1B4R w - - 1 17,-1.9500
2k1r1nr/pp1b1pp1/8/N6p/1b1Pp3/3P1B1P/PP3PP1/R1BK3R b - - 2 17,-5.0000
2k1r1nr/pp1b1pp1/8/b6p/3Pp3/3P1B1P/PP3PP1/R1BK3R w - - 0 18,-2.7300
2k1r1nr/pp1b1pp1/8/b6p/3PB3/3P3P/PP3PP1/R1BK3R b - - 0 18,-3.5600
2k1r1nr/ppbb1pp1/8/7p/3PB3/3P3P/PP3PP1/R1BK3R w - - 1 19,-3.6400
2k1r1nr/ppbb1pp1/8/6Bp/3PB3/3P3P/PP3PP1/R2K3R b - - 2 19,-3.7300
2k1r2r/ppbb1pp1/5n2/6Bp/3PB3/3P3P/PP3PP1/R2K3R w - - 3 20,-3.3700
2k1r2r/ppbb1pp1/5n2/6Bp/3PB3/3P1P1P/PP4P1/R2K3R b - - 0 20,-4.2300
2k1r2r/ppb2pp1/4bn2/6Bp/3PB3/3P1P1P/PP4P1/R2K3R w - - 1 21,-4.0700
2k1r2r/ppb2pp1/4bB2/7p/3PB3/3P1P1P/PP4P1/R2K3R b - - 0 21,-4.0700
2k1r2r/ppbb1pp1/5B2/7p/3PB3/3P1P1P/PP4P1/R2K3R w - - 1 22,1.3700
2k1r2r/ppbb1pp1/8/6Bp/3PB3/3P1P1P/PP4P1/R2K3R b - - 2 22,1.5000
2k1r2r/ppbb2p1/5p2/6Bp/3PB3/3P1P1P/PP4P1/R2K3R w - - 0 23,1.5500
2k1r2r/ppbb2p1/5p2/7p/3PB3/3P1P1P/PP4P1/R1BK3R b - - 1 23,1.3800
2k1r2r/ppbb2p1/8/5p1p/3PB3/3P1P1P/PP4P1/R1BK3R w - - 0 24,1.5600
2k1r2r/ppbb2p1/8/5p1p/3PB3/3PBP1P/PP4P1/R2K3R b - - 1 24,-1.1100
2k1r2r/pp1b2p1/8/5p1p/3PB3/3PBPbP/PP4P1/R2K3R w - - 2 25,-0.8000
2k1r2r/pp1b2p1/8/5p1p/3PB3/3PBPbP/PP1K2P1/R6R b - - 3 25,-0.8900
2k1r2r/pp1b2p1/8/7p/3Pp3/3PBPbP/PP1K2P1/R6R w - - 0 26,-0.8800
2k1r2r/pp1b2p1/8/7p/3PP3/3PB1bP/PP1K2P1/R6R b - - 0 26,-0.8800
2k1r2r/pp1b2p1/3b4/7p/3PP3/3PB2P/PP1K2P1/R6R w - - 1 27,-0.2800
2k1r2r/pp1b2p1/3b4/7p/3PP3/3PB2P/PP1K2P1/2R4R b - - 2 27,-0.6100
3kr2r/pp1b2p1/3b4/7p/3PP3/3PB2P/PP1K2P1/2R4R w - - 3 28,-0.1200
3kr2r/pp1b2p1/3b4/7p/3PP3/3PB2P/PP1K2P1/2R2R2 b - - 4 28,-0.5700
3kr2r/pp1b2p1/8/7p/1b1PP3/3PB2P/PP1K2P1/2R2R2 w - - 5 29,-0.2400
3kr2r/pp1b2p1/8/7p/1b1PP3/3PB2P/PP4P1/2RK1R2 b - - 6 29,-0.8100
3krr2/pp1b2p1/8/7p/1b1PP3/3PB2P/PP4P1/2RK1R2 w - - 7 30,-0.2000
3krR2/pp1b2p1/8/7p/1b1PP3/3PB2P/PP4P1/2RK4 b - - 0 30,-0.7800
3krR2/pp4p1/8/7p/bb1PP3/3PB2P/PP4P1/2RK4 w - - 1 31,4.2000
3krR2/pp4p1/8/7p/bb1PP3/1P1PB2P/P5P1/2RK4 b - - 0 31,4.4000
3krR2/pp4p1/8/7p/1b1PP3/1b1PB2P/P5P1/2RK4 w - - 0 32,4.3300
3krR2/pp4p1/8/7p/1b1PP3/1b1PB2P/P3K1P1/2R5 b - - 1 32,4.0500
3krR2/pp4p1/8/7p/1b1PP3/3PB2P/P3K1P1/2Rb4 w - - 2 33,4.5900
3krR2/pp4p1/8/7p/1b1PP3/3PB2P/P3K1P1/3R4 b - - 0 33,4.2900
3krb2/pp4p1/8/7p/3PP3/3PB2P/P3K1P1/3R4 w - - 0 34,4.5800
3krb2/pp4p1/8/3P3p/4P3/3PB2P/P3K1P1/3R4 b - - 0 34,4.2600
3krb2/pp4p1/8/3P4/4P2p/3PB2P/P3K1P1/3R4 w - - 0 35,4.4100
3krb2/pp4p1/8/3P4/4P2p/3PB2P/P3K1P1/2R5 b - - 1 35,4.7100
4rb2/pp1k2p1/8/3P4/4P2p/3PB2P/P3K1P1/2R5 w - - 2 36,4.6000
4rb2/pp1k2p1/8/3P4/4P2p/3PB2P/P3K1P1/5R2 b - - 3 36,4.6100
rnbqkbnr/pp2pppp/2p5/3p4/3PP3/2N5/PPP2PPP/R1BQKBNR b KQkq - 0 3,0.2600
rnbqkbnr/1p2pppp/p1p5/3p4/3PP3/2N5/PPP2PPP/R1BQKBNR w KQkq - 0 4,0.6500
rnbqkbnr/1p2pppp/p1p5/3p4/3PP3/2NB4/PPP2PPP/R1BQK1NR b KQkq - 1 4,0.6800
rnb1kbnr/1p2pppp/p1p5/q2p4/3PP3/2NB4/PPP2PPP/R1BQK1NR w KQkq - 2 5,1.5400
rnb1kbnr/1p2pppp/p1p5/q2p4/3PP3/2NB1N2/PPP2PPP/R1BQK2R b KQkq - 3 5,0.9700
rnb1kbnr/1p2pppp/p1p5/q7/3Pp3/2NB1N2/PPP2PPP/R1BQK2R w KQkq - 0 6,0.8600
rnb1kbnr/1p2pppp/p1p5/q7/1P1Pp3/2NB1N2/P1P2PPP/R1BQK2R b KQkq - 0 6,-2.2200
rnb1kbnr/1p2pppp/p1p5/8/1q1Pp3/2NB1N2/P1P2PPP/R1BQK2R w KQkq - 0 7,-2.2900
rnb1kbnr/1p2pppp/p1p5/8/1q1Pp3/2NB1N2/P1P2PPP/R1BQ1RK1 b kq - 1 7,-2.5700
rnb1kbnr/1p2pppp/p1p5/8/3Pp3/2qB1N2/P1P2PPP/R1BQ1RK1 w kq - 0 8,-2.3900
rnb1kbnr/1p2pppp/p1p5/8/3PpB2/2qB1N2/P1P2PPP/R2Q1RK1 b kq - 1 8,-4.2200
rnb1kbnr/1p2pppp/p1p5/8/3P1B2/2qp1N2/P1P2PPP/R2Q1RK1 w kq - 0 9,-4.1700
rnb1kbnr/1p2pppp/p1p5/8/3P1B2/2qp1N2/P1P2PPP/R2QR1K1 b kq - 1 9,-4.8900
rn2kbnr/1p2pppp/p1p5/8/3P1Bb1/2qp1N2/P1P2PPP/R2QR1K1 w kq - 2 10,-3.6700
rn2kbnr/1p2pppp/p1p5/8/3P1Bb1/2qp1N1P/P1P2PP1/R2QR1K1 b kq - 0 10,-5.0500
rnbqkbnr/pp1ppp1p/6p1/2p5/4P3/2N2N2/PPPP1PPP/R1BQKB1R b KQkq - 1 3,0.3400
rnbqkbnr/p2ppp1p/1p4p1/2p5/4P3/2N2N2/PPPP1PPP/R1BQKB1R w KQkq - 0 4,1.1000
rnbqkbnr/p2ppp1p/1p4p1/2p5/3PP3/2N2N2/PPP2PPP/R1BQKB1R b KQkq - 0 4,1.0800
rnbqk1nr/p2pppbp/1p4p1/2p5/3PP3/2N2N2/PPP2PPP/R1BQKB1R w KQkq - 1 5,0.9800
rnbqk1nr/p2pppbp/1p4p1/2P5/4P3/2N2N2/PPP2PPP/R1BQKB1R b KQkq - 0 5,1.1300
r1bqk1nr/p2pppbp/1pn3p1/2P5/4P3/2N2N2/PPP2PPP/R1BQKB1R w KQkq - 1 6,1.3600
r1bqk1nr/p2pppbp/1pn3p1/2P5/4P3/2N1BN2/PPP2PPP/R2QKB1R b KQkq - 2 6,0.8000
r1bqk1nr/p2ppp1p/1pn3p1/2P5/4P3/2b1BN2/PPP2PPP/R2QKB1R w KQkq - 0 7,1.1600
r1bqk1nr/p2ppp1p/1pn3p1/2P5/4P3/2b2N2/PPPB1PPP/R2QKB1R b KQkq - 1 7,-3.7300
r1bqk1nr/p2pppbp/1pn3p1/2P5/4P3/5N2/PPPB1PPP/R2QKB1R w KQkq - 2 8,-3.4700
r1bqk1nr/p2pppbp/1pn3p1/2P5/1P2P3/5N2/P1PB1PPP/R2QKB1R b KQkq - 0 8,-4.0700
r1bqk1nr/3pppbp/ppn3p1/2P5/1P2P3/5N2/P1PB1PPP/R2QKB1R w KQkq - 0 9,-3.7200
r1bqk1nr/3pppbp/ppn3p1/2P5/1PB1P3/5N2/P1PB1PPP/R2QK2R b KQkq - 1 9,-3.4700
r1bqk1nr/3pppbp/p1n3p1/2p5/1PB1P3/5N2/P1PB1PPP/R2QK2R w KQkq - 0 10,-3.6700
rnbqkbnr/pppp1ppp/8/8/3pP3/8/PPP1NPPP/RNBQKB1R b KQkq - 1 3,-0.3300
rnbqk1nr/pppp1ppp/8/8/1b1pP3/8/PPP1NPPP/RNBQKB1R w KQkq - 2 4,-0.2900
rnbqk1nr/pppp1ppp/8/8/1b1pP3/8/PPPNNPPP/R1BQKB1R b KQkq - 3 4,-0.5900
rnbqk2r/pppp1ppp/5n2/8/1b1pP3/8/PPPNNPPP/R1BQKB1R w KQkq - 4 5,-0.2600
rnbqk2r/pppp1ppp/5n2/8/1b1NP3/8/PPPN1PPP/R1BQKB1R b KQkq - 0 5,-0.2700
r1bqk2r/pppp1ppp/2n2n2/8/1b1NP3/8/PPPN1PPP/R1BQKB1R w KQkq - 1 6,0.1700
r1bqk2r/pppp1ppp/2n2n2/5N2/1b2P3/8/PPPN1PPP/R1BQKB1R b KQkq - 2 6,-0.6500
r1bqk2r/pppp1p1p/2n2np1/5N2/1b2P3/8/PPPN1PPP/R1BQKB1R w KQkq - 0 7,-0.2300
r1bqk2r/pppp1p1p/2n2npN/8/1b2P3/8/PPPN1PPP/R1BQKB1R b KQkq - 1 7,-0.2500
r1bqk2r/ppp2p1p/2n2npN/3p4/1b2P3/8/PPPN1PPP/R1BQKB1R w KQkq - 0 8,-0.5500
r1bqk2r/ppp2p1p/2n2npN/3P4/1b6/8/PPPN1PPP/R1BQKB1R b KQkq - 0 8,-0.8200
r1b1k2r/ppp2p1p/2n2npN/3q4/1b6/8/PPPN1PPP/R1BQKB1R w KQkq - 0 9,-1.2700
r1b1k2r/ppp2p1p/2n2npN/3q4/1b6/2P5/PP1N1PPP/R1BQKB1R b KQkq - 0 9,-1.5800
r3k2r/ppp2p1p/2n1bnpN/3q4/1b6/2P5/PP1N1PPP/R1BQKB1R w KQkq - 1 10,-0.3700
r3k2r/ppp2p1p/2n1bnpN/3q4/1b6/1NP5/PP3PPP/R1BQKB1R b KQkq - 2 10,-1.4600
r3k2r/ppp2p1p/2n1bnpN/8/1b6/1NP5/PP3PPP/R1BqKB1R w KQkq - 0 11,-1.8000
r3k2r/ppp2p1p/2n1bnpN/8/1b6/1NP5/PP3PPP/R1BK1B1R b kq - 0 11,-1.8000
r1bqkbnr/pppp1ppp/2n1p3/8/2B1P3/2N5/PPPP1PPP/R1BQK1NR b KQkq - 3 3,-0.2400
r1bqkb1r/pppp1ppp/2n1pn2/8/2B1P3/2N5/PPPP1PPP/R1BQK1NR w KQkq - 4 4,-0.2300
r1bqkb1r/pppp1ppp/2n1pn2/8/4P3/1BN5/PPPP1PPP/R1BQK1NR b KQkq - 5 4,-0.1900
r1bqk2r/pppp1ppp/2n1pn2/2b5/4P3/1BN5/PPPP1PPP/R1BQK1NR w KQkq - 6 5,1.0100
r1bqk2r/pppp1ppp/2n1pn2/2b1P3/8/1BN5/PPPP1PPP/R1BQK1NR b KQkq - 0 5,0.6100
r1bqk2r/pppp1ppp/2n1pn2/4P3/8/1BN5/PPPP1bPP/R1BQK1NR w KQkq - 0 6,2.6700
r1bqk2r/pppp1ppp/2n1pn2/4P3/8/1BN5/PPPPKbPP/R1BQ2NR b kq - 1 6,-2.2400
r1bqk2r/pppp1ppp/2n1pn2/2b1P3/8/1BN5/PPPPK1PP/R1BQ2NR w kq - 2 7,0.6500
r1bqk2r/pppp1ppp/2n1pP2/2b5/8/1BN5/PPPPK1PP/R1BQ2NR b kq - 0 7,1.1800
r1b1k2r/pppp1ppp/2n1pq2/2b5/8/1BN5/PPPPK1PP/R1BQ2NR w kq - 0 8,1.3900
r1b1k2r/pppp1ppp/2n1pq2/2b5/8/1BN5/PPPPK1PP/R1B1Q1NR b kq - 1 8,0.9600
r1b1k2r/ppp2ppp/2n1pq2/2bp4/8/1BN5/PPPPK1PP/R1B1Q1NR w kq - 0 9,1.5000
r1b1k2r/ppp2ppp/2n1pq2/2bp4/8/1BN2N2/PPPPK1PP/R1B1Q2R b kq - 1 9,1.4000
r1b2rk1/ppp2ppp/2n1pq2/2bp4/8/1BN2N2/PPPPK1PP/R1B1Q2R w - - 2 10,1.5200
r1b2rk1/ppp2ppp/2n1pq2/2bp4/8/1BNP1N2/PPP1K1PP/R1B1Q2R b - - 0 10,1.5600
r1b2rk1/1pp2ppp/2n1pq2/p1bp4/8/1BNP1N2/PPP1K1PP/R1B1Q2R w - - 0 11,1.7700
r1b2rk1/1pp2ppp/2n1pq2/p1bp4/8/1BNP1N2/PPP1K1PP/R1B1QR2 b - - 1 11,1.2800
r1b2rk1/2p2ppp/2n1pq2/ppbp4/8/1BNP1N2/PPP1K1PP/R1B1QR2 w - - 0 12,1.9800
r1b2rk1/2p2ppp/2n1pq2/ppbp4/8/PBNP1N2/1PP1K1PP/R1B1QR2 b - - 0 12,1.3500
1rb2rk1/2p2ppp/2n1pq2/ppbp4/8/PBNP1N2/1PP1K1PP/R1B1QR2 w - - 1 13,1.7000
1rb2rk1/2p2ppp/2n1pq2/ppbp4/8/PBNP1N2/1PP3PP/R1BKQR2 b - - 2 13,1.0800
1rb2rk1/2p2ppp/2n1pq2/1pbp4/p7/PBNP1N2/1PP3PP/R1BKQR2 w - - 0 14,0.9600
1rb2rk1/2p2ppp/2n1pq2/1pbp4/p6N/PBNP4/1PP3PP/R1BKQR2 b - - 1 14,0.3000
1rbq1rk1/2p2ppp/2n1p3/1pbp4/p6N/PBNP4/1PP3PP/R1BKQR2 w - - 2 15,0.4400
1rbq1rk1/2p2ppp/2n1p3/1pbp4/N6N/PB1P4/1PP3PP/R1BKQR2 b - - 0 15,-1.8300
1rbq1rk1/2p1bppp/2n1p3/1p1p4/N6N/PB1P4/1PP3PP/R1BKQR2 w - - 1 16,-1.1600
1rbq1rk1/2p1bppp/2n1p3/1p1p4/N6N/PB1P2P1/1PP4P/R1BKQR2 b - - 0 16,-2.1700
rnbqkb1r/ppp1pppp/5n2/3p4/3P4/4PN2/PPP2PPP/RNBQKB1R b KQkq - 0 3,0.1600
rnbqkb1r/ppp2ppp/4pn2/3p4/3P4/4PN2/PPP2PPP/RNBQKB1R w KQkq - 0 4,0.0900
rnbqkb1r/ppp2ppp/4pn2/3p4/3P4/4PN2/PPP1BPPP/RNBQK2R b KQkq - 1 4,0.0900
rnbqkb1r/p1p2ppp/1p2pn2/3p4/3P4/4PN2/PPP1BPPP/RNBQK2R w KQkq - 0 5,0.0800
rnbqkb1r/p1p2ppp/1p2pn2/3p4/3P4/4PN2/PPP1BPPP/RNBQ1RK1 b kq - 1 5,0.0700
rn1qkb1r/pbp2ppp/1p2pn2/3p4/3P4/4PN2/PPP1BPPP/RNBQ1RK1 w kq - 2 6,0.0700
rn1qkb1r/pbp2ppp/1p2pn2/3p4/3P4/1P2PN2/P1P1BPPP/RNBQ1RK1 b kq - 0 6,0.1000
r2qkb1r/pbpn1ppp/1p2pn2/3p4/3P4/1P2PN2/P1P1BPPP/RNBQ1RK1 w kq - 1 7,0.1600
r2qkb1r/pbpn1ppp/1p2pn2/3p4/3P4/1P2PN2/P1PNBPPP/R1BQ1RK1 b kq - 2 7,0.0700
r2qk2r/pbpn1ppp/1p2pn2/3p4/1b1P4/1P2PN2/P1PNBPPP/R1BQ1RK1 w kq - 3 8,0.2600
r2qk2r/pbpn1ppp/1p2pn2/3p4/1b1P4/1P2PN2/PBPNBPPP/R2Q1RK1 b kq - 4 8,0.2200
r2q1rk1/pbpn1ppp/1p2pn2/3p4/1b1P4/1P2PN2/PBPNBPPP/R2Q1RK1 w - - 5 9,0.2600
r2q1rk1/pbpn1ppp/1p2pn2/3p4/1b1P4/1P2PN1P/PBPNBPP1/R2Q1RK1 b - - 0 9,0.0400
r2q1rk1/pbpn1ppp/1p1bpn2/3p4/3P4/1P2PN1P/PBPNBPP1/R2Q1RK1 w - - 1 10,0.1500
r2q1rk1/pbpn1ppp/1p1bpn2/1B1p4/3P4/1P2PN1P/PBPN1PP1/R2Q1RK1 b - - 2 10,-0.0200
r4rk1/pbpnqppp/1p1bpn2/1B1p4/3P4/1P2PN1P/PBPN1PP1/R2Q1RK1 w - - 3 11,0.1500
r4rk1/pbpnqppp/1p1bpn2/1B1p4/3P4/1P2PN1P/PBPN1PP1/2RQ1RK1 b - - 4 11,-0.1200
r4rk1/1bpnqppp/pp1bpn2/1B1p4/3P4/1P2PN1P/PBPN1PP1/2RQ1RK1 w - - 0 12,-0.0900
r4rk1/1bpBqppp/pp1bpn2/3p4/3P4/1P2PN1P/PBPN1PP1/2RQ1RK1 b - - 0 12,-0.4700
r4rk1/1bpnqppp/pp1bp3/3p4/3P4/1P2PN1P/PBPN1PP1/2RQ1RK1 w - - 0 13,-0.4800
r4rk1/1bpnqppp/pp1bp3/3pN3/3P4/1P2P2P/PBPN1PP1/2RQ1RK1 b - - 1 13,-0.6700
r4rk1/1bpnq1pp/pp1bpp2/3pN3/3P4/1P2P2P/PBPN1PP1/2RQ1RK1 w - - 0 14,-0.5900
r4rk1/1bpnq1pp/pp1bpp2/3p4/3P2N1/1P2P2P/PBPN1PP1/2RQ1RK1 b - - 1 14,-0.9700
r4rk1/1bpnq1pp/1p1bpp2/p2p4/3P2N1/1P2P2P/PBPN1PP1/2RQ1RK1 w - - 0 15,-0.9400
r4rk1/1bpnq1pp/1p1bpp2/p2p4/2PP2N1/1P2P2P/PB1N1PP1/2RQ1RK1 b - - 0 15,-1.0500
r3qrk1/1bpn2pp/1p1bpp2/p2p4/2PP2N1/1P2P2P/PB1N1PP1/2RQ1RK1 w - - 1 16,-0.8000
r3qrk1/1bpn2pp/1p1bpp2/p2p4/2PP2N1/1P2P2P/PB1N1PP1/2RQR1K1 b - - 2 16,-1.2700
r4rk1/1bpn2pp/1p1bppq1/p2p4/2PP2N1/1P2P2P/PB1N1PP1/2RQR1K1 w - - 3 17,-0.9900
r4rk1/1bpn2pp/1p1bppq1/p2p4/2PP4/1P2P2P/PB1N1PPN/2RQR1K1 b - - 4 17,-1.4200
r4rk1/1bpn2pp/1p1b1pq1/p2pp3/2PP4/1P2P2P/PB1N1PPN/2RQR1K1 w - - 0 18,-0.8900
r4rk1/1bpn2pp/1p1b1pq1/p2Pp3/3P4/1P2P2P/PB1N1PPN/2RQR1K1 b - - 0 18,-0.7100
r4rk1/2pn2pp/1p1b1pq1/p2bp3/3P4/1P2P2P/PB1N1PPN/2RQR1K1 w - - 0 19,-0.2200
r4rk1/2pn2pp/1p1b1pq1/p2bp3/3PP3/1P5P/PB1N1PPN/2RQR1K1 b - - 0 19,-0.2800
r4rk1/2pn1bpp/1p1b1pq1/p3p3/3PP3/1P5P/PB1N1PPN/2RQR1K1 w - - 1 20,-0.0500
r4rk1/2pn1bpp/1p1b1pq1/p3p3/3PP3/1P3N1P/PB1N1PP1/2RQR1K1 b - - 2 20,-0.4000
r3brk1/2pn2pp/1p1b1pq1/p3p3/3PP3/1P3N1P/PB1N1PP1/2RQR1K1 w - - 3 21,1.4200
r3brk1/2pn2pp/1p1b1pq1/p3p3/3PP3/1P3N1P/PB3PP1/2RQRNK1 b - - 4 21,0.6500
r3brk1/2pn2pp/1p1b1p1q/p3p3/3PP3/1P3N1P/PB3PP1/2RQRNK1 w - - 5 22,1.1700
r3brk1/2pn2pp/1p1b1p1q/p3p3/3PP3/1P2NN1P/PB3PP1/2RQR1K1 b - - 6 22,1.0900
r4rk1/2pn2pp/1p1b1pbq/p3p3/3PP3/1P2NN1P/PB3PP1/2RQR1K1 w - - 7 23,1.4900
r4rk1/2pn2pp/1p1b1pbq/p3p3/3PP1N1/1P3N1P/PB3PP1/2RQR1K1 b - - 8 23,1.9000
r4rk1/2pn2pp/1p1b1pb1/p3p3/3PP1N1/1P3N1P/PB3PP1/2qQR1K1 w - - 0 24,4.0600
r4rk1/2pn2pp/1p1b1pb1/p3p3/3PP1N1/1P3N1P/P4PP1/2BQR1K1 b - - 0 24,3.8700
r4rk1/2pn2pp/1p1b1pb1/p7/3pP1N1/1P3N1P/P4PP1/2BQR1K1 w - - 0 25,3.9400
r4rk1/2pn2pp/1p1b1pb1/p7/3NP1N1/1P5P/P4PP1/2BQR1K1 b - - 0 25,3.7800
r4rk1/2p3pp/1p1b1pb1/p1n5/3NP1N1/1P5P/P4PP1/2BQR1K1 w - - 1 26,3.9900
r4rk1/2p3pp/1p1b1pb1/p1n5/3NP1N1/1P5P/PB3PP1/3QR1K1 b - - 2 26,3.5500
r4rk1/2p3pp/1p3pb1/p1n1b3/3NP1N1/1P5P/PB3PP1/3QR1K1 w - - 3 27,4.3100
r4rk1/2p3pp/1p3pb1/p1n1b3/3NP1N1/1P3P1P/PB4P1/3QR1K1 b - - 0 27,3.7300
r2r2k1/2p3pp/1p3pb1/p1n1b3/3NP1N1/1P3P1P/PB4P1/3QR1K1 w - - 1 28,3.9500
r2r2k1/2p3pp/1p3pb1/p1n1b3/3NP1NP/1P3P2/PB4P1/3QR1K1 b - - 0 28,2.8400
r2r2k1/2p3pp/1p3pb1/p1n5/3bP1NP/1P3P2/PB4P1/3QR1K1 w - - 0 29,3.2000
r2r2k1/2p3pp/1p3pb1/p1n5/3QP1NP/1P3P2/PB4P1/4R1K1 b - - 0 29,0.0300
r2r2k1/2p3pp/1p3pb1/p7/3QP1NP/1P1n1P2/PB4P1/4R1K1 w - - 1 30,5.6900
r2r2k1/2p3pp/1p3pb1/p7/4P1NP/1PQn1P2/PB4P1/4R1K1 b - - 2 30,4.2000
r2r2k1/2p3pp/1p3pb1/8/p3P1NP/1PQn1P2/PB4P1/4R1K1 w - - 0 31,5.0600
r2r2k1/2p3pp/1p3pb1/8/p3P1NP/1PQn1P2/PB4P1/5RK1 b - - 1 31,3.9700
rnbqkb1r/pppp1ppp/4pn2/8/3P1B2/5N2/PPP1PPPP/RN1QKB1R b KQkq - 1 3,0.1600
rnbqkb1r/ppp2ppp/4pn2/3p4/3P1B2/5N2/PPP1PPPP/RN1QKB1R w KQkq - 0 4,0.2900
rnbqkb1r/ppp2ppp/4pn2/3p4/3P1B2/4PN2/PPP2PPP/RN1QKB1R b KQkq - 0 4,0.3100
rnbqkb1r/p1p2ppp/1p2pn2/3p4/3P1B2/4PN2/PPP2PPP/RN1QKB1R w KQkq - 0 5,0.7300
rnbqkb1r/p1p2ppp/1p2pn2/3p4/3P1B2/2P1PN2/PP3PPP/RN1QKB1R b KQkq - 0 5,0.6000
rnbqk2r/p1p1bppp/1p2pn2/3p4/3P1B2/2P1PN2/PP3PPP/RN1QKB1R w KQkq - 1 6,0.7000
rnbqk2r/p1p1bppp/1p2pn2/3pN3/3P1B2/2P1P3/PP3PPP/RN1QKB1R b KQkq - 2 6,0.5800
rnbqk2r/p3bppp/1p2pn2/2ppN3/3P1B2/2P1P3/PP3PPP/RN1QKB1R w KQkq - 0 7,0.7600
rnbqk2r/p3bppp/1p2pn2/2ppN3/3P1B2/2P1P3/PP1N1PPP/R2QKB1R b KQkq - 1 7,0.7400
rn1qk2r/p2bbppp/1p2pn2/2ppN3/3P1B2/2P1P3/PP1N1PPP/R2QKB1R w KQkq - 2 8,1.2700
rn1qk2r/p2bbppp/1p2pn2/2ppN3/3P1B2/2P1PQ2/PP1N1PPP/R3KB1R b KQkq - 3 8,1.2900
r2qk2r/p2bbppp/1pn1pn2/2ppN3/3P1B2/2P1PQ2/PP1N1PPP/R3KB1R w KQkq - 4 9,1.2900
r2qk2r/p2bbppp/Bpn1pn2/2ppN3/3P1B2/2P1PQ2/PP1N1PPP/R3K2R b KQkq - 5 9,1.0300
r2qk2r/p2bbppp/Bpn1pn2/3pN3/3p1B2/2P1PQ2/PP1N1PPP/R3K2R w KQkq - 0 10,1.4300
r2qk2r/p2bbppp/Bpn1pn2/3pN3/3P1B2/4PQ2/PP1N1PPP/R3K2R b KQkq - 0 10,-1.0400
r2qk2r/p2bbppp/Bp2pn2/3pN3/1n1P1B2/4PQ2/PP1N1PPP/R3K2R w KQkq - 1 11,-1.2300
r2qk2r/pB1bbppp/1p2pn2/3pN3/1n1P1B2/4PQ2/PP1N1PPP/R3K2R b KQkq - 2 11,-2.2100
r2q1rk1/pB1bbppp/1p2pn2/3pN3/1n1P1B2/4PQ2/PP1N1PPP/R3K2R w KQ - 3 12,0.4400
B2q1rk1/p2bbppp/1p2pn2/3pN3/1n1P1B2/4PQ2/PP1N1PPP/R3K2R b KQ - 0 12,0.4900
B2q1rk1/p3bppp/1p2pn2/1b1pN3/1n1P1B2/4PQ2/PP1N1PPP/R3K2R w KQ - 1 13,2.2700
B2q1rk1/p3bppp/1pN1pn2/1b1p4/1n1P1B2/4PQ2/PP1N1PPP/R3K2R b KQ - 2 13,0.0900
B4rk1/p2qbppp/1pN1pn2/1b1p4/1n1P1B2/4PQ2/PP1N1PPP/R3K2R w KQ - 3 14,0.6800
B4rk1/p2qbppp/1p2pn2/1b1p4/1N1P1B2/4PQ2/PP1N1PPP/R3K2R b KQ - 0 14,0.5700
r5k1/p2qbppp/1p2pn2/1b1p4/1N1P1B2/4PQ2/PP1N1PPP/R3K2R w KQ - 0 15,2.7300
r5k1/p2qbppp/1p2pn2/1b1p4/PN1P1B2/4PQ2/1P1N1PPP/R3K2R b KQ - 0 15,1.1600
r5k1/p2qbppp/1p2p3/1b1p4/PN1PnB2/4PQ2/1P1N1PPP/R3K2R w KQ - 1 16,2.6700
r5k1/p2qbppp/1p2p3/1b1N4/P2PnB2/4PQ2/1P1N1PPP/R3K2R b KQ - 0 16,2.4800
r5k1/p2q1ppp/1p2p3/1b1N4/P2PnB1b/4PQ2/1P1N1PPP/R3K2R w KQ - 1 17,5.0000
r5k1/p2qNppp/1p2p3/1b6/P2PnB1b/4PQ2/1P1N1PPP/R3K2R b KQ - 2 17,4.6500
r5k1/p2qbppp/1p2p3/1b6/P2PnB2/4PQ2/1P1N1PPP/R3K2R w KQ - 0 18,4.8900
r5k1/p2qbppp/1p2p3/1b6/P2PNB2/4PQ2/1P3PPP/R3K2R b KQ - 0 18,3.7000
r5k1/p2qbppp/bp2p3/8/P2PNB2/4PQ2/1P3PPP/R3K2R w KQ - 1 19,3.6900
r5k1/p2qbppp/bp2pN2/8/P2P1B2/4PQ2/1P3PPP/R3K2R b KQ - 2 19,4.5700
r5k1/p2qbp1p/bp2pp2/8/P2P1B2/4PQ2/1P3PPP/R3K2R w KQ - 0 20,5.2900
r5k1/p2qbp1p/bp2pp1B/8/P2P4/4PQ2/1P3PPP/R3K2R b KQ - 1 20,5.3500
r5k1/p2q1p1p/bp2pp1B/8/Pb1P4/4PQ2/1P3PPP/R3K2R w KQ - 2 21,5.6700
r5k1/p2q1p1p/bp2pp1B/8/Pb1P4/4PQ2/1P3PPP/R2K3R b - - 3 21,5.3800
r4bk1/p2q1p1p/bp2pp1B/8/P2P4/4PQ2/1P3PPP/R2K3R w - - 4 22,5.2700
r4bk1/p2q1p1p/bp2pp1B/P7/3P4/4PQ2/1P3PPP/R2K3R b - - 0 22,0.3100
r5k1/p2q1p1p/bp2pp1b/P7/3P4/4PQ2/1P3PPP/R2K3R w - - 0 23,2.3700
r5k1/p2q1p1p/bP2pp1b/8/3P4/4PQ2/1P3PPP/R2K3R b - - 0 23,-1.5800
2r3k1/p2q1p1p/bP2pp1b/8/3P4/4PQ2/1P3PPP/R2K3R w - - 1 24,-0.3200
2r3k1/p2q1p1p/bP2pp1b/8/3P4/4P1Q1/1P3PPP/R2K3R b - - 2 24,-3.5000
2r3k1/p2q1p1p/bP2pp2/6b1/3P4/4P1Q1/1P3PPP/R2K3R w - - 3 25,-3.3100
2r3k1/P2q1p1p/b3pp2/6b1/3P4/4P1Q1/1P3PPP/R2K3R b - - 0 25,-5.8900
2r3k1/Pq3p1p/b3pp2/6b1/3P4/4P1Q1/1P3PPP/R2K3R w - - 1 26,-1.5400
2r3k1/Pq3p1p/b3pp2/6b1/3P4/4P1Q1/1P3PPP/R3K2R b - - 2 26,-10.0000
2r3k1/P4p1p/b3pp2/1q4b1/3P4/4P1Q1/1P3PPP/R3K2R w - - 3 27,-7.7700
2r3k1/P4p1p/R3pp2/1q4b1/3P4/4P1Q1/1P3PPP/4K2R b - - 0 27,-10.0000
r1bqkbnr/pppp1ppp/2n5/4p3/2B1P3/5N2/PPPP1PPP/RNBQK2R b KQkq - 3 3,0.1800
r1bqkbnr/pppp1p1p/2n3p1/4p3/2B1P3/5N2/PPPP1PPP/RNBQK2R w KQkq - 0 4,1.1900
r1bqkbnr/pppp1p1p/2n3p1/4p3/2BPP3/5N2/PPP2PPP/RNBQK2R b KQkq - 0 4,1.0200
r1bqkbnr/ppp2p1p/2np2p1/4p3/2BPP3/5N2/PPP2PPP/RNBQK2R w KQkq - 0 5,1.1200
r1bqkbnr/ppp2p1p/2np2p1/4p1N1/2BPP3/8/PPP2PPP/RNBQK2R b KQkq - 1 5,1.0500
r1bqkb1r/ppp2p1p/2np2pn/4p1N1/2BPP3/8/PPP2PPP/RNBQK2R w KQkq - 2 6,1.2100
r1bqkb1r/ppp2p1p/2np2pn/3Pp1N1/2B1P3/8/PPP2PPP/RNBQK2R b KQkq - 0 6,1.2400
r1bqkb1r/ppp1np1p/3p2pn/3Pp1N1/2B1P3/8/PPP2PPP/RNBQK2R w KQkq - 1 7,1.1300
r1bqkb1r/ppp1np1p/3p2pn/3Pp1N1/2B1P3/8/PPP1QPPP/RNB1K2R b KQkq - 2 7,0.9000
r2qkb1r/pppbnp1p/3p2pn/3Pp1N1/2B1P3/8/PPP1QPPP/RNB1K2R w KQkq - 3 8,1.4900
r2qkb1r/pppbnp1p/3p2pn/3Pp1N1/2B1P3/7P/PPP1QPP1/RNB1K2R b KQkq - 0 8,1.2400
r2qkb1r/1ppbnp1p/p2p2pn/3Pp1N1/2B1P3/7P/PPP1QPP1/RNB1K2R w KQkq - 0 9,1.3300
r2qkb1r/1ppbnp1p/p2p2pn/3Pp1N1/2B1P3/4B2P/PPP1QPP1/RN2K2R b KQkq - 1 9,0.6500
r1nqkb1r/1ppb1p1p/p2p2pn/3Pp1N1/2B1P3/4B2P/PPP1QPP1/RN2K2R w KQkq - 2 10,1.3400
r1nqkb1r/1ppb1p1p/p2p2pn/3Pp1N1/4P3/1B2B2P/PPP1QPP1/RN2K2R b KQkq - 3 10,1.2100
r1n1kb1r/1ppbqp1p/p2p2pn/3Pp1N1/4P3/1B2B2P/PPP1QPP1/RN2K2R w KQkq - 4 11,1.4100
rnbqkbnr/ppp2ppp/4p3/3p4/2P5/5NP1/PP1PPP1P/RNBQKB1R b KQkq - 0 3,0.3400
rnbqk1nr/ppp1bppp/4p3/3p4/2P5/5NP1/PP1PPP1P/RNBQKB1R w KQkq - 1 4,0.3900
rnbqk1nr/ppp1bppp/4p3/3p4/2P5/5NP1/PP1PPPBP/RNBQK2R b KQkq - 2 4,0.4100
rnbqk2r/ppp1bppp/4pn2/3p4/2P5/5NP1/PP1PPPBP/RNBQK2R w KQkq - 3 5,0.4600
rnbqk2r/ppp1bppp/4pn2/3p4/2PP4/5NP1/PP2PPBP/RNBQK2R b KQkq - 0 5,0.4300
r1bqk2r/pppnbppp/4pn2/3p4/2PP4/5NP1/PP2PPBP/RNBQK2R w KQkq - 1 6,0.4900
r1bqk2r/pppnbppp/4pn2/3p4/2PP4/5NP1/PPQ1PPBP/RNB1K2R b KQkq - 2 6,0.5300
r1bqk2r/pp1nbppp/2p1pn2/3p4/2PP4/5NP1/PPQ1PPBP/RNB1K2R w KQkq - 0 7,0.6700
r1bqk2r/pp1nbppp/2p1pn2/3p4/2PP4/1P3NP1/P1Q1PPBP/RNB1K2R b KQkq - 0 7,0.4000
r1bqk2r/1p1nbppp/2p1pn2/p2p4/2PP4/1P3NP1/P1Q1PPBP/RNB1K2R w KQkq - 0 8,0.4300
r1bqk2r/1p1nbppp/2p1pn2/p2p4/2PP4/1P3NP1/P1Q1PPBP/RNB2RK1 b kq - 1 8,0.4000
r1bqk2r/1p1nbppp/2p1pn2/3p4/p1PP4/1P3NP1/P1Q1PPBP/RNB2RK1 w kq - 0 9,0.4300
r1bqk2r/1p1nbppp/2p1pn2/3p4/p1PP4/NP3NP1/P1Q1PPBP/R1B2RK1 b kq - 1 9,0.1800
2bqk2r/rp1nbppp/2p1pn2/3p4/p1PP4/NP3NP1/P1Q1PPBP/R1B2RK1 w k - 2 10,0.4300
2bqk2r/rp1nbppp/2p1pn2/2Pp4/p2P4/NP3NP1/P1Q1PPBP/R1B2RK1 b k - 0 10,0.4400
2bqk2r/r2nbppp/1pp1pn2/2Pp4/p2P4/NP3NP1/P1Q1PPBP/R1B2RK1 w k - 0 11,0.4800
2bqk2r/r2nbppp/1pp1pn2/2Pp4/pP1P4/N4NP1/P1Q1PPBP/R1B2RK1 b k - 0 11,0.4300
3qk2r/r2nbppp/bpp1pn2/2Pp4/pP1P4/N4NP1/P1Q1PPBP/R1B2RK1 w k - 1 12,0.5800
3qk2r/r2nbppp/bpp1pn2/2Pp4/pP1P4/N4NP1/P1Q1PPBP/R1B1R1K1 b k - 2 12,0.5000
3qk2r/r2nbppp/b1p1pn2/2pp4/pP1P4/N4NP1/P1Q1PPBP/R1B1R1K1 w k - 0 13,0.8000
3qk2r/r2nbppp/b1p1pn2/2Pp4/pP6/N4NP1/P1Q1PPBP/R1B1R1K1 b k - 0 13,0.8200
3q1rk1/r2nbppp/b1p1pn2/2Pp4/pP6/N4NP1/P1Q1PPBP/R1B1R1K1 w - - 1 14,1.0100
3q1rk1/r2nbppp/b1p1pn2/2Pp4/pP1N4/N5P1/P1Q1PPBP/R1B1R1K1 b - - 2 14,0.8000
2q2rk1/r2nbppp/b1p1pn2/2Pp4/pP1N4/N5P1/P1Q1PPBP/R1B1R1K1 w - - 3 15,1.2300
2q2rk1/r2nbppp/b1p1pn2/2Pp4/pP1N4/N5P1/PBQ1PPBP/R3R1K1 b - - 4 15,0.9400
5rk1/rq1nbppp/b1p1pn2/2Pp4/pP1N4/N5P1/PBQ1PPBP/R3R1K1 w - - 5 16,0.8700
5rk1/rq1nbppp/b1p1pn2/2Pp4/pP1N4/N5P1/PBQ1PPBP/RR4K1 b - - 6 16,-0.0600
5rk1/rq1nbppp/b1p2n2/2Ppp3/pP1N4/N5P1/PBQ1PPBP/RR4K1 w - - 0 17,0.6600
5rk1/rq1nbppp/b1p2n2/2PppN2/pP6/N5P1/PBQ1PPBP/RR4K1 b - - 1 17,0.8600
3b1rk1/rq1n1ppp/b1p2n2/2PppN2/pP6/N5P1/PBQ1PPBP/RR4K1 w - - 2 18,1.6200
3b1rk1/rq1n1ppp/b1p2n2/2PppN2/pP6/N5P1/P1Q1PPBP/RRB3K1 b - - 3 18,1.1200
q2b1rk1/r2n1ppp/b1p2n2/2PppN2/pP6/N5P1/P1Q1PPBP/RRB3K1 w - - 4 19,1.3100
q2b1rk1/r2n1ppp/b1p2n2/2PppN2/pP6/N3B1P1/P1Q1PPBP/RR4K1 b - - 5 19,0.8900
q2b1rk1/rb1n1ppp/2p2n2/2PppN2/pP6/N3B1P1/P1Q1PPBP/RR4K1 w - - 6 20,1.5000
q2b1rk1/rb1n1ppp/2p2n2/2PppN2/pP6/N3B1PB/P1Q1PP1P/RR4K1 b - - 7 20,1.3600
rnbqkbnr/pp1p1ppp/2p5/4p2Q/2B1P3/8/PPPP1PPP/RNB1K1NR b KQkq - 1 3,-0.2100
rnb1kbnr/pp1pqppp/2p5/4p2Q/2B1P3/8/PPPP1PPP/RNB1K1NR w KQkq - 2 4,-0.1400
rnb1kbnr/pp1pqppp/2p5/4p2Q/2B1P3/5N2/PPPP1PPP/RNB1K2R b KQkq - 3 4,-0.4400
rnb1kbnr/pp2qppp/2p5/3pp2Q/2B1P3/5N2/PPPP1PPP/RNB1K2R w KQkq - 0 5,-0.5500
rnb1kbnr/pp2qppp/2p5/3pp2Q/4P3/3B1N2/PPPP1PPP/RNB1K2R b KQkq - 1 5,-3.6000
rnb1kbnr/pp2qppp/2p5/4p2Q/4p3/3B1N2/PPPP1PPP/RNB1K2R w KQkq - 0 6,-3.4200
rnb1kbnr/pp2qppp/2p5/4p2Q/4p3/3B1N2/PPPP1PPP/RNB2RK1 b kq - 1 6,-4.3200
rnb1kb1r/pp2qppp/2p2n2/4p2Q/4p3/3B1N2/PPPP1PPP/RNB2RK1 w kq - 2 7,-4.5300
rnb1kb1r/pp2qppp/2p2n2/4Q3/4p3/3B1N2/PPPP1PPP/RNB2RK1 b kq - 0 7,-4.7700
rnb1kb1r/pp3ppp/2p2n2/4q3/4p3/3B1N2/PPPP1PPP/RNB2RK1 w kq - 0 8,-4.6000
rnb1kb1r/pp3ppp/2p2n2/4q3/4p3/3B1N2/PPPP1PPP/RNB1R1K1 b kq - 1 8,-6.5200
rnb1kb1r/pp3ppp/2p2n2/5q2/4p3/3B1N2/PPPP1PPP/RNB1R1K1 w kq - 2 9,-5.5800
rnb1kb1r/pp3ppp/2p2n2/5q2/4p3/2NB1N2/PPPP1PPP/R1B1R1K1 b kq - 3 9,-5.6900
rnb1k2r/pp2bppp/2p2n2/5q2/4p3/2NB1N2/PPPP1PPP/R1B1R1K1 w kq - 4 10,-5.2000
rnb1k2r/pp2bppp/2p2n2/5q2/4N3/3B1N2/PPPP1PPP/R1B1R1K1 b kq - 0 10,-5.3400
rnb1k2r/pp1qbppp/2p2n2/8/4N3/3B1N2/PPPP1PPP/R1B1R1K1 w kq - 1 11,-4.9000
rnb1k2r/pp1qbppp/2p2n2/8/1P2N3/3B1N2/P1PP1PPP/R1B1R1K1 b kq - 0 11,-5.3300
rnb1k2r/p2qbppp/1pp2n2/8/1P2N3/3B1N2/P1PP1PPP/R1B1R1K1 w kq - 0 12,-4.0400
rnb1k2r/p2qbppp/1pp2n2/6N1/1P2N3/3B4/P1PP1PPP/R1B1R1K1 b kq - 1 12,-5.0100
r1b1k2r/p2qbppp/npp2n2/6N1/1P2N3/3B4/P1PP1PPP/R1B1R1K1 w kq - 2 13,-3.4100
r1b1k2r/p2qbppp/npp2n2/6N1/1P2N3/B2B4/P1PP1PPP/R3R1K1 b kq - 3 13,-4.8900
r1b2rk1/p2qbppp/npp2n2/6N1/1P2N3/B2B4/P1PP1PPP/R3R1K1 w - - 4 14,-4.5000
r1b2rk1/p2qbppp/npp2n2/8/1P2N3/B2B1N2/P1PP1PPP/R3R1K1 b - - 5 14,-4.9700
r1b2rk1/p2qbppp/npp5/8/1P2n3/B2B1N2/P1PP1PPP/R3R1K1 w - - 0 15,-4.5400
r1b2rk1/p2qbppp/npp5/8/1P2R3/B2B1N2/P1PP1PPP/R5K1 b - - 0 15,-4.8600
r1b2rk1/p2q1ppp/npp2b2/8/1P2R3/B2B1N2/P1PP1PPP/R5K1 w - - 1 16,-4.7700
r1b2rk1/p2q1ppp/npp2b2/8/1P6/B2B1N2/P1PP1PPP/R3R1K1 b - - 2 16,-5.4700
r1b2r1k/p2q1ppp/npp2b2/8/1P6/B2B1N2/P1PP1PPP/R3R1K1 w - - 3 17,-5.4500
r1b2r1k/p2q1ppp/npp2b2/4N3/1P6/B2B4/P1PP1PPP/R3R1K1 b - - 4 17,-5.0100
r1b2r1k/p2q1ppp/npp5/4b3/1P6/B2B4/P1PP1PPP/R3R1K1 w - - 0 18,-4.5000
r1b2r1k/p2q1ppp/npp5/4R3/1P6/B2B4/P1PP1PPP/R5K1 b - - 0 18,-4.7000
r1b2r1k/p2q1ppp/np6/2p1R3/1P6/B2B4/P1PP1PPP/R5K1 w - - 0 19,-4.3500
r1b2r1k/p2q1ppp/np6/2p4R/1P6/B2B4/P1PP1PPP/R5K1 b - - 1 19,-5.4500
r1b2r1k/p2q1pp1/np5p/2p4R/1P6/B2B4/P1PP1PPP/R5K1 w - - 0 20,-4.3300
r1b2r1k/p2q1pp1/np5p/2p4R/1P6/3B4/PBPP1PPP/R5K1 b - - 1 20,-4.7300
r1b2r1k/p4pp1/np1q3p/2p4R/1P6/3B4/PBPP1PPP/R5K1 w - - 2 21,-4.0300
r1b2r1k/p4pp1/np1q3p/2p4R/1P6/P2B4/1BPP1PPP/R5K1 b - - 0 21,-4.5000
r4r1k/p4pp1/np1q3p/2p4R/1P4b1/P2B4/1BPP1PPP/R5K1 w - - 1 22,-4.9100
r4r1k/p4pp1/np1q3p/2p1R3/1P4b1/P2B4/1BPP1PPP/R5K1 b - - 2 22,-4.7600
3r1r1k/p4pp1/np1q3p/2p1R3/1P4b1/P2B4/1BPP1PPP/R5K1 w - - 3 23,-4.6500
3r1r1k/p4pp1/np1q3p/2p1R3/1P4b1/P2B4/1BPP1PPP/4R1K1 b - - 4 23,-4.7300
3r1r1k/p1n2pp1/1p1q3p/2p1R3/1P4b1/P2B4/1BPP1PPP/4R1K1 w - - 5 24,-4.5100
3r1r1k/p1n2pp1/1p1q3p/2p1R3/1P4b1/P2B3P/1BPP1PP1/4R1K1 b - - 0 24,-4.9000
3r1r1k/p1nb1pp1/1p1q3p/2p1R3/1P6/P2B3P/1BPP1PP1/4R1K1 w - - 1 25,-4.8000
3r1r1k/p1nb1pp1/1p1q3p/2P1R3/8/P2B3P/1BPP1PP1/4R1K1 b - - 0 25,-5.0100
3r1r1k/p1nb1pp1/1p3q1p/2P1R3/8/P2B3P/1BPP1PP1/4R1K1 w - - 1 26,-4.4300
3r1r1k/p1nb1pp1/1p3q1p/2P1R3/P7/3B3P/1BPP1PP1/4R1K1 b - - 0 26,-4.6500
3r1r1k/p1nb1pp1/5q1p/2p1R3/P7/3B3P/1BPP1PP1/4R1K1 w - - 0 27,-4.7800
3r1r1k/p1nb1pp1/5q1p/2p1R3/P7/3B2PP/1BPP1P2/4R1K1 b - - 0 27,-5.2800
3r1r1k/p2b1pp1/4nq1p/2p1R3/P7/3B2PP/1BPP1P2/4R1K1 w - - 1 28,-5.1500
3r1r1k/p2b1pp1/4nq1p/P1p1R3/8/3B2PP/1BPP1P2/4R1K1 b - - 0 28,-6.1200
3r1r1k/p2b1pp1/5q1p/P1p1R3/3n4/3B2PP/1BPP1P2/4R1K1 w - - 1 29,-5.4700
3r1r1k/p2b1pp1/5q1p/P1pR4/3n4/3B2PP/1BPP1P2/4R1K1 b - - 2 29,-7.1700
3r1r1k/p4pp1/4bq1p/P1pR4/3n4/3B2PP/1BPP1P2/4R1K1 w - - 3 30,-5.9800
3r1r1k/p4ppB/4bq1p/P1pR4/3n4/6PP/1BPP1P2/4R1K1 b - - 4 30,-7.4600
5r1k/p4ppB/4bq1p/P1pr4/3n4/6PP/1BPP1P2/4R1K1 w - - 0 31,-7.9400
5r1k/p4ppB/4bq1p/P1pr4/3B4/6PP/2PP1P2/4R1K1 b - - 0 31,-7.5400
5r2/p4ppk/4bq1p/P1pr4/3B4/6PP/2PP1P2/4R1K1 w - - 0 32,-6.7900
5r2/p4ppk/4bq1p/P1pr4/8/6PP/2PP1P2/B3R1K1 b - - 1 32,-8.6300
5r2/p4ppk/4bq1p/P1p2r2/8/6PP/2PP1P2/B3R1K1 w - - 2 33,-6.8900
5r2/p4ppk/4bB1p/P1p2r2/8/6PP/2PP1P2/4R1K1 b - - 0 33,-6.7900
5r2/p4ppk/4br1p/P1p5/8/6PP/2PP1P2/4R1K1 w - - 0 34,-7.0300
5r2/p4ppk/4br1p/P1p5/6P1/7P/2PP1P2/4R1K1 b - - 0 34,-7.1500
4r3/p4ppk/4br1p/P1p5/6P1/7P/2PP1P2/4R1K1 w - - 1 35,-6.5400
4r3/p4ppk/4br1p/P1p5/6P1/3P3P/2P2P2/4R1K1 b - - 0 35,-6.7000
4r3/p4ppk/4br1p/P7/2p3P1/3P3P/2P2P2/4R1K1 w - - 0 36,-6.7200
4r3/p4ppk/4br1p/P7/2p1R1P1/3P3P/2P2P2/6K1 b - - 1 36,-7.0100
4r3/p4p1k/4br1p/P5p1/2p1R1P1/3P3P/2P2P2/6K1 w - - 0 37,-6.8700
4r3/p4p1k/P3br1p/6p1/2p1R1P1/3P3P/2P2P2/6K1 b - - 0 37,-7.1900
4r3/p4p1k/P3b2p/6p1/2p1RrP1/3P3P/2P2P2/6K1 w - - 1 38,-7.2400
4r3/p4p1k/P3b2p/4R1p1/2p2rP1/3P3P/2P2P2/6K1 b - - 2 38,-7.2700
4r3/p4pk1/P3b2p/4R1p1/2p2rP1/3P3P/2P2P2/6K1 w - - 3 39,-7.2500
4r3/p4pk1/P3b2p/2R3p1/2p2rP1/3P3P/2P2P2/6K1 b - - 4 39,-7.1400
4rk2/p4p2/P3b2p/2R3p1/2p2rP1/3P3P/2P2P2/6K1 w - - 5 40,-7.3800
4rk2/p4p2/P3b2p/2R3p1/2p2rP1/3P3P/2P2PK1/8 b - - 6 40,-7.4100
rnbqkbnr/pp1p1ppp/2p1p3/8/2P5/4PN2/PP1P1PPP/RNBQKB1R b KQkq - 0 3,0.4400
rnbqkbnr/pp3ppp/2p1p3/3p4/2P5/4PN2/PP1P1PPP/RNBQKB1R w KQkq - 0 4,0.4300
rnbqkbnr/pp3ppp/2p1p3/3p4/2PP4/4PN2/PP3PPP/RNBQKB1R b KQkq - 0 4,0.4300
rnbqk1nr/pp2bppp/2p1p3/3p4/2PP4/4PN2/PP3PPP/RNBQKB1R w KQkq - 1 5,0.5300
rnbqk1nr/pp2bppp/2p1p3/3p4/2PP4/1P2PN2/P4PPP/RNBQKB1R b KQkq - 0 5,0.4700
r1bqk1nr/pp1nbppp/2p1p3/3p4/2PP4/1P2PN2/P4PPP/RNBQKB1R w KQkq - 1 6,0.4900
r1bqk1nr/pp1nbppp/2p1p3/3p4/2PP4/1P1BPN2/P4PPP/RNBQK2R b KQkq - 2 6,0.5100
r1bqk2r/pp1nbppp/2p1pn2/3p4/2PP4/1P1BPN2/P4PPP/RNBQK2R w KQkq - 3 7,0.4600
r1bqk2r/pp1nbppp/2p1pn2/3p4/2PP4/1P1BPN2/PB3PPP/RN1QK2R b KQkq - 4 7,0.4100
r1bq1rk1/pp1nbppp/2p1pn2/3p4/2PP4/1P1BPN2/PB3PPP/RN1QK2R w KQ - 5 8,0.4100
r1bq1rk1/pp1nbppp/2p1pn2/3p4/2PP4/1PNBPN2/PB3PPP/R2QK2R b KQ - 6 8,0.4400
r1b2rk1/ppqnbppp/2p1pn2/3p4/2PP4/1PNBPN2/PB3PPP/R2QK2R w KQ - 7 9,0.5000
r1b2rk1/ppqnbppp/2p1pn2/3p4/2PP4/1PNBPN2/PBQ2PPP/R3K2R b KQ - 8 9,0.4900
r1b2rk1/ppqnbpp1/2p1pn1p/3p4/2PP4/1PNBPN2/PBQ2PPP/R3K2R w KQ - 0 10,0.5900
r1b2rk1/ppqnbpp1/2p1pn1p/3p4/2PP4/1PNBPN2/PBQ2PPP/2R1K2R b K - 1 10,0.6400
r1br2k1/ppqnbpp1/2p1pn1p/3p4/2PP4/1PNBPN2/PBQ2PPP/2R1K2R w K - 2 11,0.8100
r1br2k1/ppqnbpp1/2p1pn1p/3P4/3P4/1PNBPN2/PBQ2PPP/2R1K2R b K - 0 11,0.4000
r1br2k1/ppqnbpp1/2p2n1p/3p4/3P4/1PNBPN2/PBQ2PPP/2R1K2R w K - 0 12,0.5000
r1br2k1/ppqnbpp1/2p2n1p/1N1p4/3P4/1P1BPN2/PBQ2PPP/2R1K2R b K - 1 12,0.0700
rqbr2k1/pp1nbpp1/2p2n1p/1N1p4/3P4/1P1BPN2/PBQ2PPP/2R1K2R w K - 2 13,0.4200
rqbr2k1/pp1nbpp1/2p2n1p/3p4/3P4/1PNBPN2/PBQ2PPP/2R1K2R b K - 3 13,0.4600
rqbr1nk1/pp2bpp1/2p2n1p/3p4/3P4/1PNBPN2/PBQ2PPP/2R1K2R w K - 4 14,0.4800
rqbr1nk1/pp2bpp1/2p2n1p/3p4/3P4/1PNBPN2/PBQ2PPP/2R2RK1 b - - 5 14,0.4200
rqbr1nk1/pp3pp1/2pb1n1p/3p4/3P4/1PNBPN2/PBQ2PPP/2R2RK1 w - - 6 15,0.4000
rqbr1nk1/pp3pp1/2pb1n1p/3p4/3P4/1PNBPN2/PBQ2PPP/2R2R1K b - - 7 15,0.3800
rqb1rnk1/pp3pp1/2pb1n1p/3p4/3P4/1PNBPN2/PBQ2PPP/2R2R1K w - - 8 16,0.3700
rqb1rnk1/pp3pp1/2pb1n1p/3p4/3P4/1P1BPN2/PBQ1NPPP/2R2R1K b - - 9 16,0.3800
rqb1r1k1/pp1n1pp1/2pb1n1p/3p4/3P4/1P1BPN2/PBQ1NPPP/2R2R1K w - - 10 17,0.3800
rqb1r1k1/pp1n1pp1/2pb1n1p/3p4/3P4/1P1BPN2/PBQ1NPPP/2R2RK1 b - - 11 17,0.0200
rqb1r1k1/1p1n1pp1/p1pb1n1p/3p4/3P4/1P1BPN2/PBQ1NPPP/2R2RK1 w - - 0 18,0.4000
rqb1r1k1/1p1n1pp1/p1pb1n1p/3p4/3P4/1P1BPN2/PBQ1NPPP/4RRK1 b - - 1 18,0.0800
rqb1r1k1/1p1n1pp1/p1pb3p/3p4/3Pn3/1P1BPN2/PBQ1NPPP/4RRK1 w - - 2 19,0.1500
rqb1r1k1/1p1n1pp1/p1pb3p/3p4/3Pn3/1P1BPN2/PB2NPPP/2Q1RRK1 b - - 3 19,-0.1800
rqb1r1k1/1pbn1pp1/p1p4p/3p4/3Pn3/1P1BPN2/PB2NPPP/2Q1RRK1 w - - 4 20,0.1600
rqb1r1k1/1pbn1pp1/p1p4p/3p4/3PnN2/1P1BPN2/PB3PPP/2Q1RRK1 b - - 5 20,-0.2600
rqb1r1k1/1p1n1pp1/p1pb3p/3p4/3PnN2/1P1BPN2/PB3PPP/2Q1RRK1 w - - 6 21,-0.0200
rqb1r1k1/1p1n1pp1/p1pb3p/3p4/3PnN2/1P2PN2/PBB2PPP/2Q1RRK1 b - - 7 21,-0.2200
r1b1r1k1/1pqn1pp1/p1pb3p/3p4/3PnN2/1P2PN2/PBB2PPP/2Q1RRK1 w - - 8 22,-0.0700
r1b1r1k1/1pqn1pp1/p1pb3p/3p4/3Pn3/1P1NPN2/PBB2PPP/2Q1RRK1 b - - 9 22,-0.3100
r1b1r1k1/1pqn1pp1/p1pb3p/3p2n1/3P4/1P1NPN2/PBB2PPP/2Q1RRK1 w - - 10 23,0.0900
r1b1r1k1/1pqn1pp1/p1pb3p/3p2N1/3P4/1P1NP3/PBB2PPP/2Q1RRK1 b - - 0 23,0.2800
r1b1r1k1/1pqn1pp1/p1p4p/3p2N1/3P4/1P1NP3/PBB2PPb/2Q1RRK1 w - - 0 24,0.9500
r1b1r1k1/1pqn1pp1/p1p4p/3p2N1/3P4/1P1NP3/PBB2PPb/2Q1RR1K b - - 1 24,1.0700
r1b1r1k1/1pq2pp1/p1p4p/3pn1N1/3P4/1P1NP3/PBB2PPb/2Q1RR1K w - - 2 25,4.8800
r1b1r1k1/1pq2pp1/p1p4p/3pP1N1/8/1P1NP3/PBB2PPb/2Q1RR1K b - - 0 25,4.7300
r1b1r1k1/1p2qpp1/p1p4p/3pP1N1/8/1P1NP3/PBB2PPb/2Q1RR1K w - - 1 26,6.7900
rnbqkb1r/ppp1pppp/5n2/3p4/3P4/4PN2/PPP2PPP/RNBQKB1R b KQkq - 1 3,0.1600
r1bqkb1r/pppnpppp/5n2/3p4/3P4/4PN2/PPP2PPP/RNBQKB1R w KQkq - 2 4,0.2700
r1bqkb1r/pppnpppp/5n2/3p4/P2P4/4PN2/1PP2PPP/RNBQKB1R b KQkq - 0 4,0.0400
r1bqkb1r/pp1npppp/5n2/2pp4/P2P4/4PN2/1PP2PPP/RNBQKB1R w KQkq - 0 5,0.2800
r1bqkb1r/pp1npppp/5n2/2pp4/P2P4/4PN2/1PP1BPPP/RNBQK2R b KQkq - 1 5,0.0300
r1bqkb1r/pp1n1ppp/4pn2/2pp4/P2P4/4PN2/1PP1BPPP/RNBQK2R w KQkq - 0 6,0.0800
r1bqkb1r/pp1n1ppp/4pn2/2pp4/P2P4/4PN2/1PP1BPPP/RNBQ1RK1 b kq - 1 6,0.2800
r1bqkb1r/p2n1ppp/1p2pn2/2pp4/P2P4/4PN2/1PP1BPPP/RNBQ1RK1 w kq - 0 7,0.2800
r1bqkb1r/p2n1ppp/1p2pn2/P1pp4/3P4/4PN2/1PP1BPPP/RNBQ1RK1 b kq - 0 7,0.4100
r2qkb1r/pb1n1ppp/1p2pn2/P1pp4/3P4/4PN2/1PP1BPPP/RNBQ1RK1 w kq - 1 8,0.3900
r2qkb1r/pb1n1ppp/1p2pn2/P1ppN3/3P4/4P3/1PP1BPPP/RNBQ1RK1 b kq - 2 8,0.2500
r2qkb1r/pb3ppp/1p2pn2/P1ppn3/3P4/4P3/1PP1BPPP/RNBQ1RK1 w kq - 0 9,0.4500
r2qkb1r/pb3ppp/1p2pn2/PBppn3/3P4/4P3/1PP2PPP/RNBQ1RK1 b kq - 1 9,-2.3700
r2qkb1r/p4ppp/1pb1pn2/PBppn3/3P4/4P3/1PP2PPP/RNBQ1RK1 w kq - 2 10,-2.2200
r2qkb1r/p4ppp/1pb1pn2/P1ppn3/B2P4/4P3/1PP2PPP/RNBQ1RK1 b kq - 3 10,-2.1300
r2qkb1r/p2n1ppp/1pb1p3/P1ppn3/B2P4/4P3/1PP2PPP/RNBQ1RK1 w kq - 4 11,-2.6900
r2qkb1r/p2n1ppp/1pb1p3/P1ppn3/B1PP4/4P3/1P3PPP/RNBQ1RK1 b kq - 0 11,-3.9300
r2qkb1r/p2n1ppp/1p2p3/P1ppn3/b1PP4/4P3/1P3PPP/RNBQ1RK1 w kq - 0 12,-4.6700
r2qkb1r/p2n1ppp/1p2p3/P1ppn3/R1PP4/4P3/1P3PPP/1NBQ1RK1 b kq - 0 12,-4.5900
r2qkb1r/p2n1ppp/1p2p3/P2pn3/R1Pp4/4P3/1P3PPP/1NBQ1RK1 w kq - 0 13,-3.5200
r2qkb1r/p2n1ppp/1P2p3/3pn3/R1Pp4/4P3/1P3PPP/1NBQ1RK1 b kq - 0 13,-3.5000
r2qkb1r/p4ppp/1n2p3/3pn3/R1Pp4/4P3/1P3PPP/1NBQ1RK1 w kq - 0 14,-3.9100
r2qkb1r/p4ppp/Rn2p3/3pn3/2Pp4/4P3/1P3PPP/1NBQ1RK1 b kq - 1 14,-3.7100
r2qk2r/p4ppp/Rn1bp3/3pn3/2Pp4/4P3/1P3PPP/1NBQ1RK1 w kq - 2 15,-2.6200
r2qk2r/p4ppp/Rn1bp3/3pn3/2PP4/8/1P3PPP/1NBQ1RK1 b kq - 0 15,-3.2000
r2qk2r/p4ppp/Rn1bp3/3p4/2nP4/8/1P3PPP/1NBQ1RK1 w kq - 0 16,-2.9900
r2qk2r/p4ppp/Rn1bp3/3p4/2nP4/8/1P1N1PPP/2BQ1RK1 b kq - 1 16,-3.7900
r2qk2r/p4ppp/Rn1bp3/3p4/3P4/8/1P1n1PPP/2BQ1RK1 w kq - 0 17,-3.7500
r2qk2r/p4ppp/Rn1bp3/3p4/3P2Q1/8/1P1n1PPP/2B2RK1 b kq - 1 17,-5.2800
r2qk2r/p4ppp/Rn2p3/3p4/3P2Q1/8/1P1n1PPb/2B2RK1 w kq - 0 18,-4.3000
r2qk2r/p4ppp/Rn2p3/3p4/3P2Q1/8/1P1n1PPK/2B2R2 b kq - 0 18,-5.4000
r2qk2r/p4ppp/Rn2p3/3p4/3Pn1Q1/8/1P3PPK/2B2R2 w kq - 1 19,-4.1900
r2qk2r/p4ppp/Rn2p3/3p4/3Pn1Q1/5P2/1P4PK/2B2R2 b kq - 0 19,-3.8400
r2qk2r/p4ppp/Rn2pn2/3p4/3P2Q1/5P2/1P4PK/2B2R2 w kq - 1 20,-3.8000
r2qk2r/p4pQp/Rn2pn2/3p4/3P4/5P2/1P4PK/2B2R2 b kq - 0 20,-3.8800
r2q3r/p2k1pQp/Rn2pn2/3p4/3P4/5P2/1P4PK/2B2R2 w - - 1 21,-2.4600
r2q3r/p2k1pQp/Rn2pn2/3p4/3P4/1P3P2/6PK/2B2R2 b - - 0 21,-2.8500
r2q3r/p4pQp/Rnk1pn2/3p4/3P4/1P3P2/6PK/2B2R2 w - - 1 22,-2.2100
r2q3r/p4pQp/1nk1pn2/3p4/3P4/1P3P2/R5PK/2B2R2 b - - 2 22,-2.6900
r2q2r1/p4pQp/1nk1pn2/3p4/3P4/1P3P2/R5PK/2B2R2 w - - 3 23,-1.9000
r2q2r1/p4p1p/1nk1pn1Q/3p4/3P4/1P3P2/R5PK/2B2R2 b - - 4 23,-3.6400
r5r1/p4p1p/1nkqpn1Q/3p4/3P4/1P3P2/R5PK/2B2R2 w - - 5 24,-2.1100
r5r1/p4p1p/1nkqpn1Q/3p4/3P4/1P3P2/R5P1/2B2R1K b - - 6 24,-2.7600
r7/p4p1p/1nkqpnrQ/3p4/3P4/1P3P2/R5P1/2B2R1K w - - 7 25,-2.7300
r7/p4p1p/1nkqpnr1/3p4/3P3Q/1P3P2/R5P1/2B2R1K b - - 8 25,-2.6000
r7/p4p1p/1nk1pnr1/3p4/1q1P3Q/1P3P2/R5P1/2B2R1K w - - 9 26,-2.2000
r7/p4p1p/1nk1pnr1/3p4/1q1P3Q/BP3P2/R5P1/5R1K b - - 10 26,-2.6100
r7/p4p1p/1nk1pnr1/1q1p4/3P3Q/BP3P2/R5P1/5R1K w - - 11 27,-2.3400
r7/p4p1p/1nk1pnr1/1q1p4/3P3Q/BP3P2/R5P1/R6K b - - 12 27,-2.6400
r7/p2n1p1p/1nk1p1r1/1q1p4/3P3Q/BP3P2/R5P1/R6K w - - 13 28,-2.2500
rnbqkbnr/pp1p1ppp/4p3/2p5/3PP3/5N2/PPP2PPP/RNBQKB1R b KQkq - 0 3,0.5000
rnbqkbnr/pp3ppp/4p3/2pp4/3PP3/5N2/PPP2PPP/RNBQKB1R w KQkq - 0 4,0.9700
rnbqkbnr/pp3ppp/4p3/2pp4/3PP3/2N2N2/PPP2PPP/R1BQKB1R b KQkq - 1 4,0.5500
rnbqkbnr/pp3ppp/4p3/3p4/3pP3/2N2N2/PPP2PPP/R1BQKB1R w KQkq - 0 5,0.6100
rnbqkbnr/pp3ppp/4p3/1B1p4/3pP3/2N2N2/PPP2PPP/R1BQK2R b KQkq - 1 5,0.4100
rn1qkbnr/pp1b1ppp/4p3/1B1p4/3pP3/2N2N2/PPP2PPP/R1BQK2R w KQkq - 2 6,0.3200
rn1qkbnr/pp1b1ppp/4p3/1B1p4/3NP3/2N5/PPP2PPP/R1BQK2R b KQkq - 0 6,0.1200
rn1qkbnr/pp1b1ppp/8/1B1pp3/3NP3/2N5/PPP2PPP/R1BQK2R w KQkq - 0 7,0.0900
rn1qkbnr/pp1B1ppp/8/3pp3/3NP3/2N5/PPP2PPP/R1BQK2R b KQkq - 0 7,0.1000
r2qkbnr/pp1n1ppp/8/3pp3/3NP3/2N5/PPP2PPP/R1BQK2R w KQkq - 0 8,0.1000
r2qkbnr/pp1n1ppp/8/3pp3/4P3/1NN5/PPP2PPP/R1BQK2R b KQkq - 1 8,0.1700
r2qkb1r/pp1n1ppp/5n2/3pp3/4P3/1NN5/PPP2PPP/R1BQK2R w KQkq - 2 9,1.1300
r2qkb1r/pp1n1ppp/5n2/3Pp3/8/1NN5/PPP2PPP/R1BQK2R b KQkq - 0 9,0.6300
r3kb1r/ppqn1ppp/5n2/3Pp3/8/1NN5/PPP2PPP/R1BQK2R w KQkq - 1 10,1.1700
r3kb1r/ppqn1ppp/5n2/3Pp3/8/PNN5/1PP2PPP/R1BQK2R b KQkq - 0 10,1.1000
r3k2r/ppqn1ppp/3b1n2/3Pp3/8/PNN5/1PP2PPP/R1BQK2R w KQkq - 1 11,1.4300
r3k2r/ppqn1ppp/3b1n2/3Pp1B1/8/PNN5/1PP2PPP/R2QK2R b KQkq - 2 11,0.7700
r3k2r/ppqn1pp1/3b1n1p/3Pp1B1/8/PNN5/1PP2PPP/R2QK2R w KQkq - 0 12,1.3100
r3k2r/ppqn1pp1/3b1n1p/3Pp3/7B/PNN5/1PP2PPP/R2QK2R b KQkq - 1 12,0.6100
r3k2r/1pqn1pp1/p2b1n1p/3Pp3/7B/PNN5/1PP2PPP/R2QK2R w KQkq - 0 13,0.8100
r3k2r/1pqn1pp1/p2b1n1p/3Pp3/7B/PNN2Q2/1PP2PPP/R3K2R b KQkq - 1 13,0.6300
r3k2r/2qn1pp1/p2b1n1p/1p1Pp3/7B/PNN2Q2/1PP2PPP/R3K2R w KQkq - 0 14,0.9200
r3k2r/2qn1pp1/p2b1n1p/1p1Pp3/7B/PNN2Q2/1PP2PPP/R4RK1 b kq - 1 14,0.8600
r4rk1/2qn1pp1/p2b1n1p/1p1Pp3/7B/PNN2Q2/1PP2PPP/R4RK1 w - - 2 15,0.7300
r4rk1/2qn1pp1/p2b1n1p/1p1Pp3/7B/PNN2Q1P/1PP2PP1/R4RK1 b - - 0 15,0.6700
r4rk1/2qn1pp1/p2b1n1p/1p1P4/4p2B/PNN2Q1P/1PP2PP1/R4RK1 w - - 0 16,0.7600
r4rk1/2qn1pp1/p2b1n1p/1p1P4/4p2B/PNN4P/1PP1QPP1/R4RK1 b - - 1 16,0.1900
r3r1k1/2qn1pp1/p2b1n1p/1p1P4/4p2B/PNN4P/1PP1QPP1/R4RK1 w - - 2 17,0.3200
r3r1k1/2qn1pp1/p2b1n1p/1p1P4/3Np2B/P1N4P/1PP1QPP1/R4RK1 b - - 3 17,0.2500
r3r1k1/2qn1pp1/p4n1p/1p1P4/3Np2B/P1N4P/1PP1QPPb/R4RK1 w - - 4 18,0.4200
r3r1k1/2qn1pp1/p4n1p/1p1P4/3Np2B/P1N4P/1PP1QPPb/R4R1K b - - 5 18,0.4600
r3r1k1/2qn1pp1/p2b1n1p/1p1P4/3Np2B/P1N4P/1PP1QPP1/R4R1K w - - 6 19,0.8100
r3r1k1/2qn1pp1/p2b1n1p/1p1P4/3Np2B/P1N4P/1PP1QPP1/3R1R1K b - - 7 19,0.9300
r3r1k1/2qn1pp1/p4n1p/1p1P4/3Npb1B/P1N4P/1PP1QPP1/3R1R1K w - - 8 20,0.9600
r3r1k1/2qn1pp1/p4n1p/1p1P1N2/4pb1B/P1N4P/1PP1QPP1/3R1R1K b - - 9 20,1.0100
r3rk2/2qn1pp1/p4n1p/1p1P1N2/4pb1B/P1N4P/1PP1QPP1/3R1R1K w - - 10 21,1.2300
r3rk2/2qn1pp1/p4n1p/1p1P1N2/4pb1B/P1N4P/1PP1QPP1/3RR2K b - - 11 21,0.9600
r3rk2/3n1pp1/p4n1p/1p1PqN2/4pb1B/P1N4P/1PP1QPP1/3RR2K w - - 12 22,1.2200
rnbqkbnr/ppp2ppp/4p3/3p4/3PP3/2N5/PPP2PPP/R1BQKBNR b KQkq - 0 3,0.3300
rnbqkbnr/ppp2ppp/4p3/8/3Pp3/2N5/PPP2PPP/R1BQKBNR w KQkq - 0 4,0.7100
rnbqkbnr/ppp2ppp/4p3/8/3PN3/8/PPP2PPP/R1BQKBNR b KQkq - 0 4,0.5600
r1bqkbnr/pppn1ppp/4p3/8/3PN3/8/PPP2PPP/R1BQKBNR w KQkq - 1 5,0.5300
r1bqkbnr/pppn1ppp/4p3/8/3PN3/2P5/PP3PPP/R1BQKBNR b KQkq - 0 5,0.4800
r1bqk1nr/pppnbppp/4p3/8/3PN3/2P5/PP3PPP/R1BQKBNR w KQkq - 1 6,0.5800
r1bqk1nr/pppnbppp/4p3/8/3PN3/2P2N2/PP3PPP/R1BQKB1R b KQkq - 2 6,0.4300
r1bqk2r/pppnbppp/4pn2/8/3PN3/2P2N2/PP3PPP/R1BQKB1R w KQkq - 3 7,0.4500
r1bqk2r/pppnbppp/4pN2/8/3P4/2P2N2/PP3PPP/R1BQKB1R b KQkq - 0 7,0.4700
r1bqk2r/pppn1ppp/4pb2/8/3P4/2P2N2/PP3PPP/R1BQKB1R w KQkq - 0 8,0.6900
r1bqk2r/pppn1ppp/4pb2/8/3P1B2/2P2N2/PP3PPP/R2QKB1R b KQkq - 1 8,0.5800
r1bqk2r/p1pn1ppp/1p2pb2/8/3P1B2/2P2N2/PP3PPP/R2QKB1R w KQkq - 0 9,0.9900
r1bqk2r/p1pn1ppp/1p2pb2/1B6/3P1B2/2P2N2/PP3PPP/R2QK2R b KQkq - 1 9,0.6700
r1bqk2r/2pn1ppp/pp2pb2/1B6/3P1B2/2P2N2/PP3PPP/R2QK2R w KQkq - 0 10,1.1700
r1bqk2r/2pn1ppp/ppB1pb2/8/3P1B2/2P2N2/PP3PPP/R2QK2R b KQkq - 1 10,1.2900
2bqk2r/r1pn1ppp/ppB1pb2/8/3P1B2/2P2N2/PP3PPP/R2QK2R w KQk - 2 11,1.3500
2bqk2r/r1pn1ppp/ppB1pb2/8/3P1B1P/2P2N2/PP3PP1/R2QK2R b KQk - 0 11,1.2200
3qk2r/rbpn1ppp/ppB1pb2/8/3P1B1P/2P2N2/PP3PP1/R2QK2R w KQk - 1 12,1.0900
3qk2r/rbpn1ppp/ppB1pb2/8/Q2P1B1P/2P2N2/PP3PP1/R3K2R b KQk - 2 12,1.1100
b2qk2r/r1pn1ppp/ppB1pb2/8/Q2P1B1P/2P2N2/PP3PP1/R3K2R w KQk - 3 13,1.3600
b2qk2r/r1pn1ppp/ppB1pb2/4N3/Q2P1B1P/2P5/PP3PP1/R3K2R b KQk - 4 13,0.6800
3qk2r/r1pn1ppp/ppb1pb2/4N3/Q2P1B1P/2P5/PP3PP1/R3K2R w KQk - 0 14,2.7700
3qk2r/r1pn1ppp/ppN1pb2/8/Q2P1B1P/2P5/PP3PP1/R3K2R b KQk - 0 14,3.0800
rnbqkb1r/ppp1pppp/5n2/3p4/2PP4/5N2/PP2PPPP/RNBQKB1R b KQkq - 0 3,0.3200
rnbqkb1r/pp2pppp/2p2n2/3p4/2PP4/5N2/PP2PPPP/RNBQKB1R w KQkq - 0 4,0.4100
rnbqkb1r/pp2pppp/2p2n2/3p4/2PP4/5N2/PPQ1PPPP/RNB1KB1R b KQkq - 1 4,0.0000
rnbqkb1r/pp2pp1p/2p2np1/3p4/2PP4/5N2/PPQ1PPPP/RNB1KB1R w KQkq - 0 5,0.1500
rnbqkb1r/pp2pp1p/2p2np1/3p4/2PP1B2/5N2/PPQ1PPPP/RN2KB1R b KQkq - 1 5,0.0100
rnbqkb1r/pp2pp1p/2p3p1/3p3n/2PP1B2/5N2/PPQ1PPPP/RN2KB1R w KQkq - 2 6,0.6800
rnbqkb1r/pp2pp1p/2p3p1/3p2Bn/2PP4/5N2/PPQ1PPPP/RN2KB1R b KQkq - 3 6,0.2700
rn1qkb1r/pp2pp1p/2p3p1/3p1bBn/2PP4/5N2/PPQ1PPPP/RN2KB1R w KQkq - 4 7,0.5400
rn1qkb1r/pp2pp1p/2p3p1/3p1bBn/2PP4/2Q2N2/PP2PPPP/RN2KB1R b KQkq - 5 7,-0.4600
rn1qk2r/pp2ppbp/2p3p1/3p1bBn/2PP4/2Q2N2/PP2PPPP/RN2KB1R w KQkq - 6 8,-0.4200
r1bqkbnr/pppp1ppp/2n5/1B2p3/4P3/5N2/PPPP1PPP/RNBQK2R b KQkq - 3 3,0.3600
r1bqkb1r/ppppnppp/2n5/1B2p3/4P3/5N2/PPPP1PPP/RNBQK2R w KQkq - 4 4,0.6300
r1bqkb1r/ppppnppp/2n5/1B2p3/3PP3/5N2/PPP2PPP/RNBQK2R b KQkq - 0 4,0.4900
r1bqkb1r/ppppnppp/8/1B2p3/3nP3/5N2/PPP2PPP/RNBQK2R w KQkq - 0 5,0.6000
r1bqkb1r/ppppnppp/8/1B2p3/3NP3/8/PPP2PPP/RNBQK2R b KQkq - 0 5,0.5400
r1bqkb1r/1pppnppp/p7/1B2p3/3NP3/8/PPP2PPP/RNBQK2R w KQkq - 0 6,0.5600
r1bqkb1r/1pppnppp/p7/4p3/2BNP3/8/PPP2PPP/RNBQK2R b KQkq - 1 6,0.5500
r1bqkb1r/1pppnppp/p7/8/2BpP3/8/PPP2PPP/RNBQK2R w KQkq - 0 7,0.5700
r1bqkb1r/1pppnppp/p7/8/2BQP3/8/PPP2PPP/RNB1K2R b KQkq - 0 7,0.5100
r1bqkb1r/1pp1nppp/p2p4/8/2BQP3/8/PPP2PPP/RNB1K2R w KQkq - 0 8,0.7000
r1bqkb1r/1pp1nppp/p2p4/8/2BQP3/8/PPP2PPP/RNB2RK1 b kq - 1 8,0.5800
r1bqkb1r/1pp1npp1/p2p4/7p/2BQP3/8/PPP2PPP/RNB2RK1 w kq - 0 9,0.9900
r1bqkb1r/1pp1npp1/p2p4/7p/2B1P3/2Q5/PPP2PPP/RNB2RK1 b kq - 1 9,0.9600
r1bqkb1r/1p2npp1/p1pp4/7p/2B1P3/2Q5/PPP2PPP/RNB2RK1 w kq - 0 10,1.3200
r1bqkb1r/1p2npp1/p1pp4/6Bp/2B1P3/2Q5/PPP2PPP/RN3RK1 b kq - 1 10,1.0800
r1bqkb1r/1p2npp1/p1pp4/6B1/2B1P2p/2Q5/PPP2PPP/RN3RK1 w kq - 0 11,1.3900
r1bqkb1r/1p2npp1/p1pp4/6B1/2B1P2p/2Q5/PPP2PPP/RN1R2K1 b kq - 1 11,1.3400
r1bqkb2/1p2npp1/p1pp4/6Br/2B1P2p/2Q5/PPP2PPP/RN1R2K1 w q - 2 12,1.3800
r1bqkb2/1p2npp1/p1pp4/7r/2B1P2p/2Q1B3/PPP2PPP/RN1R2K1 b q - 3 12,1.3300
r2qkb2/1p2npp1/p1pp4/7r/2B1P1bp/2Q1B3/PPP2PPP/RN1R2K1 w q - 4 13,1.4400
r2qkb2/1p2npp1/p1pp4/7r/2B1P1bp/2Q1BP2/PPP3PP/RN1R2K1 b q - 0 13,1.4700
r1bqkb2/1p2npp1/p1pp4/7r/2B1P2p/2Q1BP2/PPP3PP/RN1R2K1 w q - 1 14,1.7200
r1bqkb2/1p2npp1/p1pp4/7r/2B1P2p/1Q2BP2/PPP3PP/RN1R2K1 b q - 2 14,1.6200
r2qkb2/1p2npp1/p1ppb3/7r/2B1P2p/1Q2BP2/PPP3PP/RN1R2K1 w q - 3 15,2.7300
r2qkb2/1p2npp1/p1ppb3/7r/2B1P2p/1QN1BP2/PPP3PP/R2R2K1 b q - 4 15,1.2300
r2qkb2/1p2npp1/p1pp4/7r/2b1P2p/1QN1BP2/PPP3PP/R2R2K1 w q - 0 16,1.2400
r2qkb2/1Q2npp1/p1pp4/7r/2b1P2p/2N1BP2/PPP3PP/R2R2K1 b q - 0 16,-2.9300
r2qkb2/1Q2npp1/p1ppb3/7r/4P2p/2N1BP2/PPP3PP/R2R2K1 w q - 1 17,-2.2800
r2qkb2/1Q2npp1/p1pRb3/7r/4P2p/2N1BP2/PPP3PP/R5K1 b q - 0 17,-2.2300
r3kb2/1Q2npp1/p1pqb3/7r/4P2p/2N1BP2/PPP3PP/R5K1 w q - 0 18,-1.7100
r3kb2/1Q2npp1/p1pqb3/7r/4PB1p/2N2P2/PPP3PP/R5K1 b q - 1 18,-5.2700
r3kb2/1Q2npp1/p1p1b3/2q4r/4PB1p/2N2P2/PPP3PP/R5K1 w q - 2 19,-5.8900
r3kb2/1Q2npp1/p1p1b3/2q4r/4P2p/2N1BP2/PPP3PP/R5K1 b q - 3 19,-7.3600
r3kb2/1Q2npp1/p1pqb3/7r/4P2p/2N1BP2/PPP3PP/R5K1 w q - 4 20,-2.1700
r3kb2/1Q2npp1/p1pqb3/7r/4P1Pp/2N1BP2/PPP4P/R5K1 b q g3 0 20,-3.8800
1r2kb2/1Q2npp1/p1pqb3/7r/4P1Pp/2N1BP2/PPP4P/R5K1 w - - 1 21,-4.5800
1Q2kb2/4npp1/p1pqb3/7r/4P1Pp/2N1BP2/PPP4P/R5K1 b - - 0 21,-5.5600
1q2kb2/4npp1/p1p1b3/7r/4P1Pp/2N1BP2/PPP4P/R5K1 w - - 0 22,-5.1700
1q2kb2/4npp1/p1p1b3/7r/4P1Pp/2N1BP2/PPP3KP/R7 b - - 1 22,-7.2000
1q2kb1r/4npp1/p1p1b3/8/4P1Pp/2N1BP2/PPP3KP/R7 w - - 2 23,-6.9600
1q2kb1r/4npp1/p1p1b3/8/4P1Pp/2N1BP2/PPP3KP/3R4 b - - 3 23,-7.3600
1q2kbr1/4npp1/p1p1b3/8/4P1Pp/2N1BP2/PPP3KP/3R4 w - - 4 24,-6.6200
1q2kbr1/4npp1/p1p1b3/8/4P1Pp/2N2P2/PPP2BKP/3R4 b - - 5 24,-6.7700
1q2kb1r/4npp1/p1p1b3/8/4P1Pp/2N2P2/PPP2BKP/3R4 w - - 6 25,-6.5100
1q2kb1r/4npp1/p1p1b3/2B5/4P1Pp/2N2P2/PPP3KP/3R4 b - - 7 25,-7.2000
1q2kbr1/4npp1/p1p1b3/2B5/4P1Pp/2N2P2/PPP3KP/3R4 w - - 8 26,-6.8800
1q2kbr1/4npp1/p1p1b3/2B5/N3P1Pp/5P2/PPP3KP/3R4 b - - 9 26,-6.3600
1q2kbr1/4npp1/2p1b3/p1B5/N3P1Pp/5P2/PPP3KP/3R4 w - - 0 27,-6.3200
1q2kbr1/4npp1/2p1b3/p1B5/N3P1Pp/5P2/PPP4P/3R3K b - - 1 27,-6.4500
2q1kbr1/4npp1/2p1b3/p1B5/N3P1Pp/5P2/PPP4P/3R3K w - - 2 28,-5.6100
2q1kbr1/4npp1/2p1b3/p1B5/N3PPPp/8/PPP4P/3R3K b - - 0 28,-6.4100
2q1kbr1/4n1p1/2p1bp2/p1B5/N3PPPp/8/PPP4P/3R3K w - - 0 29,-5.8300
2q1kbr1/4n1p1/1Np1bp2/p1B5/4PPPp/8/PPP4P/3R3K b - - 1 29,-6.4900
2q1kbr1/4n1p1/1Np2p2/p1B5/4PPbp/8/PPP4P/3R3K w - - 0 30,-7.0800
2q1kbr1/4n1p1/1Np2p2/p1B1P3/5Pbp/8/PPP4P/3R3K b - - 0 30,-10.0000
2q1kbr1/4n1p1/1Np2p2/p1B1P3/5P1p/8/PPP4P/3b3K w - - 0 31,-8.3800
2N1kbr1/4n1p1/2p2p2/p1B1P3/5P1p/8/PPP4P/3b3K b - - 0 31,-8.5700
rnbqkb1r/pppp1ppp/4pn2/8/2PP4/2N5/PP2PPPP/R1BQKBNR b KQkq - 2 3,0.2600
rnbqkb1r/ppp2ppp/4pn2/3p4/2PP4/2N5/PP2PPPP/R1BQKBNR w KQkq - 0 4,0.3300
rnbqkb1r/ppp2ppp/4pn2/3P4/3P4/2N5/PP2PPPP/R1BQKBNR b KQkq - 0 4,0.3000
rnbqkb1r/ppp2ppp/5n2/3p4/3P4/2N5/PP2PPPP/R1BQKBNR w KQkq - 0 5,0.1900
rnbqkb1r/ppp2ppp/5n2/3p4/3P1B2/2N5/PP2PPPP/R2QKBNR b KQkq - 1 5,0.1600
rnbqk2r/ppp1bppp/5n2/3p4/3P1B2/2N5/PP2PPPP/R2QKBNR w KQkq - 2 6,0.4000
rnbqk2r/ppp1bppp/5n2/3p4/3P1B2/2N1P3/PP3PPP/R2QKBNR b KQkq - 0 6,0.3900
rnbqk2r/ppp2ppp/3b1n2/3p4/3P1B2/2N1P3/PP3PPP/R2QKBNR w KQkq - 1 7,0.5200
rnbqk2r/ppp2ppp/3b1n2/3p2B1/3P4/2N1P3/PP3PPP/R2QKBNR b KQkq - 2 7,0.5400
rn1qk2r/ppp2ppp/3bbn2/3p2B1/3P4/2N1P3/PP3PPP/R2QKBNR w KQkq - 3 8,0.6000
rn1qk2r/ppp2ppp/3bbn2/3p2B1/3P4/2N1PN2/PP3PPP/R2QKB1R b KQkq - 4 8,0.2500
r2qk2r/pppn1ppp/3bbn2/3p2B1/3P4/2N1PN2/PP3PPP/R2QKB1R w KQkq - 5 9,0.3500
r2qk2r/pppn1ppp/3bbn2/3p2B1/3P4/2N1PN2/PPQ2PPP/R3KB1R b KQkq - 6 9,0.3500
r2q1rk1/pppn1ppp/3bbn2/3p2B1/3P4/2N1PN2/PPQ2PPP/R3KB1R w KQ - 7 10,0.1800
r2q1rk1/pppn1ppp/3bbn2/3p4/3P3B/2N1PN2/PPQ2PPP/R3KB1R b KQ - 8 10,0.1400
2rq1rk1/pppn1ppp/3bbn2/3p4/3P3B/2N1PN2/PPQ2PPP/R3KB1R w KQ - 9 11,0.2500
2rq1rk1/pppn1ppp/3bbn2/3p4/3P3B/2N1PN2/PPQ1BPPP/R3K2R b KQ - 10 11,0.0800
2rqr1k1/pppn1ppp/3bbn2/3p4/3P3B/2N1PN2/PPQ1BPPP/R3K2R w KQ - 11 12,0.2400
2rqr1k1/pppn1ppp/3bbn2/3p4/3P3B/2N1PN2/PPQ1BPPP/R4RK1 b - - 12 12,0.2100
2rqr1k1/1ppn1ppp/p2bbn2/3p4/3P3B/2N1PN2/PPQ1BPPP/R4RK1 w - - 0 13,0.2800
2rqr1k1/1ppn1ppp/p2bbn2/3p4/3P3B/1QN1PN2/PP2BPPP/R4RK1 b - - 1 13,-0.2500
1r1qr1k1/1ppn1ppp/p2bbn2/3p4/3P3B/1QN1PN2/PP2BPPP/R4RK1 w - - 2 14,0.3200
1r1qr1k1/1ppn1ppp/p2bbn2/3p4/3P3B/1QNBPN2/PP3PPP/R4RK1 b - - 3 14,0.0200
1r1qr1k1/1ppn1pp1/p2bbn1p/3p4/3P3B/1QNBPN2/PP3PPP/R4RK1 w - - 0 15,0.0900
1r1qr1k1/1ppn1pp1/p2bbn1p/3p4/3P3B/1Q1BPN2/PP2NPPP/R4RK1 b - - 1 15,-0.0100
1r1qr1k1/1p1n1pp1/p1pbbn1p/3p4/3P3B/1Q1BPN2/PP2NPPP/R4RK1 w - - 0 16,0.0900
1r1qr1k1/1p1n1pp1/p1pbbn1p/3p4/3P3B/1Q1BPN1P/PP2NPP1/R4RK1 b - - 0 16,-0.1200
1rq1r1k1/1p1n1pp1/p1pbbn1p/3p4/3P3B/1Q1BPN1P/PP2NPP1/R4RK1 w - - 1 17,0.1500
1rq1r1k1/1p1n1pp1/p1pbbn1p/3p4/3P4/1Q1BPNBP/PP2NPP1/R4RK1 b - - 2 17,0.0400
1rq1r1k1/1p1n1pp1/p1p1bn1p/3p4/3P4/1Q1BPNbP/PP2NPP1/R4RK1 w - - 0 18,0.0300
1rq1r1k1/1p1n1pp1/p1p1bn1p/3p4/3P4/1Q1BPNPP/PP2N1P1/R4RK1 b - - 0 18,-0.3200
1rq1r1k1/1p1n1pp1/p3bn1p/2pp4/3P4/1Q1BPNPP/PP2N1P1/R4RK1 w - - 0 19,-0.2900
1rq1r1k1/1p1n1pp1/p3bn1p/2pp4/3P4/1Q2PNPP/PP2N1P1/RB3RK1 b - - 1 19,-0.4400
1r2r1k1/1pqn1pp1/p3bn1p/2pp4/3P4/1Q2PNPP/PP2N1P1/RB3RK1 w - - 2 20,-0.4700
1r2r1k1/1pqn1pp1/p3bn1p/2pp4/3P4/Q3PNPP/PP2N1P1/RB3RK1 b - - 3 20,-0.6400
1r2r1k1/1pqn1pp1/p3bn1p/3p4/2pP4/Q3PNPP/PP2N1P1/RB3RK1 w - - 0 21,-0.5600
1r2r1k1/1pqn1pp1/p3bn1p/3p4/1QpP4/4PNPP/PP2N1P1/RB3RK1 b - - 1 21,-0.5200
1r2r1k1/2qn1pp1/p3bn1p/1p1p4/1QpP4/4PNPP/PP2N1P1/RB3RK1 w - - 0 22,-0.6900
1r2r1k1/2qn1pp1/p3bn1p/1p1p4/2pP4/4PNPP/PP2N1P1/RB2QRK1 b - - 1 22,-0.7800
1r2r1k1/2qn1pp1/p3bn1p/3p4/1ppP4/4PNPP/PP2N1P1/RB2QRK1 w - - 0 23,-0.6300
1r2r1k1/2qn1pp1/p3bn1p/3p4/1ppP4/4PNPP/PPB1N1P1/R3QRK1 b - - 1 23,-0.8300
1r4k1/2qnrpp1/p3bn1p/3p4/1ppP4/4PNPP/PPB1N1P1/R3QRK1 w - - 2 24,-0.2900
1r4k1/2qnrpp1/p3bn1p/3p4/1ppP2P1/4PN1P/PPB1N1P1/R3QRK1 b - - 0 24,-0.3300
1r4k1/2qnrpp1/4bn1p/p2p4/1ppP2P1/4PN1P/PPB1N1P1/R3QRK1 w - - 0 25,0.2900
1r4k1/2qnrpp1/4bn1p/p2p4/1ppP2PQ/4PN1P/PPB1N1P1/R4RK1 b - - 1 25,1.0500
4r1k1/2qnrpp1/4bn1p/p2p4/1ppP2PQ/4PN1P/PPB1N1P1/R4RK1 w - - 2 26,1.5000
4r1k1/2qnrpp1/4bn1p/p2p4/1ppP1NPQ/4PN1P/PPB3P1/R4RK1 b - - 3 26,0.1200
4rnk1/2q1rpp1/4bn1p/p2p4/1ppP1NPQ/4PN1P/PPB3P1/R4RK1 w - - 4 27,0.6700
4rnk1/2q1rpp1/4bn1p/p2pN3/1ppP1NPQ/4P2P/PPB3P1/R4RK1 b - - 5 27,-0.3400
4rnk1/2q1rp2/4bn1p/p2pN1p1/1ppP1NPQ/4P2P/PPB3P1/R4RK1 w - - 0 28,3.5200
4rnk1/2q1rp2/4Nn1p/p2pN1p1/1ppP2PQ/4P2P/PPB3P1/R4RK1 b - - 0 28,0.3700
4rnk1/4rp2/4Nn1p/p2pq1p1/1ppP2PQ/4P2P/PPB3P1/R4RK1 w - - 0 29,0.3900
4rnk1/4rp2/4Nn1p/p2pq1p1/1ppP2P1/4P2P/PPB2QP1/R4RK1 b - - 1 29,-2.1800
4rnk1/4rp2/4N2p/p2pq1p1/1ppPn1P1/4P2P/PPB2QP1/R4RK1 w - - 2 30,0.2300
4rnk1/4rp2/4N2p/p2pP1p1/1pp1n1P1/4P2P/PPB2QP1/R4RK1 b - - 0 30,0.7600
4rnk1/4rp2/4N2p/p2pP1p1/1pp3P1/4P2P/PPB2nP1/R4RK1 w - - 0 31,0.7600
4rnk1/4rp2/7p/p1NpP1p1/1pp3P1/4P2P/PPB2nP1/R4RK1 b - - 1 31,-0.5500
4rnk1/4rp2/7p/p1NpP1p1/1pp3P1/4P2n/PPB3P1/R4RK1 w - - 0 32,1.5000
4rnk1/4rp2/7p/p1NpP1p1/1pp3P1/4P2n/PPB3PK/R4R2 b - - 1 32,-0.4100
2r2nk1/4rp2/7p/p1NpP1p1/1pp3P1/4P2n/PPB3PK/R4R2 w - - 2 33,-0.1000
2r2nk1/4rp2/4P2p/p1Np2p1/1pp3P1/4P2n/PPB3PK/R4R2 b - - 0 33,-2.5500
2r2nk1/4rp2/4P2p/p1Np2p1/1pp3P1/4P3/PPB2nPK/R4R2 w - - 1 34,-2.6000
2r2nk1/3Nrp2/4P2p/p2p2p1/1pp3P1/4P3/PPB2nPK/R4R2 b - - 2 34,-3.1900
2r2nk1/3N1p2/4r2p/p2p2p1/1pp3P1/4P3/PPB2nPK/R4R2 w - - 0 35,-1.1300
2r2Nk1/5p2/4r2p/p2p2p1/1pp3P1/4P3/PPB2nPK/R4R2 b - - 0 35,-1.2600
rnbqk1nr/ppppbppp/4p3/8/4P3/2N2N2/PPPP1PPP/R1BQKB1R b KQkq - 3 3,0.5000
rnbqk1nr/ppp1bppp/3pp3/8/4P3/2N2N2/PPPP1PPP/R1BQKB1R w KQkq - 0 4,0.7100
rnbqk1nr/ppp1bppp/3pp3/8/4P3/P1N2N2/1PPP1PPP/R1BQKB1R b KQkq - 0 4,0.3200
r1bqk1nr/pppnbppp/3pp3/8/4P3/P1N2N2/1PPP1PPP/R1BQKB1R w KQkq - 1 5,0.9300
r1bqk1nr/pppnbppp/3pp3/8/3PP3/P1N2N2/1PP2PPP/R1BQKB1R b KQkq - 0 5,0.6100
r1bqk2r/pppnbppp/3ppn2/8/3PP3/P1N2N2/1PP2PPP/R1BQKB1R w KQkq - 1 6,1.0600
r1bqk2r/pppnbppp/3ppn2/4P3/3P4/P1N2N2/1PP2PPP/R1BQKB1R b KQkq - 0 6,1.1000
r1bqk2r/pppnbppp/3pp3/4P3/3P2n1/P1N2N2/1PP2PPP/R1BQKB1R w KQkq - 1 7,2.0900
r1bqk2r/pppnbppp/3pp3/4P3/3P2n1/P1N5/1PP2PPP/R1BQKBNR b KQkq - 2 7,1.6200
r1bqk2r/pppnbppp/3pp2n/4P3/3P4/P1N5/1PP2PPP/R1BQKBNR w KQkq - 3 8,1.6600
r1bqk2r/pppnbppp/3pp2n/4P3/3P4/P1N2N2/1PP2PPP/R1BQKB1R b KQkq - 4 8,0.7900
r1bq1rk1/pppnbppp/3pp2n/4P3/3P4/P1N2N2/1PP2PPP/R1BQKB1R w KQ - 5 9,1.7800
r1bq1rk1/pppnbppp/3pp2B/4P3/3P4/P1N2N2/1PP2PPP/R2QKB1R b KQ - 0 9,2.0200
r1bq1rk1/pppnbppp/4p2B/4p3/3P4/P1N2N2/1PP2PPP/R2QKB1R w KQ - 0 10,3.8300
r1bq1rk1/pppnbppp/4p3/4p3/3P4/P1N2N2/1PPB1PPP/R2QKB1R b KQ - 1 10,3.6700
r1bq1rk1/pppnbppp/4p3/8/3p4/P1N2N2/1PPB1PPP/R2QKB1R w KQ - 0 11,3.0800
r1bq1rk1/pppnbppp/4p3/8/3pN3/P4N2/1PPB1PPP/R2QKB1R b KQ - 1 11,2.2900
r1bq1rk1/pppnbppp/8/4p3/3pN3/P4N2/1PPB1PPP/R2QKB1R w KQ - 0 12,2.2600
r1bq1rk1/pppnbppp/8/4p3/2BpN3/P4N2/1PPB1PPP/R2QK2R b KQ - 1 12,2.5000
r1bq1rk1/pp1nbppp/2p5/4p3/2BpN3/P4N2/1PPB1PPP/R2QK2R w KQ - 0 13,2.2600
r1bq1rk1/pp1nbppp/2p5/4p3/3pN3/P4N2/BPPB1PPP/R2QK2R b KQ - 1 13,2.0600
r1bq1rk1/pp2bppp/2p2n2/4p3/3pN3/P4N2/BPPB1PPP/R2QK2R w KQ - 2 14,2.4900
r1bq1rk1/pp2bppp/2p2n2/4p1N1/3p4/P4N2/BPPB1PPP/R2QK2R b KQ - 3 14,2.1600
r1bq1rk1/pp2bppp/2p5/3np1N1/3p4/P4N2/BPPB1PPP/R2QK2R w KQ - 4 15,2.0700
r1bq1rk1/pp2bppp/2p5/3np1N1/3p4/P4N2/BPPB1PPP/R2Q1RK1 b - - 5 15,2.2400
r1bq1r1k/pp2bppp/2p5/3np1N1/3p4/P4N2/BPPB1PPP/R2Q1RK1 w - - 6 16,2.3800
r1bq1r1k/pp2bppp/2p5/3np1N1/3p4/P4N2/BPPB1PPP/R2QR1K1 b - - 7 16,2.3800
r1bq1r1k/pp2bpp1/2p4p/3np1N1/3p4/P4N2/BPPB1PPP/R2QR1K1 w - - 0 17,3.1800
r1bq1r1k/pp2bpp1/2p4p/3np3/3p4/P4N1N/BPPB1PPP/R2QR1K1 b - - 1 17,2.8700
r1bq1r1k/pp3pp1/2pb3p/3np3/3p4/P4N1N/BPPB1PPP/R2QR1K1 w - - 2 18,3.2400
r1bq1r1k/pp3pp1/2pb3p/3nN3/3p4/P6N/BPPB1PPP/R2QR1K1 b - - 0 18,2.9800
r2q1r1k/pp3pp1/2pb3p/3nN3/3p4/P6b/BPPB1PPP/R2QR1K1 w - - 0 19,3.0100
r2q1r1k/pp3pp1/2pb3p/3nN3/3p4/P6P/BPPB1P1P/R2QR1K1 b - - 0 19,3.0100
r4r1k/pp3pp1/2pb1q1p/3nN3/3p4/P6P/BPPB1P1P/R2QR1K1 w - - 1 20,3.2300
r4r1k/pp3pp1/2pb1q1p/3BN3/3p4/P6P/1PPB1P1P/R2QR1K1 b - - 0 20,3.2400
r4r1k/pp3pp1/3b1q1p/3pN3/3p4/P6P/1PPB1P1P/R2QR1K1 w - - 0 21,3.5500
r4r1k/pp3pp1/3b1q1p/3pN3/3p1P2/P6P/1PPB3P/R2QR1K1 b - - 0 21,2.9900
4rr1k/pp3pp1/3b1q1p/3pN3/3p1P2/P6P/1PPB3P/R2QR1K1 w - - 1 22,3.4800
4rr1k/pp3pp1/3b1q1p/3pN3/3p1PQ1/P6P/1PPB3P/R3R1K1 b - - 2 22,2.9900
4rr1k/pp3pp1/3b1q1p/3pN3/5PQ1/P2p3P/1PPB3P/R3R1K1 w - - 0 23,3.9900
4rr1k/pp3pp1/3b1q1p/3p4/5PQ1/P2N3P/1PPB3P/R3R1K1 b - - 0 23,3.8000
5r1k/pp3pp1/3b1q1p/3p4/4rPQ1/P2N3P/1PPB3P/R3R1K1 w - - 1 24,4.1400
5r1k/pp3pp1/3b1q1p/3p4/4rPQ1/P1PN3P/1P1B3P/R3R1K1 b - - 0 24,3.1600
5r1k/ppb2pp1/5q1p/3p4/4rPQ1/P1PN3P/1P1B3P/R3R1K1 w - - 1 25,3.3100
5r1k/ppb2pp1/5q1p/3p4/P3rPQ1/2PN3P/1P1B3P/R3R1K1 b - - 0 25,2.9300
4r2k/ppb2pp1/5q1p/3p4/P3rPQ1/2PN3P/1P1B3P/R3R1K1 w - - 1 26,3.1700
4r2k/ppb2pp1/5q1p/3p4/P3rPQ1/2PN3P/1P1B3P/R3R2K b - - 2 26,3.1000
4r2k/ppb2pp1/q6p/3p4/P3rPQ1/2PN3P/1P1B3P/R3R2K w - - 3 27,3.1600
4r2k/ppb2pp1/q6p/3p4/P3rP2/2PN1Q1P/1P1B3P/R3R2K b - - 4 27,2.8100
4r2k/pp3pp1/qb5p/3p4/P3rP2/2PN1Q1P/1P1B3P/R3R2K w - - 5 28,3.6700
4r2k/pp3pp1/qb5p/3p4/P3rP2/1PPN1Q1P/3B3P/R3R2K b - - 0 28,2.2000
4r2k/pp4p1/qb5p/3p1p2/P3rP2/1PPN1Q1P/3B3P/R3R2K w - - 0 29,3.3800
4r2k/pp4p1/qb5p/3p1p2/PN2rP2/1PP2Q1P/3B3P/R3R2K b - - 1 29,2.4700
4r2k/pp4p1/1b5p/q2p1p2/PN2rP2/1PP2Q1P/3B3P/R3R2K w - - 2 30,2.8200
4r2k/pp4p1/1b5p/q2p1p2/P3rP2/1PPN1Q1P/3B3P/R3R2K b - - 3 30,2.4000
4r3/pp4pk/1b5p/q2p1p2/P3rP2/1PPN1Q1P/3B3P/R3R2K w - - 4 31,3.4300
4r3/pp4pk/1b5p/q2p1p2/PP2rP2/2PN1Q1P/3B3P/R3R2K b - - 0 31,3.7300
4r3/pp4pk/qb5p/3p1p2/PP2rP2/2PN1Q1P/3B3P/R3R2K w - - 1 32,3.1500
4r3/pp4pk/qb5p/3pNp2/PP2rP2/2P2Q1P/3B3P/R3R2K b - - 2 32,3.0900
4r3/ppb3pk/q6p/3pNp2/PP2rP2/2P2Q1P/3B3P/R3R2K w - - 3 33,2.8400
4r3/ppb3pk/q6p/3pNp2/PP2rP2/2P4P/3B3P/R3RQ1K b - - 4 33,3.2700
r1bqkbnr/pppp1ppp/2n5/4p3/4P3/2N2N2/PPPP1PPP/R1BQKB1R b KQkq - 3 3,0.2400
r1bqk1nr/ppppbppp/2n5/4p3/4P3/2N2N2/PPPP1PPP/R1BQKB1R w KQkq - 4 4,0.7300
r1bqk1nr/ppppbppp/2n5/1B2p3/4P3/2N2N2/PPPP1PPP/R1BQK2R b KQkq - 5 4,0.6400
r1bqk2r/ppppbppp/2n2n2/1B2p3/4P3/2N2N2/PPPP1PPP/R1BQK2R w KQkq - 6 5,0.6100
r1bqk2r/ppppbppp/2B2n2/4p3/4P3/2N2N2/PPPP1PPP/R1BQK2R b KQkq - 0 5,0.2200
r1bq1rk1/ppppbppp/2B2n2/4p3/4P3/2N2N2/PPPP1PPP/R1BQK2R w KQ - 1 6,4.3200
r1bq1rk1/ppppbppp/5n2/3Bp3/4P3/2N2N2/PPPP1PPP/R1BQK2R b KQ - 2 6,4.3400
r1bq1rk1/1pppbppp/5n2/p2Bp3/4P3/2N2N2/PPPP1PPP/R1BQK2R w KQ - 0 7,4.3900
r1bq1rk1/1pppbppp/5n2/p2Bp3/4P3/2N2N2/PPPP1PPP/R1BQ1RK1 b - - 1 7,3.5100
r1bq1rk1/1p1pbppp/2p2n2/p2Bp3/4P3/2N2N2/PPPP1PPP/R1BQ1RK1 w - - 0 8,3.9800
r1bq1rk1/1p1pbBpp/2p2n2/p3p3/4P3/2N2N2/PPPP1PPP/R1BQ1RK1 b - - 0 8,2.0900
r1bq2k1/1p1pbrpp/2p2n2/p3p3/4P3/2N2N2/PPPP1PPP/R1BQ1RK1 w - - 0 9,2.1400
r1bq2k1/1p1pbrpp/2p2n2/p3p3/4P3/P1N2N2/1PPP1PPP/R1BQ1RK1 b - - 0 9,0.8500
r1bq2k1/1p2brpp/2p2n2/p2pp3/4P3/P1N2N2/1PPP1PPP/R1BQ1RK1 w - - 0 10,2.1700
r1bq2k1/1p2brpp/2p2n2/p2pp3/4P3/P1N2N1P/1PPP1PP1/R1BQ1RK1 b - - 0 10,0.4500
r1bq2k1/1p2brpp/2p2n2/p3p3/3pP3/P1N2N1P/1PPP1PP1/R1BQ1RK1 w - - 0 11,0.8800
r1bq2k1/1p2brpp/2p2n2/p3p3/3pP3/P4N1P/1PPPNPP1/R1BQ1RK1 b - - 1 11,0.8500
r1bq2k1/1p1nbrpp/2p5/p3p3/3pP3/P4N1P/1PPPNPP1/R1BQ1RK1 w - - 2 12,0.7600
r1bq2k1/1p1nbrpp/2p5/p3p3/3pP3/P6P/1PPPNPP1/R1BQNRK1 b - - 3 12,0.4200
r1bq1nk1/1p2brpp/2p5/p3p3/3pP3/P6P/1PPPNPP1/R1BQNRK1 w - - 4 13,0.4900
r1bq1nk1/1p2brpp/2p5/p3p3/P2pP3/7P/1PPPNPP1/R1BQNRK1 b - - 0 13,0.1000
r1bq1nk1/1p2brpp/8/p1p1p3/P2pP3/7P/1PPPNPP1/R1BQNRK1 w - - 0 14,0.4700
r1bq1nk1/1p2brpp/8/p1p1p3/P2pP3/3P3P/1PP1NPP1/R1BQNRK1 b - - 0 14,0.0200
2bq1nk1/1p2brpp/r7/p1p1p3/P2pP3/3P3P/1PP1NPP1/R1BQNRK1 w - - 1 15,0.3600
2bq1nk1/1p2brpp/r7/p1p1p3/P2pP3/3P2NP/1PP2PP1/R1BQNRK1 b - - 2 15,-0.3900
2bq1nk1/1p2brp1/r6p/p1p1p3/P2pP3/3P2NP/1PP2PP1/R1BQNRK1 w - - 0 16,-0.0300
2bq1nk1/1p2brp1/r6p/p1p1p2Q/P2pP3/3P2NP/1PP2PP1/R1B1NRK1 b - - 1 16,-0.4300
2bq1nk1/1p3rp1/r2b3p/p1p1p2Q/P2pP3/3P2NP/1PP2PP1/R1B1NRK1 w - - 2 17,0.6800
2bq1nk1/1p3rp1/r2b3p/p1p1p2Q/P2pP3/1P1P2NP/2P2PP1/R1B1NRK1 b - - 0 17,0.5000
2bq1nk1/1pb2rp1/r6p/p1p1p2Q/P2pP3/1P1P2NP/2P2PP1/R1B1NRK1 w - - 1 18,0.5000
2bq1nk1/1pb2rp1/r6p/p1p1p2Q/P2pP3/1P1P1NNP/2P2PP1/R1B2RK1 b - - 2 18,0.4100
2bq2k1/1pb2rp1/r5np/p1p1p2Q/P2pP3/1P1P1NNP/2P2PP1/R1B2RK1 w - - 3 19,0.7600
2bq2k1/1pb2rp1/r5np/p1p1pN1Q/P2pP3/1P1P1N1P/2P2PP1/R1B2RK1 b - - 4 19,0.5400
3q2k1/1pb2rp1/r5np/p1p1pb1Q/P2pP3/1P1P1N1P/2P2PP1/R1B2RK1 w - - 0 20,0.7200
3q2k1/1pb2rp1/r5np/p1p1pP1Q/P2p4/1P1P1N1P/2P2PP1/R1B2RK1 b - - 0 20,0.6900
3q2kn/1pb2rp1/r6p/p1p1pP1Q/P2p4/1P1P1N1P/2P2PP1/R1B2RK1 w - - 1 21,1.7400
3q2kn/1pb2rp1/r6p/p1p1pP1Q/P2p3N/1P1P3P/2P2PP1/R1B2RK1 b - - 2 21,1.6500
3q1rkn/1pb3p1/r6p/p1p1pP1Q/P2p3N/1P1P3P/2P2PP1/R1B2RK1 w - - 3 22,2.1600
3q1rkn/1pb3p1/r6p/p1p1pP1Q/P2p3N/1P1P3P/2PB1PP1/R4RK1 b - - 4 22,2.3200
4qrkn/1pb3p1/r6p/p1p1pP1Q/P2p3N/1P1P3P/2PB1PP1/R4RK1 w - - 5 23,2.5200
4qrkn/1pb3p1/r6p/p1p1pP2/P2p3N/1P1P1Q1P/2PB1PP1/R4RK1 b - - 6 23,1.4000
2q2rkn/1pb3p1/r6p/p1p1pP2/P2p3N/1P1P1Q1P/2PB1PP1/R4RK1 w - - 7 24,2.3300
2q2rkn/1pb3p1/r6p/p1p1pP2/P2p3N/1P1P1Q1P/2PB1PP1/4RRK1 b - - 8 24,1.2000
2q2rkn/1pb5/r6p/p1p1pPp1/P2p3N/1P1P1Q1P/2PB1PP1/4RRK1 w - g6 0 25,1.6700
2q2rkn/1pb5/r6p/p1pQpPp1/P2p3N/1P1P3P/2PB1PP1/4RRK1 b - - 1 25,1.5200
2q2r1n/1pb3k1/r6p/p1pQpPp1/P2p3N/1P1P3P/2PB1PP1/4RRK1 w - - 2 26,1.4300
2q2r1n/1pb3k1/r6p/p1pQRPp1/P2p3N/1P1P3P/2PB1PP1/5RK1 b - - 0 26,-0.1800
2q2r1n/1p4k1/r6p/p1pQbPp1/P2p3N/1P1P3P/2PB1PP1/5RK1 w - - 0 27,-0.3900
2q2r1n/1p4k1/r6p/p1p1QPp1/P2p3N/1P1P3P/2PB1PP1/5RK1 b - - 0 27,-0.3600
2q2rkn/1p6/r6p/p1p1QPp1/P2p3N/1P1P3P/2PB1PP1/5RK1 w - - 1 28,0.0900
2q2rkn/1p6/r5Np/p1p1QPp1/P2p4/1P1P3P/2PB1PP1/5RK1 b - - 2 28,-0.1700
2q2rk1/1p6/r5np/p1p1QPp1/P2p4/1P1P3P/2PB1PP1/5RK1 w - - 0 29,-0.5900
2q2rk1/1p6/r5np/p1pQ1Pp1/P2p4/1P1P3P/2PB1PP1/5RK1 b - - 1 29,-0.5000
2q2r2/1p4k1/r5np/p1pQ1Pp1/P2p4/1P1P3P/2PB1PP1/5RK1 w - - 2 30,-0.3300
2q2r2/1p4k1/r5np/p1pQ1Pp1/P2p2P1/1P1P3P/2PB1P2/5RK1 b - - 0 30,-2.3300
2q2r2/1p4k1/r6p/p1pQ1Pp1/P2p2Pn/1P1P3P/2PB1P2/5RK1 w - - 1 31,-2.1400
2q2r2/1p4k1/r6p/p1pQ1PB1/P2p2Pn/1P1P3P/2P2P2/5RK1 b - - 0 31,-3.4800
2q5/1p4k1/r6p/p1pQ1rB1/P2p2Pn/1P1P3P/2P2P2/5RK1 w - - 0 32,-1.9400
2q5/1p4k1/r6B/p1pQ1r2/P2p2Pn/1P1P3P/2P2P2/5RK1 b - - 0 32,-3.1300
2q5/1p6/r6k/p1pQ1r2/P2p2Pn/1P1P3P/2P2P2/5RK1 w - - 0 33,-2.6500
2q5/1p6/r6k/p1p2r2/P2pQ1Pn/1P1P3P/2P2P2/5RK1 b - - 1 33,-4.6700
2q5/1p6/r6k/p1p2r2/P2pQ1P1/1P1P1n1P/2P2P2/5RK1 w - - 2 34,-4.7200
2q5/1p6/r6k/p1p2r2/P2p2P1/1P1P1Q1P/2P2P2/5RK1 b - - 0 34,-7.2600
2q5/1p6/6rk/p1p2r2/P2p2P1/1P1P1Q1P/2P2P2/5RK1 w - - 1 35,-2.3700
2q5/1p6/6rk/p1p2r2/P2p2P1/1P1P3P/2P1QP2/5RK1 b - - 2 35,-2.9700
2q5/1p6/6rk/p1p5/P2p1rP1/1P1P3P/2P1QP2/5RK1 w - - 3 36,-2.6600
2q5/1p6/6rk/p1p5/P2p1rP1/1P1P1P1P/2P1Q3/5RK1 b - - 0 36,-2.8500
8/1p6/4q1rk/p1p5/P2p1rP1/1P1P1P1P/2P1Q3/5RK1 w - - 1 37,-3.2100
8/1p6/4q1rk/p1p5/P2p1rP1/1P1P1P1P/2P4Q/5RK1 b - - 2 37,-3.5300
rnbqkb1r/pppp1ppp/5n2/4p3/4P3/2N5/PPPPBPPP/R1BQK1NR b KQkq - 3 3,-0.1300
rnbqkb1r/ppp2ppp/5n2/3pp3/4P3/2N5/PPPPBPPP/R1BQK1NR w KQkq - 0 4,-0.4200
rnbqkb1r/ppp2ppp/5n2/3Np3/4P3/8/PPPPBPPP/R1BQK1NR b KQkq - 0 4,-0.4800
rnbqkb1r/ppp2ppp/8/3Np3/4n3/8/PPPPBPPP/R1BQK1NR w KQkq - 0 5,-0.1700
rnbqkb1r/ppp2ppp/8/4p3/4n3/2N5/PPPPBPPP/R1BQK1NR b KQkq - 1 5,-0.5600
rn1qkb1r/ppp2ppp/8/4pb2/4n3/2N5/PPPPBPPP/R1BQK1NR w KQkq - 2 6,-0.4700
rn1qkb1r/ppp2ppp/8/4pb2/4n3/2NB4/PPPP1PPP/R1BQK1NR b KQkq - 3 6,-0.8400
rn1qkb1r/ppp2ppp/8/4pb2/8/2NB4/PPPP1nPP/R1BQK1NR w KQkq - 0 7,0.0200
rn1qkb1r/ppp2ppp/8/4pb2/8/2NB4/PPPP1KPP/R1BQ2NR b kq - 0 7,-0.0100
rn1qk2r/ppp2ppp/8/2b1pb2/8/2NB4/PPPP1KPP/R1BQ2NR w kq - 1 8,0.1600
rn1qk2r/ppp2ppp/8/2b1pb2/8/2NB4/PPPPK1PP/R1BQ2NR b kq - 2 8,-0.0600
rn1qk2r/ppp2ppp/8/2b1p3/6b1/2NB4/PPPPK1PP/R1BQ2NR w kq - 3 9,1.3400
rn1qk2r/ppp2ppp/8/2b1p3/6b1/2NB4/PPPP2PP/R1BQ1KNR b kq - 4 9,-5.2400
rn2k2r/ppp2ppp/8/2b1p3/3q2b1/2NB4/PPPP2PP/R1BQ1KNR w kq - 5 10,-2.7500
rn2k2r/ppp2ppp/8/2b1p3/3q2b1/2NB4/PPPP2PP/R1B1QKNR b kq - 6 10,-2.9200
r3k2r/ppp2ppp/n7/2b1p3/3q2b1/2NB4/PPPP2PP/R1B1QKNR w kq - 7 11,2.3000
r3k2r/ppp2ppp/n7/2b1p3/1P1q2b1/2NB4/P1PP2PP/R1B1QKNR b kq - 0 11,-0.7000
r3k2r/ppp2ppp/8/2b1p3/1n1q2b1/2NB4/P1PP2PP/R1B1QKNR w kq - 0 12,-0.5700
r3k2r/ppp2ppp/8/2b1p3/1n1q2b1/2NBQ3/P1PP2PP/R1B2KNR b kq - 1 12,-0.5900
r3k2r/ppp2ppp/8/2b1p3/3q2b1/2NnQ3/P1PP2PP/R1B2KNR w kq - 0 13,-0.4600
r3k2r/ppp2ppp/8/2b1p3/3q2b1/2NPQ3/P2P2PP/R1B2KNR b kq - 0 13,-0.4600
r3k2r/ppp2ppp/8/2b1pb2/3q4/2NPQ3/P2P2PP/R1B2KNR w kq - 1 14,-0.4600
r3k2r/ppp2ppp/8/2b1pb2/3q4/2NPQ3/P2PN1PP/R1B2K1R b kq - 2 14,-1.0400
r3k2r/ppp2ppp/8/2b1pb2/8/2NPq3/P2PN1PP/R1B2K1R w kq - 0 15,-0.7100
r3k2r/ppp2ppp/8/2b1pb2/3P4/2N1q3/P2PN1PP/R1B2K1R b kq - 0 15,-6.4800
r3k2r/ppp2ppp/8/2b1pbq1/3P4/2N5/P2PN1PP/R1B2K1R w kq - 1 16,-6.4800
r3k2r/ppp2ppp/8/2P1pbq1/8/2N5/P2PN1PP/R1B2K1R b kq - 0 16,-6.3900
r2qk2r/ppp2ppp/8/2P1pb2/8/2N5/P2PN1PP/R1B2K1R w kq - 1 17,-5.1200
r2qk2r/ppp2ppp/8/2P1pb2/8/2N5/P2PNKPP/R1B4R b kq - 2 17,-6.0000
r2qk2r/1pp2ppp/p7/2P1pb2/8/2N5/P2PNKPP/R1B4R w kq - 0 18,-5.2100
r2qk2r/1pp2ppp/p7/2P1pb2/8/P1N5/3PNKPP/R1B4R b kq - 0 18,-6.1800
r2qk2r/1pp2ppp/p3b3/2P1p3/8/P1N5/3PNKPP/R1B4R w kq - 1 19,-5.6100
r2qk2r/1pp2ppp/p3b3/2P1p3/8/P1NP4/4NKPP/R1B4R b kq - 0 19,-5.5400
r2q1rk1/1pp2ppp/p3b3/2P1p3/8/P1NP4/4NKPP/R1B4R w - - 1 20,-5.3700
r2q1rk1/1pp2ppp/p3b3/2P1p3/8/P1NPB3/4NKPP/R6R b - - 2 20,-5.3700
r4rk1/1pp2ppp/p3bq2/2P1p3/8/P1NPB3/4NKPP/R6R w - - 3 21,-5.4000
r4rk1/1pp2ppp/p3bq2/2P1p3/5B2/P1NP4/4NKPP/R6R b - - 4 21,-6.9300
r2r2k1/1pp2ppp/p3bq2/2P1p3/5B2/P1NP4/4NKPP/R6R w - - 5 22,-5.5600
r2r2k1/1pp2ppp/p3bq2/2P1p3/3P1B2/P1N5/4NKPP/R6R b - - 0 22,-7.0000
r2r2k1/1pp2pp1/p3bq2/2P1p2p/3P1B2/P1N5/4NKPP/R6R w - - 0 23,-5.1400
r2r2k1/1pp2pp1/p3bq2/2P1p2p/3PNB2/P7/4NKPP/R6R b - - 1 23,-6.7200
r2r2k1/1pp2pp1/p3b3/2P1p2p/3PNB1q/P7/4NKPP/R6R w - - 2 24,-5.2200
r2r2k1/1pp2pp1/p3b3/2P1p2p/3PNB1q/P3K3/4N1PP/R6R b - - 3 24,-7.1900
r2r2k1/1pp2pp1/p3b3/2P4p/3PNp1q/P3K3/4N1PP/R6R w - - 0 25,-6.8800
r2r2k1/1pp2pp1/p3b3/2P4p/3PNp1q/P2K4/4N1PP/R6R b - - 1 25,-7.6200
r2r2k1/1pp2pp1/p3b3/2P4p/3PN2q/P2K1p2/4N1PP/R6R w - - 0 26,-6.3000
r2r2k1/1pp2pp1/p3b3/2P4p/3PN2q/P2K1pP1/4N2P/R6R b - - 0 26,-6.4300
r2r2k1/1pp2pp1/p3b3/2P4p/3PN1q1/P2K1pP1/4N2P/R6R w - - 1 27,-6.7500
r2r2k1/1pp2pp1/p3b3/2P4p/3PN1q1/P2K1pP1/4N2P/R5R1 b - - 2 27,-9.5000
r2r2k1/1pp2pp1/p3b3/2P4p/3PN1q1/P2K2P1/4p2P/R5R1 w - - 0 28,-9.6200
r2r2k1/1pp2pp1/p3b3/2P4p/3PN1q1/P3K1P1/4p2P/R5R1 b - - 1 28,-9.5800
r2r2k1/1pp2pp1/p3b3/2P4p/3PN1q1/P3K1P1/7P/R3r1R1 w - - 0 29,-8.0100
r2r2k1/1pp2pp1/p3b3/2P4p/3PN1q1/P5P1/3K3P/R3r1R1 b - - 1 29,-12.5700
r2r2k1/1pp2pp1/p3b3/2P4p/3PN1q1/P5P1/3Kr2P/R5R1 w - - 2 30,-10.0000
r2r2k1/1pp2pp1/p3b3/2P4p/3PN1q1/P1K3P1/4r2P/R5R1 b - - 3 30,-10.0000
rnbqkb1r/pp1ppppp/2p2n2/8/2PP4/5N2/PP2PPPP/RNBQKB1R b KQkq - 1 3,0.3800
rnbqkb1r/pp1ppp1p/2p2np1/8/2PP4/5N2/PP2PPPP/RNBQKB1R w KQkq - 0 4,0.5200
rnbqkb1r/pp1ppp1p/2p2np1/8/2PP1B2/5N2/PP2PPPP/RN1QKB1R b KQkq - 1 4,0.4600
rnbqk2r/pp1pppbp/2p2np1/8/2PP1B2/5N2/PP2PPPP/RN1QKB1R w KQkq - 2 5,0.5500
rnbqk2r/pp1pppbp/2p2np1/8/2PP1B2/2N2N2/PP2PPPP/R2QKB1R b KQkq - 3 5,0.5200
rnbqk2r/pp1pppbp/2p3p1/7n/2PP1B2/2N2N2/PP2PPPP/R2QKB1R w KQkq - 4 6,0.5900
rnbqk2r/pp1pppbp/2p3p1/6Bn/2PP4/2N2N2/PP2PPPP/R2QKB1R b KQkq - 5 6,0.3600
rnbqk2r/pp2ppbp/2p3p1/3p2Bn/2PP4/2N2N2/PP2PPPP/R2QKB1R w KQkq - 0 7,0.6700
rnbqk2r/pp2ppbp/2p3p1/3P2Bn/3P4/2N2N2/PP2PPPP/R2QKB1R b KQkq - 0 7,0.4500
rnbqk2r/pp2ppbp/6p1/3p2Bn/3P4/2N2N2/PP2PPPP/R2QKB1R w KQkq - 0 8,0.3700
rnbqk2r/pp2ppbp/6p1/3p2Bn/3P4/2N1PN2/PP3PPP/R2QKB1R b KQkq - 0 8,0.4700
rnbq1rk1/pp2ppbp/6p1/3p2Bn/3P4/2N1PN2/PP3PPP/R2QKB1R w KQ - 1 9,0.5500
rnbq1rk1/pp2ppbp/6p1/3p3n/3P3B/2N1PN2/PP3PPP/R2QKB1R b KQ - 2 9,0.4100
r1bq1rk1/pp2ppbp/2n3p1/3p3n/3P3B/2N1PN2/PP3PPP/R2QKB1R w KQ - 3 10,0.6600
r1bq1rk1/pp2ppbp/2n3p1/3p3n/3P3B/2N1PN1P/PP3PP1/R2QKB1R b KQ - 0 10,0.4300
r1bq1rk1/pp2p1bp/2n3p1/3p1p1n/3P3B/2N1PN1P/PP3PP1/R2QKB1R w KQ - 0 11,0.9100
r1bq1rk1/pp2p1bp/2n3p1/3p1p1n/3P3B/2NBPN1P/PP3PP1/R2QK2R b KQ - 1 11,0.5500
r2q1rk1/pp2p1bp/2n1b1p1/3p1p1n/3P3B/2NBPN1P/PP3PP1/R2QK2R w KQ - 2 12,0.7100
r2q1rk1/pp2p1bp/2n1b1p1/3p1p1n/N2P3B/3BPN1P/PP3PP1/R2QK2R b KQ - 3 12,0.4400
r4rk1/pp2p1bp/2nqb1p1/3p1p1n/N2P3B/3BPN1P/PP3PP1/R2QK2R w KQ - 4 13,0.4900
r4rk1/pp2p1bp/2nqb1p1/2Np1p1n/3P3B/3BPN1P/PP3PP1/R2QK2R b KQ - 5 13,0.1500
r1b2rk1/pp2p1bp/2nq2p1/2Np1p1n/3P3B/3BPN1P/PP3PP1/R2QK2R w KQ - 6 14,0.1400
r1b2rk1/pp2p1bp/2nq2p1/3p1p1n/N2P3B/3BPN1P/PP3PP1/R2QK2R b KQ - 7 14,-0.9700
r1b2rk1/pp2p1bp/2nq2p1/3p3n/N2P1p1B/3BPN1P/PP3PP1/R2QK2R w KQ - 0 15,-0.0600
r1b2rk1/pp2p1bp/2nq2p1/3p3n/N2P1p1B/3BPN1P/PP3PP1/R2Q1RK1 b - - 1 15,-0.0500
r1b2rk1/pp2p1b1/2nq2pp/3p3n/N2P1p1B/3BPN1P/PP3PP1/R2Q1RK1 w - - 0 16,0.3400
r1b2rk1/pp2p1b1/2nq2pp/3p3n/3P1p1B/2NBPN1P/PP3PP1/R2Q1RK1 b - - 1 16,0.2200
r1b2rk1/pp2p1b1/2n1q1pp/3p3n/3P1p1B/2NBPN1P/PP3PP1/R2Q1RK1 w - - 2 17,1.2800
r1b2rk1/pp2p1b1/2n1q1pp/3p3n/3P1p1B/2N1PN1P/PPB2PP1/R2Q1RK1 b - - 3 17,0.6500
r1b2rk1/pp2pqb1/2n3pp/3p3n/3P1p1B/2N1PN1P/PPB2PP1/R2Q1RK1 w - - 4 18,2.0000
r1b2rk1/pp2pqb1/2n3pp/3p3n/3P1p1B/2NQPN1P/PPB2PP1/R4RK1 b - - 5 18,-1.5800
r1b2rk1/pp2pqb1/2n3pp/3p3n/3P3B/2NQpN1P/PPB2PP1/R4RK1 w - - 0 19,0.7000
r1b2rk1/pp2pqb1/2n3Qp/3p3n/3P3B/2N1pN1P/PPB2PP1/R4RK1 b - - 0 19,-1.0200
r4rk1/pp2pqb1/2n3Qp/3p1b1n/3P3B/2N1pN1P/PPB2PP1/R4RK1 w - - 1 20,1.2000
r4rk1/pp2pQb1/2n4p/3p1b1n/3P3B/2N1pN1P/PPB2PP1/R4RK1 b - - 0 20,1.7000
r5k1/pp2prb1/2n4p/3p1b1n/3P3B/2N1pN1P/PPB2PP1/R4RK1 w - - 0 21,1.2500
r5k1/pp2prb1/2n4p/3p1b1n/3P3B/2N1pN1P/PP3PP1/R2B1RK1 b - - 1 21,-0.2800
r5k1/pp2prb1/2n4p/3p1b1n/3P3B/2N2N1P/PP3pP1/R2B1RK1 w - - 0 22,-0.1600
r5k1/pp2prb1/2n4p/3p1b1n/3P3B/2N2N1P/PP3pPK/R2B1R2 b - - 1 22,-0.5600
r5k1/pp3rb1/2n1p2p/3p1b1n/3P3B/2N2N1P/PP3pPK/R2B1R2 w - - 0 23,-0.5800
r5k1/pp3rb1/2n1p2p/3p1b1n/3P4/2N2N1P/PP3BPK/R2B1R2 b - - 0 23,-0.5000
r5k1/pp3rb1/2n1p2p/3p1b2/3P1n2/2N2N1P/PP3BPK/R2B1R2 w - - 1 24,-0.3700
r5k1/pp3rb1/2n1p2p/3p1b2/3P1n2/2N2NBP/PP4PK/R2B1R2 b - - 2 24,-0.5000
r5k1/pp3rb1/2n1p2p/3p4/3P1n2/2Nb1NBP/PP4PK/R2B1R2 w - - 3 25,-0.3800
r5k1/pp3rb1/2n1p2p/3p4/3P1n2/2Nb1NBP/PP4PK/R2B3R b - - 4 25,-1.1300
r5k1/pp3rb1/4p2p/3p4/3n1n2/2Nb1NBP/PP4PK/R2B3R w - - 0 26,-0.8600
r5k1/pp3rb1/4p2p/3p4/3n1n2/2Nb1NBP/PP4PK/R2BR3 b - - 1 26,-1.4500
rnbqk1nr/pppp1ppp/4p3/8/1bPP4/2N5/PP2PPPP/R1BQKBNR b KQkq - 2 3,0.3000
rnbqk1nr/pppp1ppp/4p3/8/2PP4/2b5/PP2PPPP/R1BQKBNR w KQkq - 0 4,0.3900
rnbqk1nr/pppp1ppp/4p3/8/2PP4/2b5/PP1BPPPP/R2QKBNR b KQkq - 1 4,-4.7500
rnbqk1nr/pppp1ppp/4p3/8/2PP4/8/PP1bPPPP/R2QKBNR w KQkq - 0 5,-4.8200
rnbqk1nr/pppp1ppp/4p3/8/2PP4/8/PP1KPPPP/R2Q1BNR b kq - 0 5,-5.4000
rnbqk1nr/ppp2ppp/3pp3/8/2PP4/8/PP1KPPPP/R2Q1BNR w kq - 0 6,-5.2200
rnbqk1nr/ppp2ppp/3pp3/8/2PP4/8/PP2PPPP/R2QKBNR b kq - 1 6,-5.4000
rnbqk1nr/pp3ppp/3pp3/2p5/2PP4/8/PP2PPPP/R2QKBNR w kq - 0 7,-5.1900
rnbqk1nr/pp3ppp/3pp3/2p5/2PP4/8/PP2PPPP/R1Q1KBNR b kq - 1 7,-5.8600
r1bqk1nr/pp3ppp/2npp3/2p5/2PP4/8/PP2PPPP/R1Q1KBNR w kq - 2 8,-5.7300
r1bqk1nr/pp3ppp/2npp3/2p5/2PPP3/8/PP3PPP/R1Q1KBNR b kq - 0 8,-5.8600
r1bqk1nr/pp3ppp/2npp3/8/2PpP3/8/PP3PPP/R1Q1KBNR w kq - 0 9,-5.5700
r1bqk1nr/pp3ppp/2npp3/8/1PPpP3/8/P4PPP/R1Q1KBNR b kq - 0 9,-5.8000
r1bqk1nr/pp3ppp/2np4/4p3/1PPpP3/8/P4PPP/R1Q1KBNR w kq - 0 10,-5.1900
r1bqk1nr/pp3ppp/2np4/4p3/1PPpP3/8/PQ3PPP/R3KBNR b kq - 1 10,-5.5500
r2qk1nr/pp1b1ppp/2np4/4p3/1PPpP3/8/PQ3PPP/R3KBNR w kq - 2 11,-5.3500
r2qk1nr/pp1b1ppp/2np4/4p3/1PPpP3/3B4/PQ3PPP/R3K1NR b kq - 3 11,-5.8900
r3k1nr/pp1bqppp/2np4/4p3/1PPpP3/3B4/PQ3PPP/R3K1NR w kq - 4 12,-5.3200
r3k1nr/pp1bqppp/2np4/4p3/1PPpP3/P2B4/1Q3PPP/R3K1NR b kq - 0 12,-5.8600
r3k1nr/pp1bqpp1/2np3p/4p3/1PPpP3/P2B4/1Q3PPP/R3K1NR w kq - 0 13,-5.5100
r3k1nr/pp1bqpp1/2np3p/4p3/1PPpP1P1/P2B4/1Q3P1P/R3K1NR b kq - 0 13,-5.7800
r3k1nr/pp1bqpp1/2np4/4p2p/1PPpP1P1/P2B4/1Q3P1P/R3K1NR w kq - 0 14,-5.5600
r3k1nr/pp1bqpp1/2np4/4p2p/1PPpP1P1/P2B1P2/1Q5P/R3K1NR b kq - 0 14,-5.9100
r3k1nr/1p1bqpp1/p1np4/4p2p/1PPpP1P1/P2B1P2/1Q5P/R3K1NR w kq - 0 15,-5.4600
r3k1nr/1p1bqpp1/p1np4/1P2p2p/2PpP1P1/P2B1P2/1Q5P/R3K1NR b kq - 0 15,-5.4000
r3k1nr/1p1bqpp1/p2p4/nP2p2p/2PpP1P1/P2B1P2/1Q5P/R3K1NR w kq - 1 16,-5.3800
r3k1nr/1p1bqpp1/p2p4/nP2p2p/2PpP1PP/P2B1P2/1Q6/R3K1NR b kq - 0 16,-5.3100
r3k1nr/1p1bqpp1/p2p4/nP2p3/2PpP1pP/P2B1P2/1Q6/R3K1NR w kq - 0 17,-4.9300
r3k1nr/1p1bqpp1/P2p4/n3p3/2PpP1pP/P2B1P2/1Q6/R3K1NR b kq - 0 17,-5.3600
r3k1nr/1p1bq1p1/P2p1p2/n3p3/2PpP1pP/P2B1P2/1Q6/R3K1NR w kq - 0 18,-4.1700
r3k1nr/1p1bq1p1/P2p1p2/n3p3/2PpP1pP/P2B1P2/2Q5/R3K1NR b kq - 1 18,-4.6100
r3k1nr/1p1bq1p1/P2p4/n3pp2/2PpP1pP/P2B1P2/2Q5/R3K1NR w kq - 0 19,-4.2500
r3k1nr/1p1bq1p1/P2p4/n1P1pp2/3pP1pP/P2B1P2/2Q5/R3K1NR b kq - 0 19,-4.3700
r3k1nr/1p1bq3/P2p2p1/n1P1pp2/3pP1pP/P2B1P2/2Q5/R3K1NR w kq - 0 20,-3.5800
r3k1nr/1p1bq3/P2p2p1/n1P1pp2/3pP1pP/P2B1P2/8/RQ2K1NR b kq - 1 20,-3.9500
r3k2r/1p1bq3/P2p2pn/n1P1pp2/3pP1pP/P2B1P2/8/RQ2K1NR w kq - 2 21,-3.1100
r3k2r/1p1bq3/P2p2pn/n1P1pp2/3pP1pP/P2B1P2/5K2/RQ4NR b kq - 3 21,-3.9700
r3k2r/1p1bq3/P2p2pn/n1P1pp2/3pP2P/P2B1Pp1/5K2/RQ4NR w kq - 0 22,-3.7300
r3k2r/1p1bq3/P2p2pn/n1P1pp2/3pP2P/P2B1Pp1/8/RQ3KNR b kq - 1 22,-4.3100
r3k2r/1p1bq3/P2p2pn/n1P1pp2/3pP2P/P2B1P2/6p1/RQ3KNR w kq - 0 23,-3.6200
r3k2r/1p1bq3/P2p2pn/n1P1pp2/3pP2P/P2B1P2/6K1/RQ4NR b kq - 0 23,-3.7300
r3k2r/1p1bq3/P5pn/n1p1pp2/3pP2P/P2B1P2/6K1/RQ4NR w kq - 0 24,-3.3600
r3k2r/1p1bq3/P5pn/n1p1pp2/3pP2P/P2B1P2/5K2/RQ4NR b kq - 1 24,-4.3700
rnbqkbnr/pp1p1ppp/4p3/2p5/3PP3/5N2/PPP2PPP/RNBQKB1R b KQkq - 0 3,0.3300
rnbqkb1r/pp1p1ppp/4pn2/2p5/3PP3/5N2/PPP2PPP/RNBQKB1R w KQkq - 1 4,1.2300
rnbqkb1r/pp1p1ppp/4pn2/2p5/3PP3/3B1N2/PPP2PPP/RNBQK2R b KQkq - 2 4,0.2200
rnbqkb1r/pp3ppp/3ppn2/2p5/3PP3/3B1N2/PPP2PPP/RNBQK2R w KQkq - 0 5,0.9300
rnbqkb1r/pp3ppp/3ppn2/2pP4/4P3/3B1N2/PPP2PPP/RNBQK2R b KQkq - 0 5,0.7900
rnbqkb1r/pp3ppp/3p1n2/2pp4/4P3/3B1N2/PPP2PPP/RNBQK2R w KQkq - 0 6,0.9500
rnbqkb1r/pp3ppp/3p1n2/2pP4/8/3B1N2/PPP2PPP/RNBQK2R b KQkq - 0 6,1.0500
r1bqkb1r/pp1n1ppp/3p1n2/2pP4/8/3B1N2/PPP2PPP/RNBQK2R w KQkq - 1 7,0.8100
r1bqkb1r/pp1n1ppp/3p1n2/2pP4/8/3B1N2/PPP2PPP/RNBQ1RK1 b kq - 2 7,0.6000
r1bqk2r/pp1nbppp/3p1n2/2pP4/8/3B1N2/PPP2PPP/RNBQ1RK1 w kq - 3 8,1.0600
r1bqk2r/pp1nbppp/3p1n2/2pP4/2P5/3B1N2/PP3PPP/RNBQ1RK1 b kq - 0 8,1.1200
r1bqk2r/pp1nbppp/3p4/2pP4/2P3n1/3B1N2/PP3PPP/RNBQ1RK1 w kq - 1 9,1.1200
r1bqk2r/pp1nbppp/3p4/2pP4/2P3n1/3B1N2/PP3PPP/RNBQR1K1 b kq - 2 9,0.9800
r1bq1rk1/pp1nbppp/3p4/2pP4/2P3n1/3B1N2/PP3PPP/RNBQR1K1 w - - 3 10,1.1300
r1bq1rk1/pp1nbppp/3p4/2pP4/2P2Bn1/3B1N2/PP3PPP/RN1QR1K1 b - - 4 10,1.0200
r1bq1rk1/1p1nbppp/p2p4/2pP4/2P2Bn1/3B1N2/PP3PPP/RN1QR1K1 w - - 0 11,1.1200
r1bq1rk1/1p1nbppp/p2p4/2pP4/P1P2Bn1/3B1N2/1P3PPP/RN1QR1K1 b - - 0 11,1.0500
r1bq1rk1/1p1nb1pp/p2p4/2pP1p2/P1P2Bn1/3B1N2/1P3PPP/RN1QR1K1 w - - 0 12,1.0400
r1bq1rk1/1p1nb1pp/p2p4/2pP1p2/P1P2Bn1/3B1N2/1P2QPPP/RN2R1K1 b - - 1 12,0.8400
r1bq1rk1/1p1nb1pp/p2p4/2pPnp2/P1P2B2/3B1N2/1P2QPPP/RN2R1K1 w - - 2 13,0.8300
r1bq1rk1/1p1nb1pp/p2p4/2pPBp2/P1P5/3B1N2/1P2QPPP/RN2R1K1 b - - 0 13,0.8100
r1bq1rk1/1p2b1pp/p2p4/2pPnp2/P1P5/3B1N2/1P2QPPP/RN2R1K1 w - - 0 14,0.7800
r1bq1rk1/1p2b1pp/p2p4/2pPnp2/P1P5/2NB1N2/1P2QPPP/R3R1K1 b - - 1 14,-0.7800
r1bq1rk1/1p2b1pp/p2p4/2pP1p2/P1P5/2NB1n2/1P2QPPP/R3R1K1 w - - 0 15,-0.6900
r1bq1rk1/1p2b1pp/p2p4/2pP1p2/P1P5/2NB1n2/1P2QPPP/R3R2K b - - 1 15,-5.2100
r1bq1rk1/1p2b1pp/p2p4/2pPnp2/P1P5/2NB4/1P2QPPP/R3R2K w - - 2 16,-5.1600
r1bq1rk1/1p2b1pp/p2p4/2pPnB2/P1P5/2N5/1P2QPPP/R3R2K b - - 0 16,-5.5700
r1bq1rk1/1p4pp/p2p4/2pPnB2/P1P4b/2N5/1P2QPPP/R3R2K w - - 1 17,-3.2100
r1bq1rk1/1p4pp/p2pB3/2pPn3/P1P4b/2N5/1P2QPPP/R3R2K b - - 2 17,-3.0900
r1bq1rk1/1p3npp/p2pB3/2pP4/P1P4b/2N5/1P2QPPP/R3R2K w - - 3 18,-2.4100
r1bq1rk1/1p3npp/p2pB3/2pP3Q/P1P4b/2N5/1P3PPP/R3R2K b - - 4 18,-2.7900
1rbq1rk1/1p3npp/p2pB3/2pP3Q/P1P4b/2N5/1P3PPP/R3R2K w - - 5 19,-2.2000
1rbq1rk1/1p3npp/p2pB3/2pP3Q/P1P1R2b/2N5/1P3PPP/R6K b - - 6 19,-2.6000
1rbq1rk1/1p3npp/p2pB3/2pP3Q/P1P1R3/2N5/1P3bPP/R6K w - - 0 20,-0.8600
1rbq1rk1/1p3npp/p2pB3/2pP3Q/P1P1R3/2N5/1P3bPP/5R1K b - - 1 20,-1.7700
1rbq1rk1/1p3n1p/p2pB1p1/2pP3Q/P1P1R3/2N5/1P3bPP/5R1K w - - 0 21,-0.2600
1rbq1rk1/1p3n1p/p2pB1p1/2pP4/P1P1R3/2N5/1P2QbPP/5R1K b - - 1 21,-0.4000
1r1q1rk1/1p3n1p/p2pb1p1/2pP4/P1P1R3/2N5/1P2QbPP/5R1K w - - 0 22,-0.2400
1r1q1rk1/1p3n1p/p2pP1p1/2p5/P1P1R3/2N5/1P2QbPP/5R1K b - - 0 22,0.4400
1r1q1rk1/1p5p/p2pP1p1/2p3n1/P1P1R3/2N5/1P2QbPP/5R1K w - - 1 23,3.7100
1r1q1rk1/1p5p/p2pP1p1/2pN2n1/P1P1R3/8/1P2QbPP/5R1K b - - 2 23,-1.3300
rnbqkb1r/ppp1pppp/5n2/3p4/3P1B2/5N2/PPP1PPPP/RN1QKB1R b KQkq - 3 3,0.2700
rn1qkb1r/ppp1pppp/5n2/3p1b2/3P1B2/5N2/PPP1PPPP/RN1QKB1R w KQkq - 4 4,0.3300
rn1qkb1r/ppp1pppp/5n2/3p1b2/2PP1B2/5N2/PP2PPPP/RN1QKB1R b KQkq - 0 4,0.3200
rn1qkb1r/ppp2ppp/4pn2/3p1b2/2PP1B2/5N2/PP2PPPP/RN1QKB1R w KQkq - 0 5,0.3000
rn1qkb1r/ppp2ppp/4pn2/3p1b2/2PP1B2/2N2N2/PP2PPPP/R2QKB1R b KQkq - 1 5,0.2800
r2qkb1r/ppp2ppp/2n1pn2/3p1b2/2PP1B2/2N2N2/PP2PPPP/R2QKB1R w KQkq - 2 6,0.3800
r2qkb1r/ppp2ppp/2n1pn2/3p1b2/2PP1B2/1QN2N2/PP2PPPP/R3KB1R b KQkq - 3 6,-0.2900
r2qkb1r/ppp2ppp/4pn2/3p1b2/1nPP1B2/1QN2N2/PP2PPPP/R3KB1R w KQkq - 4 7,-0.1700
r2qkb1r/ppp2ppp/4pn2/2Pp1b2/1n1P1B2/1QN2N2/PP2PPPP/R3KB1R b KQkq - 0 7,-1.4100
r2qk2r/ppp2ppp/4pn2/2bp1b2/1n1P1B2/1QN2N2/PP2PPPP/R3KB1R w KQkq - 0 8,1.1200
r2qk2r/ppp2ppp/4pn2/2Pp1b2/1n3B2/1QN2N2/PP2PPPP/R3KB1R b KQkq - 0 8,-0.4100
r2qk2r/ppp2ppp/n3pn2/2Pp1b2/5B2/1QN2N2/PP2PPPP/R3KB1R w KQkq - 1 9,4.3800
r2qk2r/ppp2ppp/n3pn2/1QPp1b2/5B2/2N2N2/PP2PPPP/R3KB1R b KQkq - 2 9,4.2200
r2qk2r/pppn1ppp/n3p3/1QPp1b2/5B2/2N2N2/PP2PPPP/R3KB1R w KQkq - 3 10,4.7000
r2qk2r/pppn1ppp/n3p3/1QPp1b2/4PB2/2N2N2/PP3PPP/R3KB1R b KQkq - 0 10,2.9400
r2qk2r/pppn1ppp/n3p3/1QP2b2/4pB2/2N2N2/PP3PPP/R3KB1R w KQkq - 0 11,3.0200
rnbqkbnr/pp1p1ppp/4p3/2p5/4P3/5N2/PPPPBPPP/RNBQK2R b KQkq - 1 3,0.3700
r1bqkbnr/pp1p1ppp/2n1p3/2p5/4P3/5N2/PPPPBPPP/RNBQK2R w KQkq - 2 4,0.4000
r1bqkbnr/pp1p1ppp/2n1p3/2p5/3PP3/5N2/PPP1BPPP/RNBQK2R b KQkq - 0 4,0.2700
r1bqkbnr/pp3ppp/2n1p3/2pp4/3PP3/5N2/PPP1BPPP/RNBQK2R w KQkq - 0 5,0.3300
r1bqkbnr/pp3ppp/2n1p3/2pP4/3P4/5N2/PPP1BPPP/RNBQK2R b KQkq - 0 5,0.3300
r1bqkbnr/pp3ppp/4p3/2pP4/3n4/5N2/PPP1BPPP/RNBQK2R w KQkq - 0 6,1.3000
r1bqkbnr/pp3ppp/4p3/2pP4/2Pn4/5N2/PP2BPPP/RNBQK2R b KQkq - 0 6,0.5200
r1bqkbnr/pp3ppp/4p3/2pP4/2P5/5n2/PP2BPPP/RNBQK2R w KQkq - 0 7,0.9000
r1bqkbnr/pp3ppp/4p3/2pP4/2P5/5B2/PP3PPP/RNBQK2R b KQkq - 0 7,0.7900
r1bqkbnr/pp3ppp/8/2pp4/2P5/5B2/PP3PPP/RNBQK2R w KQkq - 0 8,1.0000
r1bqkbnr/pp3ppp/8/2pQ4/2P5/5B2/PP3PPP/RNB1K2R b KQkq - 0 8,0.4600
r1bqk1nr/pp3ppp/3b4/2pQ4/2P5/5B2/PP3PPP/RNB1K2R w KQkq - 1 9,0.6900
r1bqk1nr/pp3ppp/3b4/2p5/2P1Q3/5B2/PP3PPP/RNB1K2R b KQkq - 2 9,0.2500
r1bqk2r/pp2nppp/3b4/2p5/2P1Q3/5B2/PP3PPP/RNB1K2R w KQkq - 3 10,0.1700
r1bqk2r/pp2nppp/3b4/2p5/2P1Q3/4BB2/PP3PPP/RN2K2R b KQkq - 4 10,0.0200
r1bq1rk1/pp2nppp/3b4/2p5/2P1Q3/4BB2/PP3PPP/RN2K2R w KQ - 5 11,0.1600
r1bq1rk1/pp2nppp/3b4/2p5/2P1Q3/N3BB2/PP3PPP/R3K2R b KQ - 6 11,-1.0200
r1bq1rk1/pp3ppp/3b4/2p2n2/2P1Q3/N3BB2/PP3PPP/R3K2R w KQ - 7 12,-0.9200
r1bq1rk1/pp3ppp/3b4/2p2n2/2P1Q3/N3BB2/PP3PPP/2KR3R b - - 8 12,-1.1000
r1bqr1k1/pp3ppp/3b4/2p2n2/2P1Q3/N3BB2/PP3PPP/2KR3R w - - 9 13,-0.9900
r1bqr1k1/pp3ppp/3b4/2p2n2/2P5/N3BB2/PPQ2PPP/2KR3R b - - 10 13,-1.0200
r1b1r1k1/pp2qppp/3b4/2p2n2/2P5/N3BB2/PPQ2PPP/2KR3R w - - 11 14,-1.0900
r1b1r1k1/pp2qppp/3b4/2p2n2/2P5/N3BB1P/PPQ2PP1/2KR3R b - - 0 14,-1.9800
r3r1k1/pp2qppp/3bb3/2p2n2/2P5/N3BB1P/PPQ2PP1/2KR3R w - - 1 15,-1.0300
r3r1k1/pp2qppp/3bb3/2p2n2/2P1B3/N3B2P/PPQ2PP1/2KR3R b - - 2 15,-1.2700
r3r1k1/pp2qp1p/3bb1p1/2p2n2/2P1B3/N3B2P/PPQ2PP1/2KR3R w - - 0 16,-1.4700
r3r1k1/pp2qp1p/3bb1p1/2p2n2/2P1B3/N3B2P/PPQ2PP1/2KRR3 b - - 1 16,-1.6900
r3r1k1/pp2qp1p/3bb1p1/2p5/2P1B3/N3n2P/PPQ2PP1/2KRR3 w - - 0 17,-1.7000
r3r1k1/pp2qp1p/3bb1p1/2p5/2P1B3/N3n2P/PP1Q1PP1/2KRR3 b - - 1 17,-5.3200
r3r1k1/pp2qp1p/4b1p1/2p5/2P1Bb2/N3n2P/PP1Q1PP1/2KRR3 w - - 2 18,-2.4600
r3r1k1/pp2qp1p/4b1p1/2p5/2P1Bb2/N3P2P/PP1Q2P1/2KRR3 b - - 0 18,-2.3800
r3r1k1/pp2qp1p/4b1p1/2p5/2P1B3/N3P1bP/PP1Q2P1/2KRR3 w - - 1 19,-2.0900
r3r1k1/pp2qp1p/4b1p1/2p5/2P1B3/N3P1bP/PP1Q2P1/2KR3R b - - 2 19,-2.9100
3rr1k1/pp2qp1p/4b1p1/2p5/2P1B3/N3P1bP/PP1Q2P1/2KR3R w - - 3 20,-2.2900
3rr1k1/pp2qp1p/4b1p1/2p5/2P1B3/N3P1bP/PPQ3P1/2KR3R b - - 4 20,-3.2500
1r2r1k1/pp2qp1p/4b1p1/2p5/2P1B3/N3P1bP/PPQ3P1/2KR3R w - - 5 21,-1.7700
1r2r1k1/pp2qp1p/4b1p1/2p5/2P1B3/N3P1bP/PPQ3P1/2KR1R2 b - - 6 21,-2.4700
1r2r1k1/pp2qp1p/6p1/2p5/2P1B3/N3P1bb/PPQ3P1/2KR1R2 w - - 0 22,-2.5000
1r2r1k1/pp2qp1p/6p1/2pB4/2P5/N3P1bb/PPQ3P1/2KR1R2 b - - 1 22,-2.4600
rnbqkb1r/pp1ppppp/5n2/2p5/3P4/4PN2/PPP2PPP/RNBQKB1R b KQkq - 0 3,0.2000
rnbqkb1r/pp1ppppp/5n2/8/3p4/4PN2/PPP2PPP/RNBQKB1R w KQkq - 0 4,0.2700
rnbqkb1r/pp1ppppp/5n2/8/3N4/4P3/PPP2PPP/RNBQKB1R b KQkq - 0 4,-0.4300
rnbqkb1r/pp1p1ppp/5n2/4p3/3N4/4P3/PPP2PPP/RNBQKB1R w KQkq - 0 5,-0.4400
rnbqkb1r/pp1p1ppp/5n2/4p3/8/4PN2/PPP2PPP/RNBQKB1R b KQkq - 1 5,-0.4100
r1bqkb1r/pp1p1ppp/2n2n2/4p3/8/4PN2/PPP2PPP/RNBQKB1R w KQkq - 2 6,-0.4000
r1bqkb1r/pp1p1ppp/2n2n2/4p3/2P5/4PN2/PP3PPP/RNBQKB1R b KQkq - 0 6,-0.4300
r1bqk2r/pp1pbppp/2n2n2/4p3/2P5/4PN2/PP3PPP/RNBQKB1R w KQkq - 1 7,-0.0300
r1bqk2r/pp1pbppp/2n2n2/4p3/2P5/4PN2/PP2BPPP/RNBQK2R b KQkq - 2 7,-0.4200
r1bq1rk1/pp1pbppp/2n2n2/4p3/2P5/4PN2/PP2BPPP/RNBQK2R w KQ - 3 8,0.2100
r1bq1rk1/pp1pbppp/2n2n2/4p3/2P5/2N1PN2/PP2BPPP/R1BQK2R b KQ - 4 8,0.1500
r1bq1rk1/pp1pbppp/2n2n2/8/2P1p3/2N1PN2/PP2BPPP/R1BQK2R w KQ - 0 9,0.1800
r1bq1rk1/pp1pbppp/2n2n2/8/2P1p3/2N1P3/PP1NBPPP/R1BQK2R b KQ - 1 9,0.2000
r1bq1rk1/pp1p1ppp/2n2n2/8/1bP1p3/2N1P3/PP1NBPPP/R1BQK2R w KQ - 2 10,0.2300
r1bq1rk1/pp1p1ppp/2n2n2/8/1bP1p3/1QN1P3/PP1NBPPP/R1B1K2R b KQ - 3 10,-0.5100
r1bq1rk1/pp1p1ppp/2n2n2/8/2P1p3/1Qb1P3/PP1NBPPP/R1B1K2R w KQ - 0 11,-0.5000
r1bq1rk1/pp1p1ppp/2n2n2/8/2P1p3/2Q1P3/PP1NBPPP/R1B1K2R b KQ - 0 11,-0.2900
r1bqr1k1/pp1p1ppp/2n2n2/8/2P1p3/2Q1P3/PP1NBPPP/R1B1K2R w KQ - 1 12,0.5800
r1bqr1k1/pp1p1ppp/2n2n2/8/2P1p3/1PQ1P3/P2NBPPP/R1B1K2R b KQ - 0 12,0.4000
r1bqr1k1/pp1p1ppp/5n2/4n3/2P1p3/1PQ1P3/P2NBPPP/R1B1K2R w KQ - 1 13,0.4500
r1bqr1k1/pp1p1ppp/5n2/4n3/2P1p3/1PQ1P2P/P2NBPP1/R1B1K2R b KQ - 0 13,0.5100
r1bqr1k1/p2p1ppp/1p3n2/4n3/2P1p3/1PQ1P2P/P2NBPP1/R1B1K2R w KQ - 0 14,0.7500
r1bqr1k1/p2p1ppp/1p3n2/4n3/2P1p3/1PQ1P2P/P2NBPP1/R1B2RK1 b - - 1 14,0.6500
r1bqr1k1/p4ppp/1p3n2/3pn3/2P1p3/1PQ1P2P/P2NBPP1/R1B2RK1 w - - 0 15,0.7200
r1bqr1k1/p4ppp/1p3n2/3pn3/2P1p3/1PQ1P2P/PB1NBPP1/R4RK1 b - - 1 15,0.7200
r2qr1k1/p4ppp/bp3n2/3pn3/2P1p3/1PQ1P2P/PB1NBPP1/R4RK1 w - - 2 16,0.7500
r2qr1k1/p4ppp/bp3n2/3pn3/2P1p3/1PQ1P2P/PB1NBPP1/R2R2K1 b - - 3 16,0.9700
r3r1k1/p1q2ppp/bp3n2/3pn3/2P1p3/1PQ1P2P/PB1NBPP1/R2R2K1 w - - 4 17,1.2900
r3r1k1/p1q2ppp/bp3n2/3pn3/2P1p3/1PQ1P2P/PB1N1PP1/R2R1BK1 b - - 5 17,0.9300
r3r1k1/p2q1ppp/bp3n2/3pn3/2P1p3/1PQ1P2P/PB1N1PP1/R2R1BK1 w - - 6 18,0.9900
r3r1k1/p2q1ppp/bp3n2/3pn3/1PP1p3/2Q1P2P/PB1N1PP1/R2R1BK1 b - - 0 18,0.6500
r3r1k1/p4ppp/bp3n2/3pnq2/1PP1p3/2Q1P2P/PB1N1PP1/R2R1BK1 w - - 1 19,0.6500
r3r1k1/p4ppp/bp3n2/3pnq2/1PP1p3/2Q1P2P/PB1N1PP1/2RR1BK1 b - - 2 19,0.4500
r3r1k1/p4pp1/bp3n1p/3pnq2/1PP1p3/2Q1P2P/PB1N1PP1/2RR1BK1 w - - 0 20,0.7200
r3r1k1/p4pp1/bp3n1p/3pnq2/1PP1p3/2Q1P2P/P2N1PP1/B1RR1BK1 b - - 1 20,-0.1400
r3r1k1/p4pp1/bp3n1p/3p1q2/1PP1p3/2QnP2P/P2N1PP1/B1RR1BK1 w - - 2 21,0.6500
r3r1k1/p4pp1/bp3n1p/3p1q2/1PP1p3/2QnPP1P/P2N2P1/B1RR1BK1 b - - 0 21,-2.8000
r3r1k1/p4pp1/bp3n1p/3p1q2/1PP1p3/2Q1PP1P/P2N2P1/B1nR1BK1 w - - 0 22,-2.4100
r3r1k1/p4pp1/bp3n1p/3p1q2/1PP1p1P1/2Q1PP1P/P2N4/B1nR1BK1 b - - 0 22,-3.1600
r3r1k1/p4pp1/bp3n1p/3p1q2/1PP1p1P1/2Q1PP1P/n2N4/B2R1BK1 w - - 0 23,-3.2700
r3r1k1/p4pp1/bp3n1p/3p1q2/1PP1p1P1/Q3PP1P/n2N4/B2R1BK1 b - - 1 23,-3.3600
r3r1k1/p4pp1/bp2qn1p/3p4/1PP1p1P1/Q3PP1P/n2N4/B2R1BK1 w - - 2 24,-2.8200
r3r1k1/p4pp1/Qp2qn1p/3p4/1PP1p1P1/4PP1P/n2N4/B2R1BK1 b - - 0 24,-3.6600
r3r1k1/p4pp1/Qp2qn1p/8/1PPpp1P1/4PP1P/n2N4/B2R1BK1 w - - 0 25,-0.2500
r3r1k1/p4pp1/Qp2qn1p/8/1PPPp1P1/5P1P/n2N4/B2R1BK1 b - - 0 25,-3.3400
r3r1k1/p4pp1/Qp1q1n1p/8/1PPPp1P1/5P1P/n2N4/B2R1BK1 w - - 1 26,0.8700
r3r1k1/p4pp1/1p1q1n1p/8/1PPPp1P1/5P1P/Q2N4/B2R1BK1 b - - 0 26,0.3200
r3r1k1/p4pp1/1p1q1n1p/8/1PPP2P1/4pP1P/Q2N4/B2R1BK1 w - - 0 27,0.7700
r3r1k1/p4pp1/1p1q1n1p/8/1PPP2P1/4pP1P/Q2N2B1/B2R2K1 b - - 1 27,-1.6100
r3r1k1/p4pp1/1p1q1n1p/8/1PPP2P1/5P1P/Q2p2B1/B2R2K1 w - - 0 28,-1.7600
r3r1k1/p4pp1/1p1q1n1p/2P5/1P1P2P1/5P1P/Q2p2B1/B2R2K1 b - - 0 28,-4.3600
r3r1k1/p4pp1/3q1n1p/2p5/1P1P2P1/5P1P/Q2p2B1/B2R2K1 w - - 0 29,-4.0800
rnbqkbnr/ppp2ppp/4p3/3P4/8/2N5/PPPP1PPP/R1BQKBNR b KQkq - 0 3,0.1600
rnbqkb1r/ppp2ppp/4pn2/3P4/8/2N5/PPPP1PPP/R1BQKBNR w KQkq - 1 4,1.2200
rnbqkb1r/ppp2ppp/4pn2/1B1P4/8/2N5/PPPP1PPP/R1BQK1NR b KQkq - 2 4,1.1700
rnbqkb1r/pp3ppp/2p1pn2/1B1P4/8/2N5/PPPP1PPP/R1BQK1NR w KQkq - 0 5,0.9600
rnbqkb1r/pp3ppp/2P1pn2/1B6/8/2N5/PPPP1PPP/R1BQK1NR b KQkq - 0 5,1.0500
rnbqkb1r/p4ppp/1pP1pn2/1B6/8/2N5/PPPP1PPP/R1BQK1NR w KQkq - 0 6,8.1600
rnbqkb1r/p1P2ppp/1p2pn2/1B6/8/2N5/PPPP1PPP/R1BQK1NR b KQkq - 0 6,7.5200
rn1qkb1r/p1Pb1ppp/1p2pn2/1B6/8/2N5/PPPP1PPP/R1BQK1NR w KQkq - 1 7,7.9900
rn1Qkb1r/p2b1ppp/1p2pn2/1B6/8/2N5/PPPP1PPP/R1BQK1NR b KQkq - 0 7,7.9300
rn1k1b1r/p2b1ppp/1p2pn2/1B6/8/2N5/PPPP1PPP/R1BQK1NR w KQ - 0 8,7.8500
rn1k1b1r/p2B1ppp/1p2pn2/8/8/2N5/PPPP1PPP/R1BQK1NR b KQ - 0 8,7.8100
r2k1b1r/p2n1ppp/1p2pn2/8/8/2N5/PPPP1PPP/R1BQK1NR w KQ - 0 9,7.9600
r2k1b1r/p2n1ppp/1p2pn2/8/8/2N2N2/PPPP1PPP/R1BQK2R b KQ - 1 9,7.5400
r2k3r/p2n1ppp/1p2pn2/8/1b6/2N2N2/PPPP1PPP/R1BQK2R w KQ - 2 10,7.8900
r2k3r/p2n1ppp/1p2pn2/6N1/1b6/2N5/PPPP1PPP/R1BQK2R b KQ - 3 10,7.1800
r6r/p2nkppp/1p2pn2/6N1/1b6/2N5/PPPP1PPP/R1BQK2R w KQ - 4 11,7.6800
r6r/p2nkppp/1p2pn2/6N1/1b6/2N5/PPPPQPPP/R1B1K2R b KQ - 5 11,7.4700
r1r5/p2nkppp/1p2pn2/6N1/1b6/2N5/PPPPQPPP/R1B1K2R w KQ - 6 12,7.3800
r1r5/p2nkppN/1p2pn2/8/1b6/2N5/PPPPQPPP/R1B1K2R b KQ - 0 12,7.0800
r1r5/p2nkppn/1p2p3/8/1b6/2N5/PPPPQPPP/R1B1K2R w KQ - 0 13,6.9900
r1r5/p2nkppn/1p2p3/8/1b2Q3/2N5/PPPP1PPP/R1B1K2R b KQ - 1 13,6.4600
r1r5/p2nkpp1/1p2pn2/8/1b2Q3/2N5/PPPP1PPP/R1B1K2R w KQ - 2 14,7.2700
r1r5/p2nkpp1/1p2pn2/8/1b5Q/2N5/PPPP1PPP/R1B1K2R b KQ - 3 14,5.9600
r1r5/p2nkpp1/1p2pn2/b7/7Q/2N5/PPPP1PPP/R1B1K2R w KQ - 4 15,5.9100
rnbqkbnr/1ppp1ppp/p3p3/8/3P4/2N4N/PPP1PPPP/R1BQKB1R b KQkq - 1 3,0.4100
rnbqkbnr/1ppp1pp1/p3p2p/8/3P4/2N4N/PPP1PPPP/R1BQKB1R w KQkq - 0 4,0.5200
rnbqkbnr/1ppp1pp1/p3p2p/8/3PP3/2N4N/PPP2PPP/R1BQKB1R b KQkq - 0 4,0.6100
r1bqkbnr/1ppp1pp1/p1n1p2p/8/3PP3/2N4N/PPP2PPP/R1BQKB1R w KQkq - 1 5,0.9200
r1bqkbnr/1ppp1pp1/p1n1p2p/8/3PPN2/2N5/PPP2PPP/R1BQKB1R b KQkq - 2 5,0.8900
r1bqkbnr/2pp1pp1/p1n1p2p/1p6/3PPN2/2N5/PPP2PPP/R1BQKB1R w KQkq - 0 6,1.0700
r1bqkbnr/2pp1pp1/p1n1p2p/1p6/3PPN2/2N5/PPP1BPPP/R1BQK2R b KQkq - 1 6,1.0000
r1bqkbnr/2ppnpp1/p3p2p/1p6/3PPN2/2N5/PPP1BPPP/R1BQK2R w KQkq - 2 7,1.2800
r1bqkbnr/2ppnpp1/p3p2p/1p6/3PPN2/2N5/PPP1BPPP/R1BQ1RK1 b kq - 3 7,1.3000
r2qkbnr/1bppnpp1/p3p2p/1p6/3PPN2/2N5/PPP1BPPP/R1BQ1RK1 w kq - 4 8,1.3000
r2qkbnr/1bppnpp1/p3p2p/1p6/3PPN2/2N2B2/PPP2PPP/R1BQ1RK1 b kq - 5 8,1.3400
r2qkbnr/1bppnp2/p3p1pp/1p6/3PPN2/2N2B2/PPP2PPP/R1BQ1RK1 w kq - 0 9,1.2800
r2qkbnr/1bppnp2/p3p1pp/1p6/3PP3/2NN1B2/PPP2PPP/R1BQ1RK1 b kq - 1 9,1.2900
r2qkbnr/1bpp1p2/p1n1p1pp/1p6/3PP3/2NN1B2/PPP2PPP/R1BQ1RK1 w kq - 2 10,1.5600
r2qkbnr/1bpp1p2/p1n1p1pp/1p6/3PPN2/2N2B2/PPP2PPP/R1BQ1RK1 b kq - 3 10,0.5600
1r1qkbnr/1bpp1p2/p1n1p1pp/1p6/3PPN2/2N2B2/PPP2PPP/R1BQ1RK1 w k - 4 11,0.8800
1r1qkbnr/1bpp1p2/p1n1p1pp/1p6/3PPN2/2N2B2/PPP2PPP/R1BQR1K1 b k - 5 11,0.7200
1r1qkbnr/1bpp1p2/p1n1p1pp/8/1p1PPN2/2N2B2/PPP2PPP/R1BQR1K1 w k - 0 12,1.2300
1r1qkbnr/1bpp1p2/p1n1p1pp/8/Np1PPN2/5B2/PPP2PPP/R1BQR1K1 b k - 1 12,1.1100
1r1qk1nr/1bpp1pb1/p1n1p1pp/8/Np1PPN2/5B2/PPP2PPP/R1BQR1K1 w k - 2 13,1.2000
1r1qk1nr/1bpp1pb1/p1n1p1pp/3P4/Np2PN2/5B2/PPP2PPP/R1BQR1K1 b k - 0 13,1.1200
1r1qk1nr/1bpp1pb1/p3p1pp/3Pn3/Np2PN2/5B2/PPP2PPP/R1BQR1K1 w k - 1 14,1.1200
1r1qk1nr/1bpp1pb1/p3p1pp/3Pn3/Np2PN2/P4B2/1PP2PPP/R1BQR1K1 b k - 0 14,1.2900
1r1qk2r/1bppnpb1/p3p1pp/3Pn3/Np2PN2/P4B2/1PP2PPP/R1BQR1K1 w k - 1 15,1.3200
1r1qk2r/1bppnpb1/p3p1pp/2NPn3/1p2PN2/P4B2/1PP2PPP/R1BQR1K1 b k - 2 15,1.2000
1r1qk2r/1bppnpb1/p3p1pp/2NPn3/4PN2/Pp3B2/1PP2PPP/R1BQR1K1 w k - 0 16,1.5500
1r1qk2r/1bppnpb1/p3p1pp/2NPn3/4PN2/PP3B2/1P3PPP/R1BQR1K1 b k - 0 16,1.4400
1r1qk2r/1bppnpb1/p3p1pp/2NP4/4PN2/PP3n2/1P3PPP/R1BQR1K1 w k - 0 17,1.7900
1r1qk2r/1bppnpb1/p3p1pp/2NP4/4PN2/PP3n2/1P3PPP/R1BQR2K b k - 1 17,-3.9400
1r1qk2r/1bppnpb1/p3p1pp/2NP4/4PN2/PP6/1P3PPP/R1BQn2K w k - 0 18,-3.7000
1r1qk2r/1bppnpb1/p3p1pp/2NP4/4PN2/PP2B3/1P3PPP/R2Qn2K b k - 1 18,-4.4000
1r1q1rk1/1bppnpb1/p3p1pp/2NP4/4PN2/PP2B3/1P3PPP/R2Qn2K w - - 2 19,-3.6300
1r1q1rk1/1bppnpb1/p3p1pp/2NPP3/5N2/PP2B3/1P3PPP/R2Qn2K b - - 0 19,-5.1800
1r1q1rk1/1bppnpb1/p3p1pp/2NPP3/5N2/PP2B3/1Pn2PPP/R2Q3K w - - 1 20,-4.7000
1r1q1rk1/1bppnpb1/p3p1pp/2NPP3/5NQ1/PP2B3/1Pn2PPP/R6K b - - 2 20,-6.3900
1r1q1rk1/1bpp1pb1/p3p1pp/2NPPn2/5NQ1/PP2B3/1Pn2PPP/R6K w - - 3 21,-5.7400
1r1q1rk1/1bpp1pb1/p3p1Np/2NPPn2/6Q1/PP2B3/1Pn2PPP/R6K b - - 0 21,-7.0400
1r1q1rk1/2pp1pb1/p3p1Np/2NbPn2/6Q1/PP2B3/1Pn2PPP/R6K w - - 0 22,-5.9300
1r1q1rk1/2pp1pb1/p3p1NB/2NbPn2/6Q1/PP6/1Pn2PPP/R6K b - - 0 22,-6.6100
1r1q1rk1/2pp1pb1/p3p1Nn/2NbP3/6Q1/PP6/1Pn2PPP/R6K w - - 0 23,-7.1100
1r1q1rk1/2ppNpb1/p3p2n/2NbP3/6Q1/PP6/1Pn2PPP/R6K b - - 1 23,-7.5600
1r1q1r2/2ppNpbk/p3p2n/2NbP3/6Q1/PP6/1Pn2PPP/R6K w - - 2 24,-4.1700
1r1q1r2/2ppNpbk/p3p2n/3bP3/4N1Q1/PP6/1Pn2PPP/R6K b - - 3 24,-8.3700
1r3r2/2ppqpbk/p3p2n/3bP3/4N1Q1/PP6/1Pn2PPP/R6K w - - 0 25,-7.6900
1r3r2/2ppqpbk/p3pN1n/3bP3/6Q1/PP6/1Pn2PPP/R6K b - - 1 25,-9.0000
1r3r2/2ppqp1k/p3pb1n/3bP3/6Q1/PP6/1Pn2PPP/R6K w - - 0 26,-6.9200
1r3r2/2ppqp1k/p3pb1n/3bP3/5Q2/PP6/1Pn2PPP/R6K b - - 1 26,-9.5000
1r4r1/2ppqp1k/p3pb1n/3bP3/5Q2/PP6/1Pn2PPP/R6K w - - 2 27,-9.2500
1r4r1/2ppqp1k/p3pP1n/3b4/5Q2/PP6/1Pn2PPP/R6K b - - 0 27,-10.3600
1r4r1/2pp1p1k/p3pq1n/3b4/5Q2/PP6/1Pn2PPP/R6K w - - 0 28,-10.8100
1r4r1/2pp1p1k/p3pq1Q/3b4/8/PP6/1Pn2PPP/R6K b - - 0 28,-11.5100
1r4r1/2pp1p1k/p3p2q/3b4/8/PP6/1Pn2PPP/R6K w - - 0 29,-11.9500
1r4r1/2pp1p1k/p3p2q/3b4/8/PP6/1Pn2PPP/5R1K b - - 1 29,-10.0000
1r4r1/2pp1p1k/p3p2q/8/8/PP6/1Pn2PbP/5R1K w - - 0 30,-10.0000
1r4r1/2pp1p1k/p3p2q/8/8/PP6/1Pn2PbP/5RK1 b - - 1 30,-10.0000
rnbqkb1r/pppppp1p/5np1/8/8/4PN2/PPPPBPPP/RNBQK2R b KQkq - 1 3,0.2400
rnbqk2r/ppppppbp/5np1/8/8/4PN2/PPPPBPPP/RNBQK2R w KQkq - 2 4,0.2800
rnbqk2r/ppppppbp/5np1/8/8/4PN2/PPPPBPPP/RNBQ1RK1 b kq - 3 4,0.2000
rnbqk2r/ppp1ppbp/5np1/3p4/8/4PN2/PPPPBPPP/RNBQ1RK1 w kq - 0 5,0.2300
rnbqk2r/ppp1ppbp/5np1/3p4/8/4PN1P/PPPPBPP1/RNBQ1RK1 b kq - 0 5,-0.0900
rn1qk2r/ppp1ppbp/5np1/3p1b2/8/4PN1P/PPPPBPP1/RNBQ1RK1 w kq - 1 6,0.2100
rn1qk2r/ppp1ppbp/5np1/3p1b2/P7/4PN1P/1PPPBPP1/RNBQ1RK1 b kq - 0 6,0.0300
rn1qk2r/pp2ppbp/5np1/2pp1b2/P7/4PN1P/1PPPBPP1/RNBQ1RK1 w kq - 0 7,-0.0200
rn1qk2r/pp2ppbp/5np1/P1pp1b2/8/4PN1P/1PPPBPP1/RNBQ1RK1 b kq - 0 7,-0.2800
rn1qk2r/1p2ppbp/p4np1/P1pp1b2/8/4PN1P/1PPPBPP1/RNBQ1RK1 w kq - 0 8,-0.2900
rn1qk2r/1p2ppbp/p4np1/P1ppNb2/8/4P2P/1PPPBPP1/RNBQ1RK1 b kq - 1 8,-0.3600
rn2k2r/1pq1ppbp/p4np1/P1ppNb2/8/4P2P/1PPPBPP1/RNBQ1RK1 w kq - 2 9,-0.5500
rn2k2r/1pq1ppbp/p4np1/P1ppNb2/3P4/4P2P/1PP1BPP1/RNBQ1RK1 b kq - 0 9,-1.0000
r3k2r/1pq1ppbp/p1n2np1/P1ppNb2/3P4/4P2P/1PP1BPP1/RNBQ1RK1 w kq - 1 10,-0.4200
r3k2r/1pq1ppbp/p1n2np1/P1ppNb2/2PP4/4P2P/1P2BPP1/RNBQ1RK1 b kq - 0 10,-0.7400
r3k2r/1pq1ppbp/p4np1/P1ppnb2/2PP4/4P2P/1P2BPP1/RNBQ1RK1 w kq - 0 11,-0.9100
r3k2r/1pq1ppbp/p4np1/P1ppPb2/2P5/4P2P/1P2BPP1/RNBQ1RK1 b kq - 0 11,-1.1200
r3k2r/1pqnppbp/p5p1/P1ppPb2/2P5/4P2P/1P2BPP1/RNBQ1RK1 w kq - 1 12,1.4000
r3k2r/1pqnppbp/p5p1/P1ppPb2/2P2P2/4P2P/1P2B1P1/RNBQ1RK1 b kq - 0 12,1.1300
r3k2r/1pqnppbp/p5p1/P1p1Pb2/2p2P2/4P2P/1P2B1P1/RNBQ1RK1 w kq - 0 13,1.2600
r3k2r/1pqnppbp/p5p1/P1p1Pb2/2p2P2/4P2P/1P1NB1P1/R1BQ1RK1 b kq - 1 13,0.6800
r3k2r/1pqnppbp/p3b1p1/P1p1P3/2p2P2/4P2P/1P1NB1P1/R1BQ1RK1 w kq - 2 14,0.9500
r3k2r/1pqnppbp/p3b1p1/P1p1P3/2p2P2/4P2P/1P1NB1P1/R1B1QRK1 b kq - 3 14,0.8900
r3k2r/2qnppbp/pp2b1p1/P1p1P3/2p2P2/4P2P/1P1NB1P1/R1B1QRK1 w kq - 0 15,0.9600
r3k2r/2qnppbp/pp2b1p1/P1p1P3/2p1PP2/7P/1P1NB1P1/R1B1QRK1 b kq - 0 15,0.8500
3rk2r/2qnppbp/pp2b1p1/P1p1P3/2p1PP2/7P/1P1NB1P1/R1B1QRK1 w k - 1 16,1.8900
3rk2r/2qnppbp/pp2b1p1/P1p1P3/2N1PP2/7P/1P2B1P1/R1B1QRK1 b k - 0 16,-0.2900
3r1rk1/2qnppbp/pp2b1p1/P1p1P3/2N1PP2/7P/1P2B1P1/R1B1QRK1 w - - 1 17,1.0900
3r1rk1/2qnppbp/pN2b1p1/P1p1P3/4PP2/7P/1P2B1P1/R1B1QRK1 b - - 0 17,1.1800
3r1rk1/2q1ppbp/pn2b1p1/P1p1P3/4PP2/7P/1P2B1P1/R1B1QRK1 w - - 0 18,1.2300
3r1rk1/2q1ppbp/Bn2b1p1/P1p1P3/4PP2/7P/1P4P1/R1B1QRK1 b - - 0 18,-1.9800
rnbqkbnr/pp1p1ppp/4p3/2p5/4P3/2N3P1/PPPP1P1P/R1BQKBNR b KQkq - 0 3,-0.0300
r1bqkbnr/pp1p1ppp/2n1p3/2p5/4P3/2N3P1/PPPP1P1P/R1BQKBNR w KQkq - 1 4,0.1800
r1bqkbnr/pp1p1ppp/2n1p3/2p5/4P3/2N3P1/PPPPNP1P/R1BQKB1R b KQkq - 2 4,-0.1700
r1bqkb1r/pp1p1ppp/2n1pn2/2p5/4P3/2N3P1/PPPPNP1P/R1BQKB1R w KQkq - 3 5,0.2800
r1bqkb1r/pp1p1ppp/2n1pn2/2p5/4P3/2N3P1/PPPPNPBP/R1BQK2R b KQkq - 4 5,0.2700
r1bqkb1r/pp3ppp/2n1pn2/2pp4/4P3/2N3P1/PPPPNPBP/R1BQK2R w KQkq - 0 6,0.3200
r1bqkb1r/pp3ppp/2n1pn2/2pp4/3PP3/2N3P1/PPP1NPBP/R1BQK2R b KQkq - 0 6,-0.2900
r1bqkb1r/pp3ppp/2n1pn2/3p4/3pP3/2N3P1/PPP1NPBP/R1BQK2R w KQkq - 0 7,0.2200
r1bqkb1r/pp3ppp/2n1pn2/3P4/3p4/2N3P1/PPP1NPBP/R1BQK2R b KQkq - 0 7,0.2200
r1bqkb1r/pp3ppp/2n2n2/3p4/3p4/2N3P1/PPP1NPBP/R1BQK2R w KQkq - 0 8,0.2300
r1bqkb1r/pp3ppp/2n2n2/3p4/3p4/6P1/PPP1NPBP/RNBQK2R b KQkq - 1 8,-1.1900
r1b1kb1r/pp3ppp/1qn2n2/3p4/3p4/6P1/PPP1NPBP/RNBQK2R w KQkq - 2 9,-0.6100
r1b1kb1r/pp3ppp/1qn2n2/3p4/3p4/6P1/PPPNNPBP/R1BQK2R b KQkq - 3 9,-1.2400
r1b1k2r/pp3ppp/1qn2n2/2bp4/3p4/6P1/PPPNNPBP/R1BQK2R w KQkq - 4 10,-1.3400
r1b1k2r/pp3ppp/1qn2n2/2bp4/3p4/6P1/PPPNNPBP/R1BQ1RK1 b kq - 5 10,-1.3700
r1b1k2r/pp3pp1/1qn2n1p/2bp4/3p4/6P1/PPPNNPBP/R1BQ1RK1 w kq - 0 11,-0.8800
r1b1k2r/pp3pp1/1qn2n1p/2bp4/3p4/1N4P1/PPP1NPBP/R1BQ1RK1 b kq - 1 11,-1.0600
r1b1k2r/1p3pp1/1qn2n1p/p1bp4/3p4/1N4P1/PPP1NPBP/R1BQ1RK1 w kq - 0 12,0.0700
r1b1k2r/1p3pp1/1qn2n1p/p1Np4/3p4/6P1/PPP1NPBP/R1BQ1RK1 b kq - 0 12,-0.1600
r1b1k2r/1p3pp1/2n2n1p/p1qp4/3p4/6P1/PPP1NPBP/R1BQ1RK1 w kq - 0 13,-0.1700
rnbqkb1r/ppp1pppp/5n2/3p4/3P4/P3P3/1PP2PPP/RNBQKBNR b KQkq - 0 3,0.0200
rn1qkb1r/ppp1pppp/5n2/3p4/3P2b1/P3P3/1PP2PPP/RNBQKBNR w KQkq - 1 4,-0.0100
rn1qkb1r/ppp1pppp/5n2/3p4/3P2b1/P3PN2/1PP2PPP/RNBQKB1R b KQkq - 2 4,0.0500
rn1qkb1r/1pp1pppp/p4n2/3p4/3P2b1/P3PN2/1PP2PPP/RNBQKB1R w KQkq - 0 5,0.2700
rn1qkb1r/1pp1pppp/p4n2/3p4/3P2b1/P3PN1P/1PP2PP1/RNBQKB1R b KQkq - 0 5,0.2000
rnbqkb1r/1pp1pppp/p4n2/3p4/3P4/P3PN1P/1PP2PP1/RNBQKB1R w KQkq - 1 6,0.8200
rnbqkb1r/1pp1pppp/p4n2/3p4/2PP4/P3PN1P/1P3PP1/RNBQKB1R b KQkq - 0 6,0.9100
rnbqkb1r/1pp2ppp/p3pn2/3p4/2PP4/P3PN1P/1P3PP1/RNBQKB1R w KQkq - 0 7,0.8500
rnbqkb1r/1pp2ppp/p3pn2/3p4/1PPP4/P3PN1P/5PP1/RNBQKB1R b KQkq - 0 7,0.8700
rnbqkb1r/1pp2p1p/p3pnp1/3p4/1PPP4/P3PN1P/5PP1/RNBQKB1R w KQkq - 0 8,0.9800
rnbqkb1r/1pp2p1p/p3pnp1/3p4/1PPP4/P3PN1P/2Q2PP1/RNB1KB1R b KQkq - 1 8,0.9500
rnbqk1nr/ppppbppp/4p3/8/2PP4/4P3/PP3PPP/RNBQKBNR b KQkq - 0 3,0.1700
rnbqk1nr/ppp1bppp/4p3/3p4/2PP4/4P3/PP3PPP/RNBQKBNR w KQkq - 0 4,0.2300
rnbqk1nr/ppp1bppp/4p3/3p4/2PP4/P3P3/1P3PPP/RNBQKBNR b KQkq - 0 4,0.0700
rnbqk1nr/1pp1bppp/p3p3/3p4/2PP4/P3P3/1P3PPP/RNBQKBNR w KQkq - 0 5,0.3700
rnbqk1nr/1pp1bppp/p3p3/3p4/2PP4/P3P3/1P1N1PPP/R1BQKBNR b KQkq - 1 5,0.3000
r1bqk1nr/1ppnbppp/p3p3/3p4/2PP4/P3P3/1P1N1PPP/R1BQKBNR w KQkq - 2 6,0.3300
r1bqk1nr/1ppnbppp/p3p3/3p4/2PP4/P3P3/1PQN1PPP/R1B1KBNR b KQkq - 3 6,0.1900
r1bqk1nr/2pnbppp/pp2p3/3p4/2PP4/P3P3/1PQN1PPP/R1B1KBNR w KQkq - 0 7,0.3900
r1bqk1nr/2pnbppp/pp2p3/3p4/2PP4/P2BP3/1PQN1PPP/R1B1K1NR b KQkq - 1 7,-0.1100
r1bqk1nr/3nbppp/pp2p3/2pp4/2PP4/P2BP3/1PQN1PPP/R1B1K1NR w KQkq - 0 8,-0.1200
r1bqk1nr/3nbppp/pp2p3/2pp4/2PP4/P2BPN2/1PQN1PPP/R1B1K2R b KQkq - 1 8,-0.3500
r1bqk1nr/3nbppp/pp2p3/2p5/2pP4/P2BPN2/1PQN1PPP/R1B1K2R w KQkq - 0 9,-0.2400
r1bqk1nr/3nbppp/pp2p3/2p5/2NP4/P2BPN2/1PQ2PPP/R1B1K2R b KQkq - 0 9,-0.4700
r1bqk2r/3nbppp/pp2pn2/2p5/2NP4/P2BPN2/1PQ2PPP/R1B1K2R w KQkq - 1 10,-0.4700
r1bqk2r/3nbppp/pp2pn2/2p1N3/3P4/P2BPN2/1PQ2PPP/R1B1K2R b KQkq - 2 10,-0.5000
r1bqk2r/3nbpp1/pp2pn1p/2p1N3/3P4/P2BPN2/1PQ2PPP/R1B1K2R w KQkq - 0 11,0.6200
r1bqk2r/3nbpp1/ppN1pn1p/2p5/3P4/P2BPN2/1PQ2PPP/R1B1K2R b KQkq - 1 11,0.6100
r1bqk2r/3nbpp1/ppN1pn1p/8/3p4/P2BPN2/1PQ2PPP/R1B1K2R w KQkq - 0 12,6.1800
r1bqk2r/3nbpp1/ppN1pn1p/8/3N4/P2BP3/1PQ2PPP/R1B1K2R b KQkq - 0 12,0.6200
r1bqk2r/3n1pp1/ppN1pn1p/8/1b1N4/P2BP3/1PQ2PPP/R1B1K2R w KQkq - 1 13,4.9000
r1bqk2r/3n1pp1/pp2pn1p/8/1N1N4/P2BP3/1PQ2PPP/R1B1K2R b KQkq - 0 13,2.9800
r1bqk2r/3n1pp1/pp3n1p/4p3/1N1N4/P2BP3/1PQ2PPP/R1B1K2R w KQkq - 0 14,3.3600
r1bqk2r/3n1pp1/pp3n1p/4pN2/1N6/P2BP3/1PQ2PPP/R1B1K2R b KQkq - 1 14,3.6900
r1bqk2r/3n1pp1/1p3n1p/p3pN2/1N6/P2BP3/1PQ2PPP/R1B1K2R w KQkq - 0 15,4.6800
r1bqk2r/3n1pp1/1p1N1n1p/p3p3/1N6/P2BP3/1PQ2PPP/R1B1K2R b KQkq - 1 15,4.4300
r1bq1k1r/3n1pp1/1p1N1n1p/p3p3/1N6/P2BP3/1PQ2PPP/R1B1K2R w KQ - 2 16,3.9200
r1bq1k1r/3n1pp1/1pNN1n1p/p3p3/8/P2BP3/1PQ2PPP/R1B1K2R b KQ - 3 16,4.2400
r1b2k1r/2qn1pp1/1pNN1n1p/p3p3/8/P2BP3/1PQ2PPP/R1B1K2R w KQ - 4 17,4.4300
r1b2k1r/2qn1pp1/1pN2n1p/pN2p3/8/P2BP3/1PQ2PPP/R1B1K2R b KQ - 5 17,4.4700
r1b2k1r/1q1n1pp1/1pN2n1p/pN2p3/8/P2BP3/1PQ2PPP/R1B1K2R w KQ - 6 18,3.9800
r1b2k1r/1q1n1pp1/1pN2n1p/pN2p3/8/P2BPP2/1PQ3PP/R1B1K2R b KQ - 0 18,3.0800
rnbqkbnr/1ppp1ppp/p3p3/8/3PP3/5N2/PPP2PPP/RNBQKB1R b KQkq - 1 3,0.5000
rnbqk1nr/1pppbppp/p3p3/8/3PP3/5N2/PPP2PPP/RNBQKB1R w KQkq - 2 4,0.8600
rnbqk1nr/1pppbppp/p3p3/8/3PP3/3B1N2/PPP2PPP/RNBQK2R b KQkq - 3 4,0.8600
rnbqk1nr/1pp1bppp/p2pp3/8/3PP3/3B1N2/PPP2PPP/RNBQK2R w KQkq - 0 5,0.9100
rnbqk1nr/1pp1bppp/p2pp3/8/3PP3/3BBN2/PPP2PPP/RN1QK2R b KQkq - 1 5,0.6800
rnbqk2r/1pp1bppp/p2ppn2/8/3PP3/3BBN2/PPP2PPP/RN1QK2R w KQkq - 2 6,0.8100
rnbqk2r/1pp1bppp/p2ppn2/8/3PP3/2NBBN2/PPP2PPP/R2QK2R b KQkq - 3 6,0.5900
rnbq1rk1/1pp1bppp/p2ppn2/8/3PP3/2NBBN2/PPP2PPP/R2QK2R w KQ - 4 7,0.8200
rnbq1rk1/1pp1bppp/p2ppn2/8/3PP3/2NBBN1P/PPP2PP1/R2QK2R b KQ - 0 7,0.5100
r1bq1rk1/1pp1bppp/p1nppn2/8/3PP3/2NBBN1P/PPP2PP1/R2QK2R w KQ - 1 8,0.7000
rnbqkbnr/1ppp1ppp/p3p3/8/3PP3/7N/PPP2PPP/RNBQKB1R b KQkq - 1 3,0.4400
rnbqkbnr/1pp2ppp/p3p3/3p4/3PP3/7N/PPP2PPP/RNBQKB1R w KQkq - 0 4,0.4300
rnbqkbnr/1pp2ppp/p3p3/3p4/3PP3/2N4N/PPP2PPP/R1BQKB1R b KQkq - 1 4,0.3900
r1bqkbnr/1pp2ppp/p1n1p3/3p4/3PP3/2N4N/PPP2PPP/R1BQKB1R w KQkq - 2 5,0.4500
r1bqkbnr/1pp2ppp/p1n1p3/3pP3/3P4/2N4N/PPP2PPP/R1BQKB1R b KQkq - 0 5,0.5100
r1bqkb1r/1pp1nppp/p1n1p3/3pP3/3P4/2N4N/PPP2PPP/R1BQKB1R w KQkq - 1 6,0.4600
r1bqkb1r/1pp1nppp/p1n1p3/3pP3/3P1N2/2N5/PPP2PPP/R1BQKB1R b KQkq - 2 6,-0.1500
r1bqkb1r/1pp2ppp/p1n1p1n1/3pP3/3P1N2/2N5/PPP2PPP/R1BQKB1R w KQkq - 3 7,0.4300
r1bqkb1r/1pp2ppp/p1n1p1n1/3pP3/3P1N2/2N3P1/PPP2P1P/R1BQKB1R b KQkq - 0 7,0.4500
r1bqk2r/1pp2ppp/p1n1p1n1/3pP3/1b1P1N2/2N3P1/PPP2P1P/R1BQKB1R w KQkq - 1 8,0.7100
r1bqk2r/1pp2ppp/p1n1p1n1/3pP2N/1b1P4/2N3P1/PPP2P1P/R1BQKB1R b KQkq - 2 8,0.7000
r1bqk2r/1pp3pp/p1n1ppn1/3pP2N/1b1P4/2N3P1/PPP2P1P/R1BQKB1R w KQkq - 0 9,1.5900
r1bqk2r/1pp3pp/p1n1pPn1/3p3N/1b1P4/2N3P1/PPP2P1P/R1BQKB1R b KQkq - 0 9,1.4800
r1bq1rk1/1pp3pp/p1n1pPn1/3p3N/1b1P4/2N3P1/PPP2P1P/R1BQKB1R w KQ - 1 10,2.2000
r1bq1rk1/1pp3pp/p1n1pPn1/3p3N/1b1P4/2N3P1/PPP2PBP/R1BQK2R b KQ - 2 10,1.2500
r2q1rk1/1ppb2pp/p1n1pPn1/3p3N/1b1P4/2N3P1/PPP2PBP/R1BQK2R w KQ - 3 11,2.4800
r2q1rk1/1ppb2pp/p1n1pPn1/3p3N/1b1P4/P1N3P1/1PP2PBP/R1BQK2R b KQ - 0 11,1.4600
r2q1rk1/1ppb2pp/p1n1pPn1/3p3N/3P4/P1b3P1/1PP2PBP/R1BQK2R w KQ - 0 12,1.4700
r2q1rk1/1ppb2pp/p1n1pPn1/3p3N/3P4/P1P3P1/2P2PBP/R1BQK2R b KQ - 0 12,1.4100
r2q2k1/1ppb2pp/p1n1prn1/3p3N/3P4/P1P3P1/2P2PBP/R1BQK2R w KQ - 0 13,3.1000
r2q2k1/1ppb2pp/p1n1prn1/3p3N/3P4/P1P3P1/2P2PBP/1RBQK2R b K - 1 13,0.5500
r2q1rk1/1ppb2pp/p1n1p1n1/3p3N/3P4/P1P3P1/2P2PBP/1RBQK2R w K - 2 14,0.6700
r2q1rk1/1ppb2pp/p1n1p1n1/3p4/3P1N2/P1P3P1/2P2PBP/1RBQK2R b K - 3 14,0.0700
r2q1rk1/1ppb2pp/p3p1n1/n2p4/3P1N2/P1P3P1/2P2PBP/1RBQK2R w K - 4 15,0.6800
r2q1rk1/1ppb2pp/p3p1n1/n2p4/3P1N2/P1P3P1/2P2PBP/1RBQ1RK1 b - - 5 15,0.2700
rnbqkb1r/pp1ppppp/2p2n2/8/2PP4/5N2/PP2PPPP/RNBQKB1R b KQkq - 0 3,0.3100
rnbqkb1r/pp1ppp1p/2p2np1/8/2PP4/5N2/PP2PPPP/RNBQKB1R w KQkq - 0 4,0.5000
rnbqkb1r/pp1ppp1p/2p2np1/8/2PP4/2N2N2/PP2PPPP/R1BQKB1R b KQkq - 1 4,0.5500
rnbqkb1r/pp2pp1p/2pp1np1/8/2PP4/2N2N2/PP2PPPP/R1BQKB1R w KQkq - 0 5,0.7000
rnbqkb1r/pp2pp1p/2pp1np1/8/2PP4/2N2N1P/PP2PPP1/R1BQKB1R b KQkq - 0 5,0.5500
rnbqk2r/pp2ppbp/2pp1np1/8/2PP4/2N2N1P/PP2PPP1/R1BQKB1R w KQkq - 1 6,0.6700
rnbqk2r/pp2ppbp/2pp1np1/8/2PP1B2/2N2N1P/PP2PPP1/R2QKB1R b KQkq - 2 6,0.5500
r1bqk2r/pp1nppbp/2pp1np1/8/2PP1B2/2N2N1P/PP2PPP1/R2QKB1R w KQkq - 3 7,0.5300
r1bqk2r/pp1nppbp/2pp1np1/8/2PPPB2/2N2N1P/PP3PP1/R2QKB1R b KQkq - 0 7,0.1300
r1bq1rk1/pp1nppbp/2pp1np1/8/2PPPB2/2N2N1P/PP3PP1/R2QKB1R w KQ - 1 8,0.6500
r1bq1rk1/pp1nppbp/2pp1np1/8/2PPPB2/2N2N1P/PP2BPP1/R2QK2R b KQ - 2 8,0.0000
r1bq1rk1/pp1n1pbp/2pp1np1/4p3/2PPPB2/2N2N1P/PP2BPP1/R2QK2R w KQ - 0 9,-0.0100
r1bq1rk1/pp1n1pbp/2pp1np1/4P3/2P1PB2/2N2N1P/PP2BPP1/R2QK2R b KQ - 0 9,0.0700
r1bq1rk1/pp1n1pbp/2p2np1/4p3/2P1PB2/2N2N1P/PP2BPP1/R2QK2R w KQ - 0 10,0.0400
r1bq1rk1/pp1n1pbp/2p2np1/4p3/2P1P3/2N1BN1P/PP2BPP1/R2QK2R b KQ - 1 10,0.0400
r1bq1rk1/pp1n1pbp/2p3p1/4p2n/2P1P3/2N1BN1P/PP2BPP1/R2QK2R w KQ - 2 11,0.0300
r1bq1rk1/pp1n1pbp/2p3p1/4p1Bn/2P1P3/2N2N1P/PP2BPP1/R2QK2R b KQ - 3 11,-0.3600
r1b1qrk1/pp1n1pbp/2p3p1/4p1Bn/2P1P3/2N2N1P/PP2BPP1/R2QK2R w KQ - 4 12,-0.3700
r1b1qrk1/pp1n1pbp/2pQ2p1/4p1Bn/2P1P3/2N2N1P/PP2BPP1/R3K2R b KQ - 5 12,-0.2600
r1b1qrk1/pp1n2bp/2pQ1pp1/4p1Bn/2P1P3/2N2N1P/PP2BPP1/R3K2R w KQ - 0 13,-0.0500
r1b1qrk1/pp1n2bp/2pQ1pp1/4p2n/2P1P3/2N2N1P/PP1BBPP1/R3K2R b KQ - 1 13,-0.4700
r1b1qrk1/1p1n2bp/2pQ1pp1/p3p2n/2P1P3/2N2N1P/PP1BBPP1/R3K2R w KQ - 0 14,-0.2400
r1b1qrk1/1p1n2bp/2pQ1pp1/p1P1p2n/4P3/2N2N1P/PP1BBPP1/R3K2R b KQ - 0 14,-0.4400
r1b2rk1/1p1n1qbp/2pQ1pp1/p1P1p2n/4P3/2N2N1P/PP1BBPP1/R3K2R w KQ - 1 15,1.3800
r1b2rk1/1p1n1qbp/2pQ1pp1/p1P1p2n/4P3/2N2N1P/PP1B1PP1/R2BK2R b KQ - 2 15,1.5900
r1b1qrk1/1p1n2bp/2pQ1pp1/p1P1p2n/4P3/2N2N1P/PP1B1PP1/R2BK2R w KQ - 3 16,1.5400
r1b1qrk1/1p1n2bp/2pQ1pp1/p1P1p2n/4P3/1BN2N1P/PP1B1PP1/R3K2R b KQ - 4 16,1.5700
r1b2rk1/1p1n1qbp/2pQ1pp1/p1P1p2n/4P3/1BN2N1P/PP1B1PP1/R3K2R w KQ - 5 17,5.9100
r1b2rk1/1p1n1qbp/2pQ1pp1/p1P1p2n/N3P3/1B3N1P/PP1B1PP1/R3K2R b KQ - 6 17,4.8500
r1b2rk1/1p1n1qbp/2pQ2p1/p1P1pp1n/N3P3/1B3N1P/PP1B1PP1/R3K2R w KQ - 0 18,5.6600
r1b2rk1/1p1n1Bbp/2pQ2p1/p1P1pp1n/N3P3/5N1P/PP1B1PP1/R3K2R b KQ - 0 18,4.6700
r1b2r1k/1p1n1Bbp/2pQ2p1/p1P1pp1n/N3P3/5N1P/PP1B1PP1/R3K2R w KQ - 1 19,5.4400
r1b2r1k/1p1n1Bbp/2pQ2p1/p1P1ppNn/N3P3/7P/PP1B1PP1/R3K2R b KQ - 2 19,5.6400
r1b2r1k/1p1n1Bbp/2pQ2p1/p1P1p1Nn/N3p3/7P/PP1B1PP1/R3K2R w KQ - 0 20,6.0800
r1b2r1k/1p1n1Bbp/2pQ2p1/p1P1p1Nn/N3p3/7P/PP1B1PP1/R4RK1 b - - 1 20,5.7300
r1b2r1k/1p1n1B1p/2pQ2pb/p1P1p1Nn/N3p3/7P/PP1B1PP1/R4RK1 w - - 2 21,6.6300
r1b2r1k/1p1n1B1p/2pQ2pb/p1P1p1Nn/N3p3/7P/PP1B1PP1/R3R1K1 b - - 3 21,5.5100
r1b2r1k/1p3B1p/2pQ1npb/p1P1p1Nn/N3p3/7P/PP1B1PP1/R3R1K1 w - - 4 22,7.0200
r1b2r1k/1p3B1p/2pQ1npb/p1P1p2n/N3N3/7P/PP1B1PP1/R3R1K1 b - - 0 22,6.3600
r1b2r1k/1p3Bbp/2pQ1np1/p1P1p2n/N3N3/7P/PP1B1PP1/R3R1K1 w - - 1 23,6.9000
r1b2r1k/1p3Bbp/2pQ1np1/p1P1p1Nn/N7/7P/PP1B1PP1/R3R1K1 b - - 2 23,5.8700
r1b2r1k/1p3Bbp/2pQ2p1/p1Pnp1Nn/N7/7P/PP1B1PP1/R3R1K1 w - - 3 24,6.9700
r1b2r1k/1p3Bbp/2pQ2p1/p1Pnp1Nn/N7/7P/PP1B1PP1/R3R2K b - - 4 24,5.9600
2b2r1k/1p3Bbp/r1pQ2p1/p1Pnp1Nn/N7/7P/PP1B1PP1/R3R2K w - - 5 25,6.7500
2b2r1k/1p3Bbp/r1pQ2p1/p1Pnp1Nn/N7/6PP/PP1B1P2/R3R2K b - - 0 25,4.7000
5r1k/1p3Bbp/r1pQ2p1/p1PnpbNn/N7/6PP/PP1B1P2/R3R2K w - - 1 26,6.8900
5r1k/1p3Bbp/r1pQ2p1/p1PnpbNn/N5P1/7P/PP1B1P2/R3R2K b - - 0 26,6.8500
r4r1k/1p3Bbp/2pQ2p1/p1PnpbNn/N5P1/7P/PP1B1P2/R3R2K w - - 1 27,7.0900
r4r1k/1p3Bbp/2pQ2p1/p1PnpbNP/N7/7P/PP1B1P2/R3R2K b - - 0 27,6.0600
r6k/1p3rbp/2pQ2p1/p1PnpbNP/N7/7P/PP1B1P2/R3R2K w - - 0 28,6.7100
r6k/1p3rbp/2pQ2P1/p1PnpbN1/N7/7P/PP1B1P2/R3R2K b - - 0 28,4.9600
r6k/1p3rbp/2pQ2b1/p1Pnp1N1/N7/7P/PP1B1P2/R3R2K w - - 0 29,5.8000
r6k/1p3rbp/2pQ2b1/p1Pnp1N1/N7/5P1P/PP1B4/R3R2K b - - 0 29,4.8100
r4r1k/1p4bp/2pQ2b1/p1Pnp1N1/N7/5P1P/PP1B4/R3R2K w - - 1 30,5.0800
r4r1k/1p1Q2bp/2p3b1/p1Pnp1N1/N7/5P1P/PP1B4/R3R2K b - - 2 30,4.6600
r4rk1/1p1Q2bp/2p3b1/p1Pnp1N1/N7/5P1P/PP1B4/R3R2K w - - 3 31,5.7400
r4rk1/1p4bp/2p1Q1b1/p1Pnp1N1/N7/5P1P/PP1B4/R3R2K b - - 4 31,5.5600
r4r1k/1p4bp/2p1Q1b1/p1Pnp1N1/N7/5P1P/PP1B4/R3R2K w - - 5 32,5.4500
r4r1k/1p4bp/2p1Q1b1/p1Pnp1N1/N7/5P1P/PP1B4/R2R3K b - - 6 32,4.6500
r4r1k/1p4bp/2p1Q3/p1Pnp1N1/N7/3b1P1P/PP1B4/R2R3K w - - 7 33,5.6400
r4r1k/1p3Nbp/2p1Q3/p1Pnp3/N7/3b1P1P/PP1B4/R2R3K b - - 8 33,5.1200
r6k/1p3rbp/2p1Q3/p1Pnp3/N7/3b1P1P/PP1B4/R2R3K w - - 0 34,4.6700
r6k/1p3rbp/2p1Q2B/p1Pnp3/N7/3b1P1P/PP6/R2R3K b - - 1 34,4.2900
5r1k/1p3rbp/2p1Q2B/p1Pnp3/N7/3b1P1P/PP6/R2R3K w - - 2 35,3.9800
5r1k/1p3rbp/2p1Q2B/p1Pnp3/N6P/3b1P2/PP6/R2R3K b - - 0 35,2.4700
5r1k/1p3rbp/2p1Q2B/p1Pnp3/N1b4P/5P2/PP6/R2R3K w - - 1 36,4.3400
5r1k/1p3rbp/2p1Q2B/p1Pnp3/N1b4P/5P2/PP6/R1R4K b - - 2 36,2.4700
5r1k/1p3rbp/2p1Q2B/p1Pnp3/N6P/3b1P2/PP6/R1R4K w - - 3 37,4.2100
5r1k/1p3rbp/2p1Q2B/p1Pnp3/N6P/3b1P2/PP6/R5RK b - - 4 37,3.2100
5r1k/5rbp/1pp1Q2B/p1Pnp3/N6P/3b1P2/PP6/R5RK w - - 0 38,5.3300
5r1k/5rBp/1pp1Q3/p1Pnp3/N6P/3b1P2/PP6/R5RK b - - 0 38,5.5800
5rk1/5rBp/1pp1Q3/p1Pnp3/N6P/3b1P2/PP6/R5RK w - - 1 39,10.0000
5rk1/5r1p/1pp1Q3/p1PnB3/N6P/3b1P2/PP6/R5RK b - - 0 39,10.0000
5rk1/5r1p/1pp1Q1b1/p1PnB3/N6P/5P2/PP6/R5RK w - - 1 40,10.0000
5rk1/5r1p/1pp1Q1R1/p1PnB3/N6P/5P2/PP6/R6K b - - 0 40,10.0000
rnbqkb1r/pppp1ppp/4pn2/8/2PP4/5N2/PP2PPPP/RNBQKB1R b KQkq - 1 3,0.3400
rnbqkb1r/ppp2ppp/4pn2/3p4/2PP4/5N2/PP2PPPP/RNBQKB1R w KQkq - 0 4,0.3400
rnbqkb1r/ppp2ppp/4pn2/3p4/2PP4/2N2N2/PP2PPPP/R1BQKB1R b KQkq - 1 4,0.3000
rnbqk2r/ppp2ppp/4pn2/3p4/1bPP4/2N2N2/PP2PPPP/R1BQKB1R w KQkq - 2 5,0.3300
rnbqk2r/ppp2ppp/4pn2/3p4/QbPP4/2N2N2/PP2PPPP/R1B1KB1R b KQkq - 3 5,0.2100
rn1qk2r/pppb1ppp/4pn2/3p4/QbPP4/2N2N2/PP2PPPP/R1B1KB1R w KQkq - 4 6,4.3200
rn1qk2r/pppb1ppp/4pn2/3p4/1bPP4/2N2N2/PPQ1PPPP/R1B1KB1R b KQkq - 5 6,-0.6400
rn1qk2r/pp1b1ppp/4pn2/2pp4/1bPP4/2N2N2/PPQ1PPPP/R1B1KB1R w KQkq - 0 7,-0.2200
rn1qk2r/pp1b1ppp/4pn2/2Pp4/1bP5/2N2N2/PPQ1PPPP/R1B1KB1R b KQkq - 0 7,-0.1900
rn1qk2r/pp1b1ppp/4pn2/2P5/1bp5/2N2N2/PPQ1PPPP/R1B1KB1R w KQkq - 0 8,-0.1700
rn1qk2r/pp1b1ppp/4pn2/2P5/1bp5/P1N2N2/1PQ1PPPP/R1B1KB1R b KQkq - 0 8,-1.0100
rn1qk2r/pp1b1ppp/4pn2/2P5/2p5/P1b2N2/1PQ1PPPP/R1B1KB1R w KQkq - 0 9,0.2800
rn1qk2r/pp1b1ppp/4pn2/2P5/2p5/P1Q2N2/1P2PPPP/R1B1KB1R b KQkq - 0 9,0.3300
rn1q1rk1/pp1b1ppp/4pn2/2P5/2p5/P1Q2N2/1P2PPPP/R1B1KB1R w KQ - 1 10,0.5200
rn1q1rk1/pp1b1ppp/4pn2/2P3B1/2p5/P1Q2N2/1P2PPPP/R3KB1R b KQ - 2 10,-0.4100
rn1q1rk1/pp3ppp/4pn2/1bP3B1/2p5/P1Q2N2/1P2PPPP/R3KB1R w KQ - 3 11,0.2400
rn1q1rk1/pp3ppp/4pn2/1bP3B1/2p5/P1Q1PN2/1P3PPP/R3KB1R b KQ - 0 11,0.2100
rn1q1rk1/pp3ppp/4p3/1bPn2B1/2p5/P1Q1PN2/1P3PPP/R3KB1R w KQ - 1 12,0.2400
rn1B1rk1/pp3ppp/4p3/1bPn4/2p5/P1Q1PN2/1P3PPP/R3KB1R b KQ - 0 12,0.1700
rn1r2k1/pp3ppp/4p3/1bPn4/2p5/P1Q1PN2/1P3PPP/R3KB1R w KQ - 0 13,5.7000
rn1r2k1/pp3ppp/4p3/1bPn4/2p5/P3PN2/1P1Q1PPP/R3KB1R b KQ - 1 13,4.8300
rn1r2k1/pp3ppp/4p3/1bPn4/8/P1p1PN2/1P1Q1PPP/R3KB1R w KQ - 0 14,5.0600
rn1r2k1/pp3ppp/4p3/1bPn4/8/P1P1PN2/3Q1PPP/R3KB1R b KQ - 0 14,5.6800
rn1r2k1/pp3ppp/4p3/2Pn4/8/P1P1PN2/3Q1PPP/R3Kb1R w KQ - 0 15,5.2500
rn1r2k1/pp3ppp/4p3/2Pn4/3N4/P1P1P3/3Q1PPP/R3Kb1R b KQ - 1 15,2.4200
rn1r2k1/pp3ppp/4p3/2Pn4/3N4/P1P1P3/3Q1PbP/R3K2R w KQ - 0 16,2.9300
rn1r2k1/pp3ppp/4p3/2Pn4/3N4/P1P1P3/3Q1PbP/R3KR2 b Q - 1 16,1.8400
rn1r2k1/pp3ppp/4p3/2Pn4/3N4/P1P1P3/3Q1P1P/R3Kb2 w Q - 0 17,1.4800
rn1r2k1/pp3ppp/4p3/2Pn4/3NP3/P1P5/3Q1P1P/R3Kb2 b Q - 0 17,-0.9100
rn1r2k1/pp3ppp/4pn2/2P5/3NP3/P1P5/3Q1P1P/R3Kb2 w Q - 1 18,0.1500
rn1r2k1/pp3ppp/4pn2/2P1P3/3N4/P1P5/3Q1P1P/R3Kb2 b Q - 0 18,-0.8400
rn1r2k1/pp3ppp/4p3/2P1P3/3Nn3/P1P5/3Q1P1P/R3Kb2 w Q - 1 19,-1.0900
rn1r2k1/pp3ppp/4p3/2P1P3/3NnQ2/P1P5/5P1P/R3Kb2 b Q - 2 19,-3.3000
rn1r2k1/pp3ppp/4p3/2P1P3/3NnQ2/P1P5/5PbP/R3K3 w Q - 3 20,-1.1700
rn1r2k1/pp3ppp/4p3/2P1P3/3Nn1Q1/P1P5/5PbP/R3K3 b Q - 4 20,-1.2700
rn1r2k1/pp3ppp/4p3/2P1P3/3Nn1Q1/P1P5/5P1P/R3K2b w Q - 5 21,-1.1600
rn1r2k1/pp3ppp/4p3/2P1P3/3Nn1Q1/P1P2P2/7P/R3K2b b Q - 0 21,-1.6900
rn1r2k1/pp3ppp/4p3/2P1P3/3Nn1Q1/P1P2b2/7P/R3K3 w Q - 0 22,-1.0400
rn1r2k1/pp3ppp/4p3/2P1P3/3Nn3/P1P2Q2/7P/R3K3 b Q - 0 22,-0.8500
rn1r2k1/pp3ppp/4p3/2P1P3/3N4/P1n2Q2/7P/R3K3 w Q - 0 23,2.9200
rn1r2k1/pQ3ppp/4p3/2P1P3/3N4/P1n5/7P/R3K3 b Q - 0 23,0.0500
r2r2k1/pQ1n1ppp/4p3/2P1P3/3N4/P1n5/7P/R3K3 w Q - 1 24,0.4700
r2r2k1/p2n1ppp/4p3/2P1P3/3N4/P1n2Q2/7P/R3K3 b Q - 2 24,0.0600
r2r2k1/p2n1ppp/4p3/2PnP3/3N4/P4Q2/7P/R3K3 w Q - 3 25,-0.3400
r2r2k1/p2n1ppp/4p3/1NPnP3/8/P4Q2/7P/R3K3 b Q - 4 25,-1.1300
r2r2k1/p2n1pp1/4p2p/1NPnP3/8/P4Q2/7P/R3K3 w Q - 0 26,-0.4000
r2r2k1/p2n1pp1/4p2p/1NPnP3/8/P4Q2/7P/3RK3 b - - 1 26,-0.9900
r2r2k1/p4pp1/4p2p/1NPnn3/8/P4Q2/7P/3RK3 w - - 0 27,-0.4800
r2r2k1/p4pp1/4p2p/1NPnn2Q/8/P7/7P/3RK3 b - - 1 27,-1.3000
r2r2k1/p5p1/4pp1p/1NPnn2Q/8/P7/7P/3RK3 w - - 0 28,-1.0300
r2r2k1/p5p1/4pp1p/1NPnn2Q/8/P7/3R3P/4K3 b - - 1 28,-2.0300
1r1r2k1/p5p1/4pp1p/1NPnn2Q/8/P7/3R3P/4K3 w - - 2 29,-1.5100
1r1r2k1/N5p1/4pp1p/2Pnn2Q/8/P7/3R3P/4K3 b - - 0 29,-2.7700
rnbqkbnr/pppp1pp1/4p2p/8/3PP3/5N2/PPP2PPP/RNBQKB1R b KQkq - 1 3,0.5200
r1bqkbnr/pppp1pp1/2n1p2p/8/3PP3/5N2/PPP2PPP/RNBQKB1R w KQkq - 2 4,1.1300
r1bqkbnr/pppp1pp1/2n1p2p/8/3PP3/3B1N2/PPP2PPP/RNBQK2R b KQkq - 3 4,0.9400
r1bqkbnr/ppp2pp1/2n1p2p/3p4/3PP3/3B1N2/PPP2PPP/RNBQK2R w KQkq - 0 5,1.0100
r1bqkbnr/ppp2pp1/2n1p2p/3p4/3PP3/3B1N2/PPPN1PPP/R1BQK2R b KQkq - 1 5,0.8100
r1bqkbnr/ppp2pp1/4p2p/3p4/1n1PP3/3B1N2/PPPN1PPP/R1BQK2R w KQkq - 2 6,0.7600
r1bqkbnr/ppp2pp1/4p2p/3p4/1n1PP3/5N2/PPPNBPPP/R1BQK2R b KQkq - 3 6,0.7400
r1bqkbnr/1pp2pp1/4p2p/p2p4/1n1PP3/5N2/PPPNBPPP/R1BQK2R w KQkq - 0 7,1.2900
r1bqkbnr/1pp2pp1/4p2p/p2p4/1n1PP3/2P2N2/PP1NBPPP/R1BQK2R b KQkq - 0 7,1.1700
r1bqkbnr/1pp2pp1/4p2p/p7/1n1Pp3/2P2N2/PP1NBPPP/R1BQK2R w KQkq - 0 8,0.9900
r1bqkbnr/1pp2pp1/4p2p/p7/1n1Pp3/2P5/PP1NBPPP/R1BQK1NR b KQkq - 1 8,-0.8400
r1bqkbnr/1pp2pp1/4p2p/p7/1n1P4/2P1p3/PP1NBPPP/R1BQK1NR w KQkq - 0 9,0.9500
r1bqkbnr/1pp2pp1/4p2p/p7/1n1P4/2P1P3/PP1NB1PP/R1BQK1NR b KQkq - 0 9,0.9100
r1bqkbnr/1pp2pp1/2n1p2p/p7/3P4/2P1P3/PP1NB1PP/R1BQK1NR w KQkq - 1 10,1.2300
r1bqkbnr/1pp2pp1/2n1p2p/pB6/3P4/2P1P3/PP1N2PP/R1BQK1NR b KQkq - 2 10,1.2000
r2qkbnr/1ppb1pp1/2n1p2p/pB6/3P4/2P1P3/PP1N2PP/R1BQK1NR w KQkq - 3 11,1.1200
r2qkbnr/1ppb1pp1/2n1p2p/pB6/3PN3/2P1P3/PP4PP/R1BQK1NR b KQkq - 4 11,0.3800
r2qk1nr/1ppb1pp1/2nbp2p/pB6/3PN3/2P1P3/PP4PP/R1BQK1NR w KQkq - 5 12,0.7000
r2qk1nr/1ppb1pp1/2nbp2p/pB6/3PN3/2P1P2N/PP4PP/R1BQK2R b KQkq - 6 12,-0.0300
r2qk2r/1ppb1pp1/2nbpn1p/pB6/3PN3/2P1P2N/PP4PP/R1BQK2R w KQkq - 7 13,-0.2700
r2qk2r/1ppb1pp1/2nNpn1p/pB6/3P4/2P1P2N/PP4PP/R1BQK2R b KQkq - 0 13,0.0200
r2qk2r/1p1b1pp1/2nppn1p/pB6/3P4/2P1P2N/PP4PP/R1BQK2R w KQkq - 0 14,-0.1500
r2qk2r/1p1b1pp1/2nppn1p/p7/3P4/2PBP2N/PP4PP/R1BQK2R b KQkq - 1 14,-0.5600
r2q1rk1/1p1b1pp1/2nppn1p/p7/3P4/2PBP2N/PP4PP/R1BQK2R w KQ - 2 15,-0.2400
r2q1rk1/1p1b1pp1/2nppn1p/p7/3PP3/2PB3N/PP4PP/R1BQK2R b KQ - 0 15,-0.5200
r2q1rk1/1p1b1pp1/2np1n1p/p3p3/3PP3/2PB3N/PP4PP/R1BQK2R w KQ - 0 16,-0.4800
r2q1rk1/1p1b1pp1/2np1n1p/p2Pp3/4P3/2PB3N/PP4PP/R1BQK2R b KQ - 0 16,-0.5100
r2q1rk1/1p3pp1/2np1n1p/p2Pp3/4P3/2PB3b/PP4PP/R1BQK2R w KQ - 0 17,-0.1500
r2q1rk1/1p3pp1/2np1n1p/p2Pp3/4P3/2PB3P/PP5P/R1BQK2R b KQ - 0 17,-0.2100
r2q1rk1/1p3pp1/2np3p/p2Pp3/4n3/2PB3P/PP5P/R1BQK2R w KQ - 0 18,0.6500
r2q1rk1/1p3pp1/2np3p/p2Pp2Q/4n3/2PB3P/PP5P/R1B1K2R b KQ - 1 18,-1.9900
r2q1rk1/1p2npp1/3p3p/p2Pp2Q/4n3/2PB3P/PP5P/R1B1K2R w KQ - 2 19,2.0900
r2q1rk1/1p2npp1/3p3p/p2Pp2Q/4B3/2P4P/PP5P/R1B1K2R b KQ - 0 19,2.0100
r2q1rk1/1p2n1p1/3p3p/p2Ppp1Q/4B3/2P4P/PP5P/R1B1K2R w KQ - 0 20,1.9200
r2q1rk1/1p2n1p1/3p3p/p2Ppp1Q/8/2P4P/PP5P/RBB1K2R b KQ - 1 20,1.6000
r4rk1/1p2n1p1/1q1p3p/p2Ppp1Q/8/2P4P/PP5P/RBB1K2R w KQ - 2 21,2.0100
r4rk1/1p2n1p1/1q1p3p/p2Ppp1Q/8/2P4P/PPB4P/R1B1K2R b KQ - 3 21,1.6300
r4r1k/1p2n1p1/1q1p3p/p2Ppp1Q/8/2P4P/PPB4P/R1B1K2R w KQ - 4 22,2.8200
r4r1k/1p2n1p1/1q1p3B/p2Ppp1Q/8/2P4P/PPB4P/R3K2R b KQ - 0 22,3.1400
r4rk1/1p2n1p1/1q1p3B/p2Ppp1Q/8/2P4P/PPB4P/R3K2R w KQ - 1 23,3.4000
r4rk1/1p2n1p1/1q1p4/p2Ppp1Q/8/2P4P/PPB4P/R1B1K2R b KQ - 2 23,2.0100
r5k1/1p2nrp1/1q1p4/p2Ppp1Q/8/2P4P/PPB4P/R1B1K2R w KQ - 3 24,2.5400
r5k1/1p2nrp1/1q1p4/p2Ppp1Q/8/2P4P/PPB4P/R1B1KR2 b Q - 4 24,2.0200
r5k1/1p2nrp1/1q1p4/p2P1p1Q/4p3/2P4P/PPB4P/R1B1KR2 w Q - 0 25,2.0300
r5k1/1p2nrp1/1q1p4/p2P1p1Q/P3p3/2P4P/1PB4P/R1B1KR2 b Q - 0 25,1.9100
r5k1/1p3rp1/1q1p4/p2n1p1Q/P3p3/2P4P/1PB4P/R1B1KR2 w Q - 0 26,2.7900
rnbqkb1r/ppp1pppp/5n2/3p4/3P1B2/2P5/PP2PPPP/RN1QKBNR b KQkq - 0 3,0.0400
rnbqkb1r/pp2pppp/2p2n2/3p4/3P1B2/2P5/PP2PPPP/RN1QKBNR w KQkq - 0 4,0.2800
rnbqkb1r/pp2pppp/2p2n2/3p4/3P1B2/2P2N2/PP2PPPP/RN1QKB1R b KQkq - 1 4,0.1000
rnbqkb1r/pp2pppp/2p5/3p3n/3P1B2/2P2N2/PP2PPPP/RN1QKB1R w KQkq - 2 5,0.1300
rnbqkb1r/pp2pppp/2p5/3p3n/3P4/2P2N2/PP1BPPPP/RN1QKB1R b KQkq - 3 5,0.1400
rnbqkb1r/pp2pppp/2p2n2/3p4/3P4/2P2N2/PP1BPPPP/RN1QKB1R w KQkq - 4 6,0.1400
rnbqkb1r/pp2pppp/2p2n2/3p4/3P1B2/2P2N2/PP2PPPP/RN1QKB1R b KQkq - 5 6,0.1800
rn1qkb1r/pp2pppp/2p2n2/3p1b2/3P1B2/2P2N2/PP2PPPP/RN1QKB1R w KQkq - 6 7,0.2500
rn1qkb1r/pp2pppp/2p2n2/3p1b2/3P1B2/2P2N2/PP1NPPPP/R2QKB1R b KQkq - 7 7,0.0200
rn1qkb1r/pp2ppp1/2p2n1p/3p1b2/3P1B2/2P2N2/PP1NPPPP/R2QKB1R w KQkq - 0 8,0.0100
rn1qkb1r/pp2ppp1/2p2n1p/3p1b2/3P1B2/1QP2N2/PP1NPPPP/R3KB1R b KQkq - 1 8,0.1800
rn2kb1r/pp2ppp1/1qp2n1p/3p1b2/3P1B2/1QP2N2/PP1NPPPP/R3KB1R w KQkq - 2 9,0.1700
rn2kb1r/pp2ppp1/1qp2n1p/3p1b2/3P1B2/1QP1PN2/PP1N1PPP/R3KB1R b KQkq - 0 9,0.0900
rn2kb1r/pp2pp2/1qp2n1p/3p1bp1/3P1B2/1QP1PN2/PP1N1PPP/R3KB1R w KQkq - 0 10,0.2000
rn2kb1r/pp2pp2/1qp2n1p/3pBbp1/3P4/1QP1PN2/PP1N1PPP/R3KB1R b KQkq - 1 10,-0.0400
rn2kbr1/pp2pp2/1qp2n1p/3pBbp1/3P4/1QP1PN2/PP1N1PPP/R3KB1R w KQq - 2 11,0.1800
rn2kbr1/pp2pp2/1qp2B1p/3p1bp1/3P4/1QP1PN2/PP1N1PPP/R3KB1R b KQq - 0 11,0.1400
rn2kbr1/pp2pp2/2p2B1p/3p1bp1/3P4/1qP1PN2/PP1N1PPP/R3KB1R w KQq - 0 12,0.7300
rn2kbr1/pp2pp2/2p2B1p/3p1bp1/3P4/1PP1PN2/1P1N1PPP/R3KB1R b KQq - 0 12,0.6900
rn2kbr1/pp3p2/2p2p1p/3p1bp1/3P4/1PP1PN2/1P1N1PPP/R3KB1R w KQq - 0 13,0.6900
rn2kbr1/pp3p2/2p2p1p/3p1bp1/3P4/1PP1PN2/1P1NBPPP/R3K2R b KQq - 1 13,0.5300
rn2k1r1/pp3p2/2pb1p1p/3p1bp1/3P4/1PP1PN2/1P1NBPPP/R3K2R w KQq - 2 14,0.5400
rn2k1r1/pp3p2/2pb1p1p/3p1bp1/3P4/1PP1PN2/1P2BPPP/R3KN1R b KQq - 3 14,0.5100
rn4r1/pp2kp2/2pb1p1p/3p1bp1/3P4/1PP1PN2/1P2BPPP/R3KN1R w KQ - 4 15,0.6300
rn4r1/pp2kp2/2pb1p1p/3p1bp1/3P4/1PP1PNN1/1P2BPPP/R3K2R b KQ - 5 15,0.5200
rn4r1/pp2kp2/2pbbp1p/3p2p1/3P4/1PP1PNN1/1P2BPPP/R3K2R w KQ - 6 16,0.8400
rn4r1/pp2kp2/2pbbp1p/3p2p1/1P1P4/2P1PNN1/1P2BPPP/R3K2R b KQ - 0 16,0.4400
rn4r1/1p2kp2/p1pbbp1p/3p2p1/1P1P4/2P1PNN1/1P2BPPP/R3K2R w KQ - 0 17,0.5600
rn4r1/1p2kp2/p1pbbp1p/3p2p1/1P1P4/2P1PNN1/1P1KBPPP/R6R b - - 1 17,0.3600
rn2k1r1/1p3p2/p1pbbp1p/3p2p1/1P1P4/2P1PNN1/1P1KBPPP/R6R w - - 2 18,1.1500
rn2k1r1/1p3p2/p1pbbp1p/3p2p1/1P1P4/2PBPNN1/1P1K1PPP/R6R b - - 3 18,1.0900
rn2k1r1/1p3p2/p1p1bp1p/3p2p1/1P1P4/2PBPNb1/1P1K1PPP/R6R w - - 0 19,1.0300
rn2k1r1/1p3p2/p1p1bp1p/1P1p2p1/3P4/2PBPNb1/1P1K1PPP/R6R b - - 0 19,-4.2800
rn2k1r1/1p3p2/p1p1bp1p/1P1p2p1/3P4/2PBPN2/1P1K1bPP/R6R w - - 0 20,-3.3500
rn2k1r1/1p3p2/p1p1bp1p/1P1p2p1/3P4/2PBPNP1/1P1K1b1P/R6R b - - 0 20,-2.6800
rnb1k1r1/1p3p2/p1p2p1p/1P1p2p1/3P4/2PBPNP1/1P1K1b1P/R6R w - - 1 21,-1.7100
rnb1k1r1/1p3p2/p1p2p1p/1P1p2p1/3P4/2PBPNP1/1P2Kb1P/R6R b - - 2 21,-2.0500
rnb1k1r1/1p3p2/p1p2p1p/1P1p2p1/3P4/2PBbNP1/1P2K2P/R6R w - - 0 22,-1.7700
rnb1k1r1/1p3p2/p1P2p1p/3p2p1/3P4/2PBbNP1/1P2K2P/R6R b - - 0 22,-2.6400
rnb1k1r1/1p3p2/p1P2p1p/3p4/3P2p1/2PBbNP1/1P2K2P/R6R w - - 0 23,-2.7800
rnb1k1r1/1p3p2/p1P2p1p/3p4/3P2p1/2PBKNP1/1P5P/R6R b - - 0 23,-3.4000
1nb1k1r1/rp3p2/p1P2p1p/3p4/3P2p1/2PBKNP1/1P5P/R6R w - - 1 24,1.0300
1nb1k1r1/rP3p2/p4p1p/3p4/3P2p1/2PBKNP1/1P5P/R6R b - - 0 24,0.6600
1nb1k1r1/1r3p2/p4p1p/3p4/3P2p1/2PBKNP1/1P5P/R6R w - - 0 25,0.5100
1nb1k1r1/1r3p2/p4p1p/3p4/3P2p1/2PBK1P1/1P1N3P/R6R b - - 1 25,-0.0300
1nb2kr1/1r3p2/p4p1p/3p4/3P2p1/2PBK1P1/1P1N3P/R6R w - - 2 26,0.6200
1nb2kr1/1r3p2/p4p1p/3p4/1P1P2p1/2PBK1P1/3N3P/R6R b - - 0 26,0.7300
1nb2kr1/4rp2/p4p1p/3p4/1P1P2p1/2PBK1P1/3N3P/R6R w - - 1 27,0.8700
1nb2kr1/4rp2/p4p1p/3p4/1P1P1Kp1/2PB2P1/3N3P/R6R b - - 2 27,0.1900
1nb3r1/4rpk1/p4p1p/3p4/1P1P1Kp1/2PB2P1/3N3P/R6R w - - 3 28,0.1400
1nb3r1/4rpk1/p4p1p/3p4/1P1P1Kp1/2PB2PP/3N4/R6R b - - 0 28,-1.4700
1nb3r1/4rpk1/p4p2/3p3p/1P1P1Kp1/2PB2PP/3N4/R6R w - - 0 29,-0.2300
1nb3r1/4rpk1/p4p2/3p3p/1P1P1Kp1/2PB2PP/8/R4N1R b - - 1 29,-2.8700
1nb1r3/4rpk1/p4p2/3p3p/1P1P1Kp1/2PB2PP/8/R4N1R w - - 2 30,-3.0900
1nb1r3/4rpk1/p4p2/3p3p/1P1P1KP1/2PB2P1/8/R4N1R b - - 0 30,-3.2000
1nb1r3/4rpk1/p4p2/3p4/1P1P1Kp1/2PB2P1/8/R4N1R w - - 0 31,0.0400
1nb1r3/4rpk1/p4p2/3p4/1P1P1Kp1/2PB2P1/3N4/R6R b - - 1 31,-1.5300
1nb1r3/4rpk1/p7/3p1p2/1P1P1Kp1/2PB2P1/3N4/R6R w - - 0 32,-0.2400
1nb1r3/4rpk1/p7/3p1p2/1P1P1Kp1/2PB2P1/3N4/2R4R b - - 1 32,-1.3600
2b1r3/3nrpk1/p7/3p1p2/1P1P1Kp1/2PB2P1/3N4/2R4R w - - 2 33,-1.3300
2b1r3/3nrpk1/p7/3p1p2/1P1P1Kp1/2PB2P1/3N3R/2R5 b - - 3 33,-1.8500
2b1r3/4rpk1/pn6/3p1p2/1P1P1Kp1/2PB2P1/3N3R/2R5 w - - 4 34,0.6300
2b1r3/4rpk1/pn6/3p1B2/1P1P1Kp1/2P3P1/3N3R/2R5 b - - 0 34,-0.0300
2b1r3/5pk1/pn6/3p1B2/1P1P1Kp1/2P1r1P1/3N3R/2R5 w - - 1 35,0.6700
2b1r3/5pk1/pn6/3p4/1P1P1KB1/2P1r1P1/3N3R/2R5 b - - 0 35,-2.8800
2b1r3/5pk1/pn6/3p4/1P1PrKB1/2P3P1/3N3R/2R5 w - - 1 36,-2.4400
2b1r3/5pk1/pn6/3p4/1P1PNKB1/2P3P1/7R/2R5 b - - 0 36,-2.2100
4r3/5pk1/pn6/3p4/1P1PNKb1/2P3P1/7R/2R5 w - - 0 37,4.0500
4r3/5pk1/pn6/3p2N1/1P1P1Kb1/2P3P1/7R/2R5 b - - 1 37,4.2600
4r3/3b1pk1/pn6/3p2N1/1P1P1K2/2P3P1/7R/2R5 w - - 2 38,4.3000
4r3/3b1pk1/pn6/3p2N1/1P1P1KP1/2P5/7R/2R5 b - - 0 38,2.5700
4r3/3b2k1/pn3p2/3p2N1/1P1P1KP1/2P5/7R/2R5 w - - 0 39,2.5900
4r3/3b2k1/pn3p2/3p2N1/1P1P1KP1/2P5/7R/R7 b - - 1 39,0.7400
4r1k1/3b4/pn3p2/3p2N1/1P1P1KP1/2P5/7R/R7 w - - 2 40,3.1200
rnbqk1nr/pppp1ppp/4p3/8/1bPP4/2N5/PP2PPPP/R1BQKBNR b KQkq - 2 3,0.2400
rnbqk1nr/pp1p1ppp/4p3/2p5/1bPP4/2N5/PP2PPPP/R1BQKBNR w KQkq - 0 4,0.2700
rnbqk1nr/pp1p1ppp/4p3/2p5/1bPP4/2N1P3/PP3PPP/R1BQKBNR b KQkq - 0 4,0.2400
rnbqk1nr/p2p1ppp/1p2p3/2p5/1bPP4/2N1P3/PP3PPP/R1BQKBNR w KQkq - 0 5,0.6100
rnbqk1nr/p2p1ppp/1p2p3/2p5/1bPP4/2N1P3/PP1B1PPP/R2QKBNR b KQkq - 1 5,0.3800
rnbqk1nr/p2p1ppp/1p2p3/8/1bPp4/2N1P3/PP1B1PPP/R2QKBNR w KQkq - 0 6,0.1500
rnbqk1nr/p2p1ppp/1p2p3/8/1bPpN3/4P3/PP1B1PPP/R2QKBNR b KQkq - 1 6,-0.7300
rnbqk1nr/p2p1ppp/1p2p3/8/2PpN3/4P3/PP1b1PPP/R2QKBNR w KQkq - 0 7,-0.3400
rnbqk1nr/p2p1ppp/1p2p3/8/2PpN3/4P3/PP1K1PPP/R2Q1BNR b kq - 0 7,-2.1100
rnbqk1nr/p2p1ppp/1p2p3/8/2P1N3/4p3/PP1K1PPP/R2Q1BNR w kq - 0 8,-2.2200
rnbqk1nr/p2p1ppp/1p2p3/8/2P1N3/4K3/PP3PPP/R2Q1BNR b kq - 0 8,-2.2000
rnbqk1nr/p4ppp/1p2p3/3p4/2P1N3/4K3/PP3PPP/R2Q1BNR w kq - 0 9,-1.7800
rnbqk1nr/p4ppp/1p2p3/3P4/4N3/4K3/PP3PPP/R2Q1BNR b kq - 0 9,-1.5800
rnbqk2r/p4ppp/1p2pn2/3P4/4N3/4K3/PP3PPP/R2Q1BNR w kq - 1 10,-0.6500
rnbqk2r/p4ppp/1p2pn2/3P4/Q3N3/4K3/PP3PPP/R4BNR b kq - 2 10,-1.7500
r1bqk2r/p2n1ppp/1p2pn2/3P4/Q3N3/4K3/PP3PPP/R4BNR w kq - 3 11,-1.4100
r1bqk2r/p2n1ppp/1p1Npn2/3P4/Q7/4K3/PP3PPP/R4BNR b kq - 4 11,-2.9000
r1bq1k1r/p2n1ppp/1p1Npn2/3P4/Q7/4K3/PP3PPP/R4BNR w - - 5 12,-2.5200
r1bq1k1r/p2n1ppp/1p1NPn2/8/Q7/4K3/PP3PPP/R4BNR b - - 0 12,-3.1400
rnbqkb1r/pppp1ppp/4pn2/8/2PP4/5N2/PP2PPPP/RNBQKB1R b KQkq - 0 3,0.3000
rnbqk2r/pppp1ppp/4pn2/8/1bPP4/5N2/PP2PPPP/RNBQKB1R w KQkq - 1 4,0.3700
rnbqk2r/pppp1ppp/4pn2/8/1bPP4/5N2/PP1BPPPP/RN1QKB1R b KQkq - 2 4,0.3300
rnb1k2r/ppppqppp/4pn2/8/1bPP4/5N2/PP1BPPPP/RN1QKB1R w KQkq - 3 5,0.3200
rnb1k2r/ppppqppp/4pn2/8/1bPP4/P4N2/1P1BPPPP/RN1QKB1R b KQkq - 0 5,0.2700
rnb1k2r/ppppqppp/5n2/4p3/1bPP4/P4N2/1P1BPPPP/RN1QKB1R w KQkq - 0 6,5.2400
rnb1k2r/ppppqppp/5n2/4p3/1PPP4/5N2/1P1BPPPP/RN1QKB1R b KQkq - 0 6,4.1200
rnb1k2r/ppp1qppp/3p1n2/4p3/1PPP4/5N2/1P1BPPPP/RN1QKB1R w KQkq - 0 7,5.1100
rnb1k2r/ppp1qppp/3p1n2/4p1B1/1PPP4/5N2/1P2PPPP/RN1QKB1R b KQkq - 1 7,4.4000
rnb1k2r/ppp1qppp/5n2/3pp1B1/1PPP4/5N2/1P2PPPP/RN1QKB1R w KQkq - 0 8,5.1500
rnb1k2r/ppp1qppp/5n2/3pN1B1/1PPP4/8/1P2PPPP/RN1QKB1R b KQkq - 0 8,4.7600
rnb1k2r/ppp1qppp/5n2/4N1B1/1PpP4/8/1P2PPPP/RN1QKB1R w KQkq - 0 9,4.7800
rnb1k2r/ppp1qppp/5n2/1P2N1B1/2pP4/8/1P2PPPP/RN1QKB1R b KQkq - 0 9,5.0900
rnb1k2r/pp2qppp/5n2/1Pp1N1B1/2pP4/8/1P2PPPP/RN1QKB1R w KQkq c6 0 10,5.4200
rnb1k2r/pp2qppp/5n2/1Pp1N1B1/2pP4/2N5/1P2PPPP/R2QKB1R b KQkq - 1 10,5.1400
rn2k2r/pp2qppp/5n2/1Pp1NbB1/2pP4/2N5/1P2PPPP/R2QKB1R w KQkq - 2 11,5.9800
rn2k2r/pp2qppp/5n2/1Pp1NbB1/2pP1P2/2N5/1P2P1PP/R2QKB1R b KQkq - 0 11,4.7900
rn2k2r/pp2qpp1/5n1p/1Pp1NbB1/2pP1P2/2N5/1P2P1PP/R2QKB1R w KQkq - 0 12,4.7900
rn2k2r/pp2qpp1/5n1p/1Pp1Nb2/2pP1P1B/2N5/1P2P1PP/R2QKB1R b KQkq - 1 12,4.3400
rn2k2r/pp2qp2/5n1p/1Pp1Nbp1/2pP1P1B/2N5/1P2P1PP/R2QKB1R w KQkq - 0 13,4.2500
rn2k2r/pp2qp2/5n1p/1Pp1NbP1/2pP3B/2N5/1P2P1PP/R2QKB1R b KQkq - 0 13,4.4000
rn2k2r/pp2qp2/7p/1Pp1NbP1/2pP2nB/2N5/1P2P1PP/R2QKB1R w KQkq - 1 14,5.7100
rn2k2r/pp2qp2/7p/1Pp1NbP1/2pPP1nB/2N5/1P4PP/R2QKB1R b KQkq - 0 14,3.8500
rn2k2r/pp2qp2/8/1Pp1Nbp1/2pPP1nB/2N5/1P4PP/R2QKB1R w KQkq - 0 15,5.2200
rn2k2r/pp2qp2/8/1Pp1Nbp1/2pPP1n1/2N3B1/1P4PP/R2QKB1R b KQkq - 1 15,4.9000
r3k2r/pp1nqp2/8/1Pp1Nbp1/2pPP1n1/2N3B1/1P4PP/R2QKB1R w KQkq - 2 16,4.7100
r3k2r/pp1nqp2/8/1PpNNbp1/2pPP1n1/6B1/1P4PP/R2QKB1R b KQkq - 3 16,5.1500
3rk2r/pp1nqp2/8/1PpNNbp1/2pPP1n1/6B1/1P4PP/R2QKB1R w KQk - 4 17,6.7700
3rk2r/pp1nqp2/8/1PpNNbp1/2pPP1n1/5QB1/1P4PP/R3KB1R b KQk - 5 17,3.3600
3rk2r/pp1nqp2/8/1PpNNbp1/3PP1n1/2p2QB1/1P4PP/R3KB1R w KQk - 0 18,5.0400
3rk2r/pp1nNp2/8/1Pp1Nbp1/3PP1n1/2p2QB1/1P4PP/R3KB1R b KQk - 0 18,5.7100
3rk2r/pp1nNp2/8/1Pp1nbp1/3PP3/2p2QB1/1P4PP/R3KB1R w KQk - 0 19,5.9300
r1bqkbnr/pp1ppppp/2n5/2p5/3PP3/5N2/PPP2PPP/RNBQKB1R b KQkq - 0 3,0.5200
r1bqkbnr/pp1ppppp/8/2p5/3nP3/5N2/PPP2PPP/RNBQKB1R w KQkq - 0 4,1.0300
r1bqkbnr/pp1ppppp/8/2p5/3NP3/8/PPP2PPP/RNBQKB1R b KQkq - 0 4,1.0000
r1bqkb1r/pp1ppppp/5n2/2p5/3NP3/8/PPP2PPP/RNBQKB1R w KQkq - 1 5,3.3800
r1bqkb1r/pp1ppppp/5n2/2p5/4P3/1N6/PPP2PPP/RNBQKB1R b KQkq - 2 5,3.3500
r1bqkb1r/pp1p1ppp/5n2/2p1p3/4P3/1N6/PPP2PPP/RNBQKB1R w KQkq - 0 6,4.9100
r1bqkb1r/pp1p1ppp/5n2/2p1p3/4P3/1NN5/PPP2PPP/R1BQKB1R b KQkq - 1 6,4.4000
r1bqk2r/pp1pbppp/5n2/2p1p3/4P3/1NN5/PPP2PPP/R1BQKB1R w KQkq - 2 7,4.9300
r1bqk2r/pp1pbppp/5n2/2p1p3/4P3/2N5/PPPN1PPP/R1BQKB1R b KQkq - 3 7,4.3100
r1bq1rk1/pp1pbppp/5n2/2p1p3/4P3/2N5/PPPN1PPP/R1BQKB1R w KQ - 4 8,4.5700
r1bq1rk1/pp1pbppp/5n2/2p1p3/4P3/2N5/PPPNBPPP/R1BQK2R b KQ - 5 8,4.1300
r1bq1rk1/p2pbppp/1p3n2/2p1p3/4P3/2N5/PPPNBPPP/R1BQK2R w KQ - 0 9,4.5200
r1bq1rk1/p2pbppp/1p3n2/2p1p3/2N1P3/2N5/PPP1BPPP/R1BQK2R b KQ - 1 9,3.9500
r1bq1rk1/p2pbppp/5n2/1pp1p3/2N1P3/2N5/PPP1BPPP/R1BQK2R w KQ - 0 10,3.7500
r1bq1rk1/p2pbppp/5n2/1pp1p3/4P3/2N5/PPPNBPPP/R1BQK2R b KQ - 1 10,3.3600
r1bq1rk1/3pbppp/p4n2/1pp1p3/4P3/2N5/PPPNBPPP/R1BQK2R w KQ - 0 11,3.5200
r1bq1rk1/3pbppp/p4n2/1pp1p3/4P3/2N5/PPPNBPPP/R1BQ1RK1 b - - 1 11,3.3100
r1bq1rk1/3pbpp1/p4n1p/1pp1p3/4P3/2N5/PPPNBPPP/R1BQ1RK1 w - - 0 12,3.5900
r1bq1rk1/3pbpp1/p4n1p/1ppNp3/4P3/8/PPPNBPPP/R1BQ1RK1 b - - 1 12,3.5000
r1bq1rk1/3pbpp1/p6p/1ppnp3/4P3/8/PPPNBPPP/R1BQ1RK1 w - - 0 13,3.2600
r1bq1rk1/3pbpp1/p6p/1ppPp3/8/8/PPPNBPPP/R1BQ1RK1 b - - 0 13,3.2800
r1bq1rk1/3pb1p1/p6p/1ppPpp2/8/8/PPPNBPPP/R1BQ1RK1 w - - 0 14,3.6700
r1bq1rk1/3pb1p1/p6p/1ppPpp2/P7/8/1PPNBPPP/R1BQ1RK1 b - - 0 14,3.2300
r2q1rk1/1b1pb1p1/p6p/1ppPpp2/P7/8/1PPNBPPP/R1BQ1RK1 w - - 1 15,3.3300
r2q1rk1/1b1pb1p1/p6p/1ppPpp2/P1P5/8/1P1NBPPP/R1BQ1RK1 b - - 0 15,3.0000
r2q1r2/1b1pb1pk/p6p/1ppPpp2/P1P5/8/1P1NBPPP/R1BQ1RK1 w - - 1 16,3.6700
r2q1r2/1b1pb1pk/p6p/1ppPpp2/P1P3P1/8/1P1NBP1P/R1BQ1RK1 b - - 0 16,3.1300
r2q1r2/1b1p2pk/p6p/1ppPpp2/P1P3Pb/8/1P1NBP1P/R1BQ1RK1 w - - 1 17,3.6600
r2q1r2/1b1p2pk/p6p/1ppPpp2/P1P3Pb/R7/1P1NBP1P/2BQ1RK1 b - - 2 17,3.5700
r2q1r2/1b1p2pk/p6p/1ppP1p2/P1P1p1Pb/R7/1P1NBP1P/2BQ1RK1 w - - 0 18,3.7300
r2q1r2/1b1p2pk/p6p/1ppP1p2/P1P1pPPb/R7/1P1NB2P/2BQ1RK1 b - f3 0 18,2.9200
r2q1r2/1b1p3k/p5pp/1ppP1p2/P1P1pPPb/R7/1P1NB2P/2BQ1RK1 w - - 0 19,2.9100
r2q1r2/1b1p3k/p5pp/1ppP1p2/P1P1pPPb/R7/1P1NB2P/2BQ1R1K b - - 1 19,3.0800
r4r2/1b1p3k/p4qpp/1ppP1p2/P1P1pPPb/R7/1P1NB2P/2BQ1R1K w - - 2 20,3.5800
r4r2/1b1p3k/p4qpp/1ppP1p2/P1P1pPPb/4R3/1P1NB2P/2BQ1R1K b - - 3 20,3.0700
4rr2/1b1p3k/p4qpp/1ppP1p2/P1P1pPPb/4R3/1P1NB2P/2BQ1R1K w - - 4 21,3.2600
4rr2/1b1p3k/p4qpp/1ppP1p2/P1P1pPPb/1N2R3/1P2B2P/2BQ1R1K b - - 5 21,3.3300
4rr2/1b1p3k/pq4pp/1ppP1p2/P1P1pPPb/1N2R3/1P2B2P/2BQ1R1K w - - 6 22,3.3300
4rr2/1b1p3k/pq4pp/1ppP1p2/P1P1pPPb/4R3/1P1NB2P/2BQ1R1K b - - 7 22,2.9100
4rr2/1b1p3k/p4qpp/1ppP1p2/P1P1pPPb/4R3/1P1NB2P/2BQ1R1K w - - 8 23,3.0200
4rr2/1b1p3k/p4qpp/1ppP1P2/P1P1pP1b/4R3/1P1NB2P/2BQ1R1K b - - 0 23,2.7900
4rr2/1b1p3k/p4q1p/1ppP1p2/P1P1pP1b/4R3/1P1NB2P/2BQ1R1K w - - 0 24,2.5800
4rr2/1b1p3k/p4q1p/PppP1p2/2P1pP1b/4R3/1P1NB2P/2BQ1R1K b - - 0 24,1.9500
4rr2/1b5k/p2p1q1p/PppP1p2/2P1pP1b/4R3/1P1NB2P/2BQ1R1K w - - 0 25,2.2600
4rr2/1b5k/p2p1q1p/PppP1p2/2P1pP1b/4R3/1P2B2P/1NBQ1R1K b - - 1 25,1.9200
4r1r1/1b5k/p2p1q1p/PppP1p2/2P1pP1b/4R3/1P2B2P/1NBQ1R1K w - - 2 26,2.1700
4r1r1/1b5k/p2p1q1p/PPpP1p2/4pP1b/4R3/1P2B2P/1NBQ1R1K b - - 0 26,1.6000
4r1r1/1b5k/3p1q1p/PppP1p2/4pP1b/4R3/1P2B2P/1NBQ1R1K w - - 0 27,2.3300
4r1r1/1b5k/3p1q1p/PBpP1p2/4pP1b/4R3/1P5P/1NBQ1R1K b - - 0 27,2.2400
3r2r1/1b5k/3p1q1p/PBpP1p2/4pP1b/4R3/1P5P/1NBQ1R1K w - - 1 28,2.5400
3r2r1/1b5k/3p1q1p/P1pP1p2/2B1pP1b/4R3/1P5P/1NBQ1R1K b - - 2 28,2.4000
3r2r1/1b5k/3p3p/P1pP1p2/2BqpP1b/4R3/1P5P/1NBQ1R1K w - - 3 29,2.6900
3r2r1/1b5k/3p3p/P1pP1p2/2BqpP1b/N3R3/1P5P/2BQ1R1K b - - 4 29,2.5100
3r4/1b5k/3p3p/P1pP1p2/2BqpPrb/N3R3/1P5P/2BQ1R1K w - - 5 30,2.9600
3r4/1b5k/3p3p/P1pP1p2/3qpPrb/N3R3/1P2B2P/2BQ1R1K b - - 6 30,2.2700
3r2r1/1b5k/3p3p/P1pP1p2/3qpP1b/N3R3/1P2B2P/2BQ1R1K w - - 7 31,2.5600
3r2r1/1b5k/3p3p/P1pP1p2/3qpP1b/4R3/1PN1B2P/2BQ1R1K b - - 8 31,1.6700
3r2r1/1b5k/3p3p/P1pP1p2/q3pP1b/4R3/1PN1B2P/2BQ1R1K w - - 9 32,4.1800
3r2r1/1b5k/3p3p/P1pP1p2/q3pP1b/R7/1PN1B2P/2BQ1R1K b - - 10 32,3.4900
3rq1r1/1b5k/3p3p/P1pP1p2/4pP1b/R7/1PN1B2P/2BQ1R1K w - - 11 33,3.8500
3rq1r1/1b5k/3p3p/P1pP1p2/4pP1b/R3N3/1P2B2P/2BQ1R1K b - - 12 33,3.7000
3r2r1/1b2q2k/3p3p/P1pP1p2/4pP1b/R3N3/1P2B2P/2BQ1R1K w - - 13 34,3.9800
3r2r1/1b2q2k/3p3p/P1pP1p2/2B1pP1b/R3N3/1P5P/2BQ1R1K b - - 14 34,3.6900
3r2r1/1b3q1k/3p3p/P1pP1p2/2B1pP1b/R3N3/1P5P/2BQ1R1K w - - 15 35,3.8700
3r2r1/1b3q1k/3p3p/P1pP1p2/2B1pP1b/R3N3/1P1B3P/3Q1R1K b - - 16 35,3.8000
3r2r1/1b4qk/3p3p/P1pP1p2/2B1pP1b/R3N3/1P1B3P/3Q1R1K w - - 17 36,4.6200
rnbqkb1r/pppp1ppp/4pn2/8/2PP4/6P1/PP2PP1P/RNBQKBNR b KQkq - 0 3,-0.0100
rnbqkb1r/pp1p1ppp/4pn2/2p5/2PP4/6P1/PP2PP1P/RNBQKBNR w KQkq - 0 4,0.5200
rnbqkb1r/pp1p1ppp/4pn2/2p5/2PP4/6P1/PP2PPBP/RNBQK1NR b KQkq - 1 4,-0.1600
rnbqk2r/pp1pbppp/4pn2/2p5/2PP4/6P1/PP2PPBP/RNBQK1NR w KQkq - 2 5,0.5300
rnbqk2r/pp1pbppp/4pn2/2pP4/2P5/6P1/PP2PPBP/RNBQK1NR b KQkq - 0 5,0.5900
rnbqk2r/pp1pbppp/5n2/2pp4/2P5/6P1/PP2PPBP/RNBQK1NR w KQkq - 0 6,0.6900
rnbqkbnr/pp2pppp/2p5/3P4/8/2N5/PPPP1PPP/R1BQKBNR b KQkq - 0 3,0.0800
rnbqkb1r/pp2pppp/2p2n2/3P4/8/2N5/PPPP1PPP/R1BQKBNR w KQkq - 1 4,0.8800
rnbqkb1r/pp2pppp/2p2n2/3P4/8/2N5/PPPPBPPP/R1BQK1NR b KQkq - 2 4,-0.1800
rnbqkb1r/pp2pppp/5n2/3p4/8/2N5/PPPPBPPP/R1BQK1NR w KQkq - 0 5,0.0200
rnbqkb1r/pp2pppp/5n2/3p4/3P4/2N5/PPP1BPPP/R1BQK1NR b KQkq - 0 5,0.0300
rnbqkb1r/1p2pppp/p4n2/3p4/3P4/2N5/PPP1BPPP/R1BQK1NR w KQkq - 0 6,0.0900
rnbqkb1r/1p2pppp/p4n2/3p4/3P4/2N2N2/PPP1BPPP/R1BQK2R b KQkq - 1 6,0.0300
rn1qkb1r/1p2pppp/p4n2/3p4/3P2b1/2N2N2/PPP1BPPP/R1BQK2R w KQkq - 2 7,0.1000
rn1qkb1r/1p2pppp/p4n2/3pN3/3P2b1/2N5/PPP1BPPP/R1BQK2R b KQkq - 3 7,0.0500
rnbqkb1r/1p2pppp/p4n2/3pN3/3P4/2N5/PPP1BPPP/R1BQK2R w KQkq - 4 8,0.7600
rnbqkb1r/1p2pppp/p4n2/3pN3/3P4/2N4P/PPP1BPP1/R1BQK2R b KQkq - 0 8,0.4000
rnbqkb1r/1p3ppp/p3pn2/3pN3/3P4/2N4P/PPP1BPP1/R1BQK2R w KQkq - 0 9,0.4100
rnbqkb1r/1p3ppp/p3pn2/3pN3/3P4/2NQ3P/PPP1BPP1/R1B1K2R b KQkq - 1 9,0.3400
rnbqk2r/1p2bppp/p3pn2/3pN3/3P4/2NQ3P/PPP1BPP1/R1B1K2R w KQkq - 2 10,0.4600
rnbqk2r/1p2bppp/p3pn2/3pN3/3P1B2/2NQ3P/PPP1BPP1/R3K2R b KQkq - 3 10,0.3800
r1bqk2r/1p2bppp/p1n1pn2/3pN3/3P1B2/2NQ3P/PPP1BPP1/R3K2R w KQkq - 4 11,0.4400
r1bqk2r/1p2bppp/p1N1pn2/3p4/3P1B2/2NQ3P/PPP1BPP1/R3K2R b KQkq - 0 11,0.3800
r1b1k2r/1p2bppp/pqN1pn2/3p4/3P1B2/2NQ3P/PPP1BPP1/R3K2R w KQkq - 1 12,6.1100
r1b1k2r/1p2Nppp/pq2pn2/3p4/3P1B2/2NQ3P/PPP1BPP1/R3K2R b KQkq - 0 12,5.8000
r1b1k2r/1p2Nppp/pq2p3/3p4/3PnB2/2NQ3P/PPP1BPP1/R3K2R w KQkq - 1 13,6.1900
r1b1k2r/1p2Nppp/pq2p3/3p4/3PNB2/3Q3P/PPP1BPP1/R3K2R b KQkq - 0 13,6.3300
r1b1k2r/1p2Nppp/p3p3/3p4/1q1PNB2/3Q3P/PPP1BPP1/R3K2R w KQkq - 1 14,7.4200
r1b1k2r/1p2Nppp/p3p3/3p4/1q1P1B2/2NQ3P/PPP1BPP1/R3K2R b KQkq - 2 14,7.6600
r3k2r/1p1bNppp/p3p3/3p4/1q1P1B2/2NQ3P/PPP1BPP1/R3K2R w KQkq - 3 15,8.2300
r3k2r/1p1bNppp/p3p3/3p4/1q1P1B2/2NQ3P/PPP1BPP1/2KR3R b kq - 4 15,7.4100
r6r/1p1bkppp/p3p3/3p4/1q1P1B2/2NQ3P/PPP1BPP1/2KR3R w - - 0 16,7.7300
r6r/1p1bkppp/p3p3/3p4/1q1P1B2/2NQ3P/PPP1BPP1/1K1R3R b - - 1 16,7.0700
r2r4/1p1bkppp/p3p3/3p4/1q1P1B2/2NQ3P/PPP1BPP1/1K1R3R w - - 2 17,7.3200
r2r4/1p1bkppp/p3p3/3p4/1q1P1B2/2N1Q2P/PPP1BPP1/1K1R3R b - - 3 17,6.8800
r2rk3/1p1b1ppp/p3p3/3p4/1q1P1B2/2N1Q2P/PPP1BPP1/1K1R3R w - - 4 18,7.9800
r2rk3/1p1b1ppp/p3p3/3p4/1q1P1B2/2N4P/PPPQBPP1/1K1R3R b - - 5 18,6.5600
r2rk3/1p1b1ppp/pq2p3/3p4/3P1B2/2N4P/PPPQBPP1/1K1R3R w - - 6 19,7.1700
r2rk3/1p1b1ppp/pq2p3/3p4/3P1B2/P1N4P/1PPQBPP1/1K1R3R b - - 0 19,6.8900
rnbqkb1r/pppp1ppp/4pn2/8/3PP3/2N5/PPP2PPP/R1BQKBNR b KQkq - 0 3,0.3500
rnbqkb1r/ppp2ppp/3ppn2/8/3PP3/2N5/PPP2PPP/R1BQKBNR w KQkq - 0 4,0.8100
rnbqkb1r/ppp2ppp/3ppn2/8/3PPP2/2N5/PPP3PP/R1BQKBNR b KQkq - 0 4,0.6500
rnbqkb1r/ppp2ppp/4pn2/3p4/3PPP2/2N5/PPP3PP/R1BQKBNR w KQkq - 0 5,0.7000
rnbqkb1r/ppp2ppp/4pn2/3pP3/3P1P2/2N5/PPP3PP/R1BQKBNR b KQkq - 0 5,0.7500
rnbqkb1r/pppn1ppp/4p3/3pP3/3P1P2/2N5/PPP3PP/R1BQKBNR w KQkq - 1 6,0.6800
rnbqkb1r/pppn1ppp/4p3/3pP3/3P1P2/2N1B3/PPP3PP/R2QKBNR b KQkq - 2 6,0.7400
rnbqkb1r/pp1n1ppp/4p3/2ppP3/3P1P2/2N1B3/PPP3PP/R2QKBNR w KQkq - 0 7,0.8300
rnbqkb1r/pp1n1ppp/4p3/2ppP3/3P1P2/4B3/PPP1N1PP/R2QKBNR b KQkq - 1 7,0.5200
rnbqkb1r/pp3ppp/1n2p3/2ppP3/3P1P2/4B3/PPP1N1PP/R2QKBNR w KQkq - 2 8,0.6800
rnbqkb1r/pp3ppp/1n2p3/2ppP3/3P1P2/8/PPP1NBPP/R2QKBNR b KQkq - 3 8,0.5100
rnbqkb1r/pp3ppp/1n2p3/3pP3/3p1P2/8/PPP1NBPP/R2QKBNR w KQkq - 0 9,0.4800
rnbqkb1r/pp3ppp/1n2p3/3pP3/3N1P2/8/PPP2BPP/R2QKBNR b KQkq - 0 9,0.4400
rnbqkb1r/pp3ppp/4p3/3pP3/n2N1P2/8/PPP2BPP/R2QKBNR w KQkq - 1 10,0.4600
rnbqkb1r/pp3ppp/4p3/3pP3/n2N1P2/8/PPP2BPP/R1Q1KBNR b KQkq - 2 10,0.4600
rn1qkb1r/pp1b1ppp/4p3/3pP3/n2N1P2/8/PPP2BPP/R1Q1KBNR w KQkq - 3 11,0.4600
rn1qkb1r/pp1b1ppp/4p3/3pP3/n2N1P2/2P5/PP3BPP/R1Q1KBNR b KQkq - 0 11,0.5100
rn1qkb1r/pp1b1ppp/4p3/2npP3/3N1P2/2P5/PP3BPP/R1Q1KBNR w KQkq - 1 12,0.5400
rn1qkb1r/pp1b1ppp/4p3/2npP3/3N1P2/2P2N2/PP3BPP/R1Q1KB1R b KQkq - 2 12,0.5300
rn1qkb1r/1p1b1ppp/p3p3/2npP3/3N1P2/2P2N2/PP3BPP/R1Q1KB1R w KQkq - 0 13,0.5500
rn1qkb1r/1p1b1ppp/p3p3/2npP3/5P2/1NP2N2/PP3BPP/R1Q1KB1R b KQkq - 1 13,0.6100
rn2kb1r/1pqb1ppp/p3p3/2npP3/5P2/1NP2N2/PP3BPP/R1Q1KB1R w KQkq - 2 14,0.5000
rn2kb1r/1pqb1ppp/p3p3/2npP3/5P2/1NP2N2/PP2BBPP/R1Q1K2R b KQkq - 3 14,0.5000
rn2kb1r/1pqb1ppp/p3p3/3pP3/4nP2/1NP2N2/PP2BBPP/R1Q1K2R w KQkq - 4 15,0.5200
rn2kb1r/1pqb1ppp/p3p3/3pP3/3BnP2/1NP2N2/PP2B1PP/R1Q1K2R b KQkq - 5 15,0.3000
rn2kb1r/1pq2ppp/p3p3/1b1pP3/3BnP2/1NP2N2/PP2B1PP/R1Q1K2R w KQkq - 6 16,0.4300
rn2kb1r/1pq2ppp/p3p3/1b1pP3/3BnP2/1NP1QN2/PP2B1PP/R3K2R b KQkq - 7 16,0.0200
r3kb1r/1pqn1ppp/p3p3/1b1pP3/3BnP2/1NP1QN2/PP2B1PP/R3K2R w KQkq - 8 17,0.5500
r3kb1r/1pqn1ppp/p3p3/1B1pP3/3BnP2/1NP1QN2/PP4PP/R3K2R b KQkq - 0 17,0.5700
r3kb1r/1pqn1ppp/4p3/1p1pP3/3BnP2/1NP1QN2/PP4PP/R3K2R w KQkq - 0 18,0.6000
r3kb1r/1pqn1ppp/4p3/1p1pP3/3BnP2/2P1QN2/PP1N2PP/R3K2R b KQkq - 1 18,0.4000
r3kb1r/1pqn1ppp/4p3/3pP3/1p1BnP2/2P1QN2/PP1N2PP/R3K2R w KQkq - 0 19,0.8400
r3kb1r/1pqn1ppp/4p3/3pP3/1p1BnP2/2P1QN2/PP1N2PP/R4RK1 b kq - 1 19,0.1700
r3kb1r/1pqn1ppp/4p3/3pP3/1p1B1P2/2P1QN2/PP1n2PP/R4RK1 w kq - 0 20,0.3100
r3kb1r/1pqn1ppp/4p3/3pPP2/1p1B4/2P1QN2/PP1n2PP/R4RK1 b kq - 0 20,-2.7800
r3kb1r/1pqn1ppp/4p3/3pPP2/1p1Bn3/2P1QN2/PP4PP/R4RK1 w kq - 1 21,-2.2500
r3kb1r/1pqn1ppp/4p3/3pPP2/1P1Bn3/4QN2/PP4PP/R4RK1 b kq - 0 21,-2.5600
r2qkb1r/1p1n1ppp/4p3/3pPP2/1P1Bn3/4QN2/PP4PP/R4RK1 w kq - 1 22,-2.0000
r2qkb1r/1p1n1ppp/4p3/3pPP2/1P1Bn3/4QN2/PP4PP/2R2RK1 b kq - 2 22,-2.8200
r2qk2r/1p1n1ppp/4p3/3pPP2/1b1Bn3/4QN2/PP4PP/2R2RK1 w kq - 0 23,-2.5700
r2qk2r/1p1n1ppp/4p3/3pPP2/1b1Bn3/P3QN2/1P4PP/2R2RK1 b kq - 0 23,-2.7000
r2qkb1r/1p1n1ppp/4p3/3pPP2/3Bn3/P3QN2/1P4PP/2R2RK1 w kq - 1 24,-1.7300
r2qkb1r/1p1n1ppp/4p3/3pPP2/1P1Bn3/P3QN2/6PP/2R2RK1 b kq - 0 24,-2.5000
r2qkb1r/1p1n1p1p/4p1p1/3pPP2/1P1Bn3/P3QN2/6PP/2R2RK1 w kq - 0 25,-2.0000
r2qkb1r/1p1n1p1p/4P1p1/3pP3/1P1Bn3/P3QN2/6PP/2R2RK1 b kq - 0 25,-1.9400
r2qkb1r/1p1n3p/4P1p1/3pPp2/1P1Bn3/P3QN2/6PP/2R2RK1 w kq f6 0 26,4.8600
rnbqkbnr/pp1ppp1p/6p1/2p5/3PP3/5N2/PPP2PPP/RNBQKB1R b KQkq - 0 3,0.4600
rnbqkbnr/p2ppp1p/1p4p1/2p5/3PP3/5N2/PPP2PPP/RNBQKB1R w KQkq - 0 4,1.1100
rnbqkbnr/p2ppp1p/1p4p1/2p5/3PP3/2N2N2/PPP2PPP/R1BQKB1R b KQkq - 1 4,1.1000
rnbqkbnr/p2ppp1p/1p4p1/8/3pP3/2N2N2/PPP2PPP/R1BQKB1R w KQkq - 0 5,1.6800
rnbqkbnr/p2ppp1p/1p4p1/8/3NP3/2N5/PPP2PPP/R1BQKB1R b KQkq - 0 5,0.9600
rnbqk1nr/p2pppbp/1p4p1/8/3NP3/2N5/PPP2PPP/R1BQKB1R w KQkq - 1 6,0.9200
rnbqk1nr/p2pppbp/1p4p1/8/3NPP2/2N5/PPP3PP/R1BQKB1R b KQkq - 0 6,0.5700
rnbqk1nr/p3ppbp/1p1p2p1/8/3NPP2/2N5/PPP3PP/R1BQKB1R w KQkq - 0 7,0.9500
rnbqk1nr/p3ppbp/1p1p2p1/8/3NPPP1/2N5/PPP4P/R1BQKB1R b KQkq - 0 7,0.6300
rn1qk1nr/pb2ppbp/1p1p2p1/8/3NPPP1/2N5/PPP4P/R1BQKB1R w KQkq - 1 8,1.2200
rn1qk1nr/pb2ppbp/1p1p2p1/6P1/3NPP2/2N5/PPP4P/R1BQKB1R b KQkq - 0 8,1.2200
rn1qk1nr/1b2ppbp/pp1p2p1/6P1/3NPP2/2N5/PPP4P/R1BQKB1R w KQkq - 0 9,1.2300
rn1qk1nr/1b2ppbp/pp1p2p1/6P1/3NPP2/2N5/PPP3BP/R1BQK2R b KQkq - 1 9,0.9200
rn1qk1nr/1b2ppb1/pp1p2pp/6P1/3NPP2/2N5/PPP3BP/R1BQK2R w KQkq - 0 10,0.8300
rn1qk1nr/1b2ppb1/pp1p2pp/5PP1/3NP3/2N5/PPP3BP/R1BQK2R b KQkq - 0 10,0.7000
rn1qk1nr/1b2ppb1/pp1p2p1/5Pp1/3NP3/2N5/PPP3BP/R1BQK2R w KQkq - 0 11,1.6100
rn1qk1nr/1b2ppb1/pp1p2p1/5Pp1/3NP2P/2N5/PPP3B1/R1BQK2R b KQkq - 0 11,0.2100
rn1qk1nr/1b2ppb1/pp1p4/5pp1/3NP2P/2N5/PPP3B1/R1BQK2R w KQkq - 0 12,0.0400
rn1qk1nr/1b2ppb1/pp1p4/5Np1/4P2P/2N5/PPP3B1/R1BQK2R b KQkq - 0 12,0.0200
rn1qk1nr/1b2pp2/pp1p4/4bNp1/4P2P/2N5/PPP3B1/R1BQK2R w KQkq - 1 13,0.7000
rn1qk1nr/1b2pp2/pp1p4/4bNB1/4P2P/2N5/PPP3B1/R2QK2R b KQkq - 0 13,0.5800
rn1qk1nr/1b2pp2/pp1p4/5NB1/4P2P/2b5/PPP3B1/R2QK2R w KQkq - 0 14,0.7000
rn1qk1nr/1b2pp2/pp1p4/5N2/4P2P/2b5/PPPB2B1/R2QK2R b KQkq - 1 14,-3.4400
rn1qk1nr/1b2pp2/pp1p4/4bN2/4P2P/8/PPPB2B1/R2QK2R w KQkq - 2 15,-3.4500
rn1qk1nr/1b2pp2/pp1p4/4bN2/4P2P/5Q2/PPPB2B1/R3K2R b KQkq - 3 15,-3.6900
r2qk1nr/1b1npp2/pp1p4/4bN2/4P2P/5Q2/PPPB2B1/R3K2R w KQkq - 4 16,-2.9600
r2qk1nr/1b1npp2/pp1p4/4bN1P/4P3/5Q2/PPPB2B1/R3K2R b KQkq - 0 16,-3.7800
r2qk1nr/1b1n1p2/pp1pp3/4bN1P/4P3/5Q2/PPPB2B1/R3K2R w KQkq - 0 17,-3.6100
r2qk1nr/1b1n1p2/pp1pp2P/4bN2/4P3/5Q2/PPPB2B1/R3K2R b KQkq - 0 17,-3.8500
r3k1nr/1b1n1p2/pp1ppq1P/4bN2/4P3/5Q2/PPPB2B1/R3K2R w KQkq - 1 18,-3.5200
r3k1nr/1b1n1p1P/pp1ppq2/4bN2/4P3/5Q2/PPPB2B1/R3K2R b KQkq - 0 18,-4.1100
r3k1nr/3n1p1P/ppbppq2/4bN2/4P3/5Q2/PPPB2B1/R3K2R w KQkq - 1 19,-2.5900
r3k1Nr/3n1p2/ppbppq2/4bN2/4P3/5Q2/PPPB2B1/R3K2R b KQkq - 0 19,-3.1000
r3k1Nr/3n1p2/ppbpp3/4bq2/4P3/5Q2/PPPB2B1/R3K2R w KQkq - 0 20,2.7200
r3k1Nr/3n1p2/ppbpp3/4bQ2/4P3/8/PPPB2B1/R3K2R b KQkq - 0 20,-1.7700
r3k1N1/3n1p2/ppbpp3/4bQ2/4P3/8/PPPB2B1/R3K2r w Qq - 0 21,-1.7000
r3k1N1/3n1p2/ppbpp3/4bQ2/4P3/8/PPPB1KB1/R6r b q - 1 21,-2.6300
r3k1N1/3n1p2/ppbpp3/5Q2/3bP3/8/PPPB1KB1/R6r w q - 2 22,-2.3000
r3k1N1/3n1p2/ppbpp3/5Q2/3bP3/6K1/PPPB2B1/R6r b q - 3 22,-2.3800
r3k1N1/3n1p2/ppbp4/5p2/3bP3/6K1/PPPB2B1/R6r w q - 0 23,-2.3600
r3k1N1/3n1p2/ppbp4/5p2/3bP3/6K1/PPPB2B1/7R b q - 0 23,-2.2300
r3k1N1/3n1p2/pp1p4/5p2/3bb3/6K1/PPPB2B1/7R w q - 0 24,-2.0900
r3k3/3n1p2/pp1p3N/5p2/3bb3/6K1/PPPB2B1/7R b q - 1 24,-2.8800
2r1k3/3n1p2/pp1p3N/5p2/3bb3/6K1/PPPB2B1/7R w - - 2 25,-2.1600
2r1k3/3n1p2/pp1p3N/5p2/3bb3/2P3K1/PP1B2B1/7R b - - 0 25,-2.7400
2r1k3/3n1p2/pp1p1b1N/5p2/4b3/2P3K1/PP1B2B1/7R w - - 1 26,-1.4500
2r1k3/3n1p2/pp1p1b1N/5p2/4b3/2P1B1K1/PP4B1/7R b - - 2 26,-2.1700
2r1k3/3n1p2/pp1p3N/4bp2/4b3/2P1B1K1/PP4B1/7R w - - 3 27,-2.2700
2r1k3/3n1p2/pp1p3N/4bp2/4bB2/2P3K1/PP4B1/7R b - - 4 27,-4.0700
2r1k3/3n1p2/pp1p3N/4bp2/5B2/2P3K1/PP4b1/7R w - - 0 28,-4.1600
2r1k3/3n1p2/pp1p3N/4bp2/5B1R/2P3K1/PP4b1/8 b - - 1 28,-4.3900
2r1k3/3n1p2/pp1p3N/5p2/5b1R/2P3K1/PP4b1/8 w - - 0 29,-5.0500
2r1k3/3n1p2/pp1p3N/5p2/5b1R/2P5/PP3Kb1/8 b - - 1 29,-6.8500
2r1k3/3n1p2/pp1p3N/5p2/4bb1R/2P5/PP3K2/8 w - - 2 30,-6.2300
2r1k3/3n1p2/pp1p3N/5p2/2P1bb1R/8/PP3K2/8 b - - 0 30,-7.2000
2r1k3/3n1p2/pp1p3b/5p2/2P1b2R/8/PP3K2/8 w - - 0 31,-7.1800
2r1k3/3n1p2/pp1p3b/5p2/1PP1b2R/8/P4K2/8 b - - 0 31,-8.2100
2r1k3/5p2/pp1p3b/4np2/1PP1b2R/8/P4K2/8 w - - 1 32,-8.0500
2r1k3/5p2/pp1p3b/1P2np2/2P1b2R/8/P4K2/8 b - - 0 32,-8.2800
2r5/3k1p2/pp1p3b/1P2np2/2P1b2R/8/P4K2/8 w - - 1 33,-8.0400
2r5/3k1p2/pp1p3R/1P2np2/2P1b3/8/P4K2/8 b - - 0 33,-8.2200
rnbqkb1r/pppp1ppp/4pn2/8/2PP4/5N2/PP2PPPP/RNBQKB1R b KQkq - 0 3,0.2900
rnbqk2r/ppppbppp/4pn2/8/2PP4/5N2/PP2PPPP/RNBQKB1R w KQkq - 1 4,0.4100
rnbqk2r/ppppbppp/4pn2/8/2PP4/2N2N2/PP2PPPP/R1BQKB1R b KQkq - 2 4,0.4300
rnbqk2r/pppp1ppp/4pn2/8/1bPP4/2N2N2/PP2PPPP/R1BQKB1R w KQkq - 3 5,0.6500
rnbqk2r/pppp1ppp/4pn2/6B1/1bPP4/2N2N2/PP2PPPP/R2QKB1R b KQkq - 4 5,0.6900
rnbqk2r/pppp1pp1/4pn1p/6B1/1bPP4/2N2N2/PP2PPPP/R2QKB1R w KQkq - 0 6,0.6700
rnbqk2r/pppp1pp1/4pB1p/8/1bPP4/2N2N2/PP2PPPP/R2QKB1R b KQkq - 0 6,0.1600
rnbqk2r/pppp1pp1/4pB1p/8/2PP4/2b2N2/PP2PPPP/R2QKB1R w KQkq - 0 7,0.1600
rnbqk2r/pppp1pp1/4pB1p/8/2PP4/2b2N2/PP1QPPPP/R3KB1R b KQkq - 1 7,-6.9100
rnbqk2r/ppp2pp1/3ppB1p/8/2PP4/2b2N2/PP1QPPPP/R3KB1R w KQkq - 0 8,0.1800
rnbBk2r/ppp2pp1/3pp2p/8/2PP4/2b2N2/PP1QPPPP/R3KB1R b KQkq - 0 8,-0.0400
rnbBk2r/ppp2pp1/3pp2p/8/2PP4/5N2/PP1bPPPP/R3KB1R w KQkq - 0 9,-0.0200
rnbBk2r/ppp2pp1/3pp2p/8/2PP4/5N2/PP1bPPPP/R2K1B1R b kq - 1 9,-0.2200
rnbB3r/pppk1pp1/3pp2p/8/2PP4/5N2/PP1bPPPP/R2K1B1R w - - 2 10,1.6400
rnb4r/pppk1pp1/3ppB1p/8/2PP4/5N2/PP1bPPPP/R2K1B1R b - - 3 10,-0.0400
rnb4r/pppk1pp1/3ppB1p/8/2PP4/4bN2/PP2PPPP/R2K1B1R w - - 4 11,0.9300
rnb4r/pppk1pB1/3pp2p/8/2PP4/4bN2/PP2PPPP/R2K1B1R b - - 0 11,0.9700
rnb4r/ppp1kpB1/3pp2p/8/2PP4/4bN2/PP2PPPP/R2K1B1R w - - 1 12,4.8100
rnb4B/ppp1kp2/3pp2p/8/2PP4/4bN2/PP2PPPP/R2K1B1R b - - 0 12,5.1300
rn5B/pppbkp2/3pp2p/8/2PP4/4bN2/PP2PPPP/R2K1B1R w - - 1 13,6.5100
rn6/pppbkp2/3pp2p/4B3/2PP4/4bN2/PP2PPPP/R2K1B1R b - - 2 13,4.8100
r7/pppbkp2/2npp2p/4B3/2PP4/4bN2/PP2PPPP/R2K1B1R w - - 3 14,5.8900
r7/pppbkp2/2nppB1p/8/2PP4/4bN2/PP2PPPP/R2K1B1R b - - 4 14,5.2400
r7/pppb1p2/2nppk1p/8/2PP4/4bN2/PP2PPPP/R2K1B1R w - - 0 15,5.6500
r7/pppb1p2/2nppk1p/8/2PP4/4b3/PP1NPPPP/R2K1B1R b - - 1 15,1.4500
r7/pppb1p2/2nppk1p/8/2PP4/8/PP1bPPPP/R2K1B1R w - - 0 16,2.7800
r7/pppb1p2/2nppk1p/3P4/2P5/8/PP1bPPPP/R2K1B1R b - - 0 16,1.0000
r7/pppb1p2/3ppk1p/3Pn3/2P5/8/PP1bPPPP/R2K1B1R w - - 1 17,1.7400
r7/pppb1p2/3ppk1p/3Pn3/2P5/8/PP1KPPPP/R4B1R b - - 0 17,0.9300
r7/p1pb1p2/3ppk1p/1p1Pn3/2P5/8/PP1KPPPP/R4B1R w - - 0 18,3.3400
r7/p1pb1p2/3ppk1p/1p1Pn3/2P5/1P6/P2KPPPP/R4B1R b - - 0 18,2.7500
r7/p1pb1p2/3p1k1p/1p1pn3/2P5/1P6/P2KPPPP/R4B1R w - - 0 19,3.9200
r7/p1pb1p2/3p1k1p/1p1Pn3/8/1P6/P2KPPPP/R4B1R b - - 0 19,3.9600
r7/p1pb1p2/3p1k1p/3Pn3/1p6/1P6/P2KPPPP/R4B1R w - - 0 20,4.0200
r7/p1pb1p2/3p1k1p/3Pn3/1p6/1P5P/P2KPPP1/R4B1R b - - 0 20,3.9000
r7/p1pb1p2/3p1knp/3P4/1p6/1P5P/P2KPPP1/R4B1R w - - 1 21,4.2400
r7/p1pb1p2/3p1knp/3P4/1p5P/1P6/P2KPPP1/R4B1R b - - 0 21,3.5100
r7/2pb1p2/3p1knp/p2P4/1p5P/1P6/P2KPPP1/R4B1R w - - 0 22,3.5100
r7/2pb1p2/3p1knp/p2P4/1p5P/PP6/3KPPP1/R4B1R b - - 0 22,3.8200
r7/2pb1p2/3p1knp/3P4/pp5P/PP6/3KPPP1/R4B1R w - - 0 23,4.3200
r7/2pb1p2/3p1knp/3P4/Pp5P/P7/3KPPP1/R4B1R b - - 0 23,2.3100
r7/2pb1p2/3p1knp/3P4/P6P/p7/3KPPP1/R4B1R w - - 0 24,4.3100
r7/2pb1p2/3p1knp/3P4/P6P/p5P1/3KPP2/R4B1R b - - 0 24,2.0400
8/2pb1p2/3p1knp/3P4/r6P/p5P1/3KPP2/R4B1R w - - 0 25,2.1800
8/2pb1p2/3p1knp/3P4/r6P/p5P1/3KPPB1/R6R b - - 1 25,2.2800
8/2p2p2/3p1knp/1b1P4/r6P/p5P1/3KPPB1/R6R w - - 2 26,2.1500
8/2p2p2/3p1knp/1b1P4/r6P/p5P1/3KPPB1/RR6 b - - 3 26,2.2200
8/2p2p2/3p1knp/rb1P4/7P/p5P1/3KPPB1/RR6 w - - 4 27,2.5700
8/2p2p2/3p1knp/rb1P4/7P/p5P1/3KPPB1/R1R5 b - - 5 27,2.5800
8/2p2p2/3p1kn1/rb1P3p/7P/p5P1/3KPPB1/R1R5 w - - 0 28,3.2200
8/2p2p2/3p1kn1/rb1P3p/5P1P/p5P1/3KP1B1/R1R5 b - - 0 28,2.8000
8/2p2p2/3p1kn1/1b1P3p/r4P1P/p5P1/3KP1B1/R1R5 w - - 1 29,3.6500
8/2p2p2/3p1kn1/1b1P3p/r4P1P/p1R3P1/3KP1B1/R7 b - - 2 29,3.1400
8/2p2p2/3p1kn1/1b1P3p/r4P1P/2R3P1/p2KP1B1/R7 w - - 0 30,2.9700
8/2R2p2/3p1kn1/1b1P3p/r4P1P/6P1/p2KP1B1/R7 b - - 0 30,3.2900
8/2R2p2/3p1kn1/3P3p/r1b2P1P/6P1/p2KP1B1/R7 w - - 1 31,3.6300
8/2R2p2/3p1kn1/3P3p/r1b2P1P/5BP1/p2KP3/R7 b - - 2 31,2.8900
8/2R2p2/3p1kn1/3P3p/1rb2P1P/5BP1/p2KP3/R7 w - - 3 32,3.5400
8/2R2p2/3p1kn1/3P3p/1rb1BP1P/6P1/p2KP3/R7 b - - 4 32,3.3200
8/2R2pk1/3p2n1/3P3p/1rb1BP1P/6P1/p2KP3/R7 w - - 5 33,5.1000
8/2R2pk1/3p2n1/3P3p/1rb1BP1P/4K1P1/p3P3/R7 b - - 6 33,3.1300
5n2/2R2pk1/3p4/3P3p/1rb1BP1P/4K1P1/p3P3/R7 w - - 7 34,3.3600
5n2/R4pk1/3p4/3P3p/1rb1BP1P/4K1P1/p3P3/R7 b - - 8 34,2.9600
5n2/R4pk1/3p4/3P3p/1r2BP1P/1b2K1P1/p3P3/R7 w - - 9 35,3.6300
5n2/5pk1/R2p4/3P3p/1r2BP1P/1b2K1P1/p3P3/R7 b - - 10 35,2.3900
5n2/1r3pk1/R2p4/3P3p/4BP1P/1b2K1P1/p3P3/R7 w - - 11 36,3.1900
rnbqkb1r/ppp1pppp/5n2/3p4/2PP4/5N2/PP2PPPP/RNBQKB1R b KQkq - 0 3,0.2900
rnbqkb1r/pp2pppp/2p2n2/3p4/2PP4/5N2/PP2PPPP/RNBQKB1R w KQkq - 0 4,0.3100
rnbqkb1r/pp2pppp/2p2n2/3P4/3P4/5N2/PP2PPPP/RNBQKB1R b KQkq - 0 4,0.1500
rnbqkb1r/pp2pppp/5n2/3p4/3P4/5N2/PP2PPPP/RNBQKB1R w KQkq - 0 5,0.1300
rnbqkb1r/pp2pppp/5n2/3p4/3P4/5N2/PP1BPPPP/RN1QKB1R b KQkq - 1 5,0.1000
rn1qkb1r/pp1bpppp/5n2/3p4/3P4/5N2/PP1BPPPP/RN1QKB1R w KQkq - 2 6,0.1100
rn1qkb1r/pp1bpppp/5n2/3p4/3P4/4PN2/PP1B1PPP/RN1QKB1R b KQkq - 0 6,0.1100
rn1qkb1r/pp1bpppp/8/3p4/3Pn3/4PN2/PP1B1PPP/RN1QKB1R w KQkq - 1 7,0.1400
rn1qkb1r/pp1bpppp/8/3pN3/3Pn3/4P3/PP1B1PPP/RN1QKB1R b KQkq - 2 7,0.1300
rn1qkb1r/pp1bpppp/8/3pN3/3P4/4P3/PP1n1PPP/RN1QKB1R w KQkq - 0 8,0.2100
rn1qkb1r/pp1Npppp/8/3p4/3P4/4P3/PP1n1PPP/RN1QKB1R b KQkq - 0 8,-0.0400
rn1qkb1r/pp1Npppp/8/3p4/3P4/4P3/PP3PPP/Rn1QKB1R w KQkq - 0 9,0.0400
rN1qkb1r/pp2pppp/8/3p4/3P4/4P3/PP3PPP/Rn1QKB1R b KQkq - 0 9,0.0300
rN2kb1r/pp2pppp/8/q2p4/3P4/4P3/PP3PPP/Rn1QKB1R w KQkq - 1 10,0.1300
rN2kb1r/pp2pppp/8/q2p4/3P4/4P3/PP1Q1PPP/Rn2KB1R b KQkq - 2 10,-10.0000
rN2kb1r/pp2pppp/8/3p4/q2P4/4P3/PP1Q1PPP/Rn2KB1R w KQkq - 3 11,0.3400
rN2kb1r/pp2pppp/8/3p4/q2P4/4P3/PP3PPP/RnQ1KB1R b KQkq - 4 11,-0.0500
rN2kb1r/pp2pppp/8/3p4/1q1P4/4P3/PP3PPP/RnQ1KB1R w KQkq - 5 12,0.1300
rN2kb1r/pp2pppp/8/3p4/1q1P4/2Q1P3/PP3PPP/Rn2KB1R b KQkq - 6 12,-7.4400
rN2kb1r/pp3ppp/4p3/3p4/1q1P4/2Q1P3/PP3PPP/Rn2KB1R w KQkq - 0 13,0.0900
rN2kb1r/pp3ppp/4p3/1B1p4/1q1P4/2Q1P3/PP3PPP/Rn2K2R b KQkq - 1 13,0.0600
rN1k1b1r/pp3ppp/4p3/1B1p4/1q1P4/2Q1P3/PP3PPP/Rn2K2R w KQ - 2 14,0.0100
rN1k1b1r/pp3ppp/4p3/1B1p4/1q1P4/2Q1P3/PP3PPP/1R2K2R b K - 0 14,-3.9100
rN1k1b1r/pp3ppp/4p3/1q1p4/3P4/2Q1P3/PP3PPP/1R2K2R w K - 0 15,-3.9800
rN1k1b1r/pp3ppp/4p3/1q1p4/3P4/2Q1P3/PP3PPP/2R1K2R b K - 1 15,-6.5700
rN1k1b1r/pp3ppp/4p3/3p4/1q1P4/2Q1P3/PP3PPP/2R1K2R w K - 2 16,-4.0700
r2k1b1r/pp3ppp/2N1p3/3p4/1q1P4/2Q1P3/PP3PPP/2R1K2R b K - 3 16,-4.4100
r4b1r/pp1k1ppp/2N1p3/3p4/1q1P4/2Q1P3/PP3PPP/2R1K2R w K - 4 17,6.7400
r4b1r/pp1k1ppp/4p3/3pN3/1q1P4/2Q1P3/PP3PPP/2R1K2R b K - 5 17,0.5200
r4b1r/pp2kppp/4p3/3pN3/1q1P4/2Q1P3/PP3PPP/2R1K2R w K - 6 18,8.9800
r4b1r/pp2kppp/4p1N1/3p4/1q1P4/2Q1P3/PP3PPP/2R1K2R b K - 7 18,3.5300
r3kb1r/pp3ppp/4p1N1/3p4/1q1P4/2Q1P3/PP3PPP/2R1K2R w K - 8 19,3.6500
r3kN1r/pp3ppp/4p3/3p4/1q1P4/2Q1P3/PP3PPP/2R1K2R b K - 0 19,1.8800
r3kN1r/pp3ppp/1q2p3/3p4/3P4/2Q1P3/PP3PPP/2R1K2R w K - 1 20,2.7500
r3k2r/pp3ppp/1q2N3/3p4/3P4/2Q1P3/PP3PPP/2R1K2R b K - 0 20,2.5500
r3k2r/pp3ppp/4q3/3p4/3P4/2Q1P3/PP3PPP/2R1K2R w K - 0 21,3.2500
r3k2r/pp3ppp/4q3/3p4/3P4/Q3P3/PP3PPP/2R1K2R b K - 1 21,2.5500
r3k2r/pp1q1ppp/8/3p4/3P4/Q3P3/PP3PPP/2R1K2R w K - 2 22,2.6700
r3k2r/pp1q1ppp/8/3p4/3P4/Q3P2P/PP3PP1/2R1K2R b K - 0 22,2.0300
r3k2r/pp1q1p1p/6p1/3p4/3P4/Q3P2P/PP3PP1/2R1K2R w K - 0 23,3.6800
r3k2r/pp1q1p1p/6p1/3p4/3P4/Q3P2P/PPR2PP1/4K2R b K - 1 23,2.8100
r3k2r/pp1q1p2/6p1/3p3p/3P4/Q3P2P/PPR2PP1/4K2R w K - 0 24,3.6900
r3k2r/pp1q1p2/6p1/3p3p/3P4/Q3P2P/PP3PP1/2R1K2R b K - 1 24,2.3100
r3k2r/1p1q1p2/p5p1/3p3p/3P4/Q3P2P/PP3PP1/2R1K2R w K - 0 25,2.6300
r3k2r/1p1q1p2/p5p1/2Qp3p/3P4/4P2P/PP3PP1/2R1K2R b K - 1 25,2.5100
3rk2r/1p1q1p2/p5p1/2Qp3p/3P4/4P2P/PP3PP1/2R1K2R w K - 2 26,2.9400
3rk2r/1p1q1p2/p5p1/2Qp3p/3P4/P3P2P/1P3PP1/2R1K2R b K - 0 26,2.3400
3rk2r/1p1q4/p5p1/2Qp1p1p/3P4/P3P2P/1P3PP1/2R1K2R w K - 0 27,3.5700
3rk2r/1p1q4/pQ4p1/3p1p1p/3P4/P3P2P/1P3PP1/2R1K2R b K - 1 27,3.4200
3rk2r/1p1q4/pQ6/3p1ppp/3P4/P3P2P/1P3PP1/2R1K2R w K - 0 28,4.3900
3rk2r/1pRq4/pQ6/3p1ppp/3P4/P3P2P/1P3PP1/4K2R b K - 1 28,4.3600
3rk2r/1pR5/pQ1q4/3p1ppp/3P4/P3P2P/1P3PP1/4K2R w K - 2 29,4.2800
3rk2r/1pR5/p2Q4/3p1ppp/3P4/P3P2P/1P3PP1/4K2R b K - 0 29,4.0400
3rk3/1pR4r/p2Q4/3p1ppp/3P4/P3P2P/1P3PP1/4K2R w K - 1 30,10.0000
3rk3/1pR4r/p5Q1/3p1ppp/3P4/P3P2P/1P3PP1/4K2R b K - 2 30,10.0000
3rk3/1pR2r2/p5Q1/3p1ppp/3P4/P3P2P/1P3PP1/4K2R w K - 3 31,10.0000
3rk3/1pR2r2/p3Q3/3p1ppp/3P4/P3P2P/1P3PP1/4K2R b K - 4 31,10.0000
3rk3/1pR1r3/p3Q3/3p1ppp/3P4/P3P2P/1P3PP1/4K2R w K - 5 32,10.0000
3rk3/1p2R3/p3Q3/3p1ppp/3P4/P3P2P/1P3PP1/4K2R b K - 0 32,10.0000
3r1k2/1p2R3/p3Q3/3p1ppp/3P4/P3P2P/1P3PP1/4K2R w K - 1 33,10.0000
rnbqkbnr/pp1ppp1p/6p1/2p5/P3P3/5N2/1PPP1PPP/RNBQKB1R b KQkq - 0 3,0.3800
r1bqkbnr/pp1ppp1p/2n3p1/2p5/P3P3/5N2/1PPP1PPP/RNBQKB1R w KQkq - 1 4,0.1600
r1bqkbnr/pp1ppp1p/2n3p1/1Bp5/P3P3/5N2/1PPP1PPP/RNBQK2R b KQkq - 2 4,0.1000
r1bqk1nr/pp1pppbp/2n3p1/1Bp5/P3P3/5N2/1PPP1PPP/RNBQK2R w KQkq - 3 5,0.0900
r1bqk1nr/pp1pppbp/2n3p1/1Bp5/P3P3/2N2N2/1PPP1PPP/R1BQK2R b KQkq - 4 5,-0.1200
r1bqk1nr/1p1pppbp/p1n3p1/1Bp5/P3P3/2N2N2/1PPP1PPP/R1BQK2R w KQkq - 0 6,-0.0700
r1bqk1nr/1p1pppbp/p1n3p1/2p5/P3P3/2N2N2/1PPPBPPP/R1BQK2R b KQkq - 1 6,-0.6600
1rbqk1nr/1p1pppbp/p1n3p1/2p5/P3P3/2N2N2/1PPPBPPP/R1BQK2R w KQk - 2 7,-0.4400
1rbqk1nr/1p1pppbp/p1n3p1/2p5/P3P3/2NP1N2/1PP1BPPP/R1BQK2R b KQk - 0 7,-0.3400
1rbqk1nr/1p2ppbp/p1np2p1/2p5/P3P3/2NP1N2/1PP1BPPP/R1BQK2R w KQk - 0 8,-0.3400
1rbqk1nr/1p2ppbp/p1np2p1/2pN4/P3P3/3P1N2/1PP1BPPP/R1BQK2R b KQk - 1 8,-0.3200
1rbqk1nr/1p3pbp/p1npp1p1/2pN4/P3P3/3P1N2/1PP1BPPP/R1BQK2R w KQk - 0 9,-0.4000
1rbqk1nr/1p3pbp/p1npp1p1/2p5/P3P3/3PNN2/1PP1BPPP/R1BQK2R b KQk - 1 9,-0.3600
1rbqk2r/1p3pbp/p1nppnp1/2p5/P3P3/3PNN2/1PP1BPPP/R1BQK2R w KQk - 2 10,-0.4100
1rbqk2r/1p3pbp/p1nppnp1/2p5/P3P3/2PPNN2/1P2BPPP/R1BQK2R b KQk - 0 10,-0.3200
1rbq1rk1/1p3pbp/p1nppnp1/2p5/P3P3/2PPNN2/1P2BPPP/R1BQK2R w KQ - 1 11,-0.2600
1rbq1rk1/1p3pbp/p1nppnp1/2p5/P3P3/2PPNN1P/1P2BPP1/R1BQK2R b KQ - 0 11,-0.3800
1rbq1rk1/5pbp/p1nppnp1/1pp5/P3P3/2PPNN1P/1P2BPP1/R1BQK2R w KQ - 0 12,-0.2200
1rbq1rk1/5pbp/p1nppnp1/1pp5/P3P3/2PPNN1P/1P2BPP1/R1BQ1RK1 b - - 1 12,-0.5900
1rbq1rk1/5pb1/p1nppnp1/1pp4p/P3P3/2PPNN1P/1P2BPP1/R1BQ1RK1 w - - 0 13,0.0200
1rbq1rk1/5pb1/p1nppnp1/1Pp4p/4P3/2PPNN1P/1P2BPP1/R1BQ1RK1 b - - 0 13,0.0500
2bq1rk1/5pb1/p1nppnp1/1rp4p/4P3/2PPNN1P/1P2BPP1/R1BQ1RK1 w - - 0 14,0.5700
2bq1rk1/5pb1/p1nppnp1/1rp4p/2N1P3/2PP1N1P/1P2BPP1/R1BQ1RK1 b - - 1 14,0.5200
2bq1rk1/5pb1/p1np1np1/1rp1p2p/2N1P3/2PP1N1P/1P2BPP1/R1BQ1RK1 w - - 0 15,0.8000
2bq1rk1/5pb1/p1np1np1/1rp1p2p/2N1P3/2PP1N1P/1P2BPP1/R1BQR1K1 b - - 1 15,0.7400
2b2rk1/2q2pb1/p1np1np1/1rp1p2p/2N1P3/2PP1N1P/1P2BPP1/R1BQR1K1 w - - 2 16,0.8500
2b2rk1/2q2pb1/p1np1np1/1rp1p2p/2N1P3/2PP1N1P/1PQ1BPP1/R1B1R1K1 b - - 3 16,0.7600
2b2rk1/2q2pb1/p2p1np1/nrp1p2p/2N1P3/2PP1N1P/1PQ1BPP1/R1B1R1K1 w - - 4 17,0.7300
2b2rk1/2q2pb1/p2p1np1/nrp1p2p/2N1P3/2PP3P/1PQNBPP1/R1B1R1K1 b - - 5 17,0.5100
5rk1/2q2pb1/p2pbnp1/nrp1p2p/2N1P3/2PP3P/1PQNBPP1/R1B1R1K1 w - - 6 18,0.3700
5rk1/2q2pb1/p2pbnp1/nrp1p2p/2N1P3/2PP3P/1PQ1BPP1/R1B1RNK1 b - - 7 18,0.2700
5r1k/2q2pb1/p2pbnp1/nrp1p2p/2N1P3/2PP3P/1PQ1BPP1/R1B1RNK1 w - - 8 19,0.4000
5r1k/2q2pb1/p2pbnp1/nrp1p1Bp/2N1P3/2PP3P/1PQ1BPP1/R3RNK1 b - - 9 19,0.2000
5r1k/2q2pb1/p2pb1p1/nrp1p1Bp/2N1n3/2PP3P/1PQ1BPP1/R3RNK1 w - - 0 20,0.4700
5r1k/2q2pb1/p2pb1p1/nrp1p2p/2N1n3/2PPB2P/1PQ1BPP1/R3RNK1 b - - 1 20,-1.0300
1r3r1k/2q2pb1/p2pb1p1/n1p1p2p/2N1n3/2PPB2P/1PQ1BPP1/R3RNK1 w - - 2 21,3.2600
1r3r1k/2q2pb1/p2pb1p1/N1p1p2p/4n3/2PPB2P/1PQ1BPP1/R3RNK1 b - - 0 21,3.5000
1r3r1k/2q2pb1/p2pbnp1/N1p1p2p/8/2PPB2P/1PQ1BPP1/R3RNK1 w - - 1 22,3.3100
1r3r1k/2q2pb1/p2pbnp1/N1p1p2p/8/2PPB1NP/1PQ1BPP1/R3R1K1 b - - 2 22,2.5900
1r3r1k/2q2pb1/p2pb1p1/N1pnp2p/8/2PPB1NP/1PQ1BPP1/R3R1K1 w - - 3 23,3.1500
1r3r1k/2q2pb1/p2pb1p1/N1pnp1Bp/8/2PP2NP/1PQ1BPP1/R3R1K1 b - - 4 23,2.5700
1r3r1k/2q3b1/p2pbpp1/N1pnp1Bp/8/2PP2NP/1PQ1BPP1/R3R1K1 w - - 0 24,3.1400
1r3r1k/2q3b1/p2pbpp1/N1pnp2p/8/2PP2NP/1PQBBPP1/R3R1K1 b - - 1 24,3.0600
1r3rbk/2q3b1/p2p1pp1/N1pnp2p/8/2PP2NP/1PQBBPP1/R3R1K1 w - - 2 25,3.2400
1r3rbk/2q3b1/p2p1pp1/N1pnp2p/8/2PP2NP/1P1BBPP1/R1Q1R1K1 b - - 3 25,3.5200
1r3rbk/2q1n1b1/p2p1pp1/N1p1p2p/8/2PP2NP/1P1BBPP1/R1Q1R1K1 w - - 4 26,3.3200
1r3rbk/2q1n1b1/p2p1pp1/N1p1p2p/8/1PPP2NP/3BBPP1/R1Q1R1K1 b - - 0 26,2.7800
1r3r1k/2q1n1b1/p2pbpp1/N1p1p2p/8/1PPP2NP/3BBPP1/R1Q1R1K1 w - - 1 27,3.5300
1r3r1k/2q1n1b1/p2pbpp1/N1p1p2p/1P6/2PP2NP/3BBPP1/R1Q1R1K1 b - - 0 27,3.6500
1r3r1k/2q1n1b1/p2pbpp1/N1p1p3/1P5p/2PP2NP/3BBPP1/R1Q1R1K1 w - - 0 28,3.4700
1r3r1k/2q1n1b1/p2pbpp1/N1p1p3/1P5p/2PP3P/3BBPP1/R1Q1R1KN b - - 1 28,2.7300
1r3r1k/2q1n1b1/p2pbpp1/N3p3/1p5p/2PP3P/3BBPP1/R1Q1R1KN w - - 0 29,2.2200
1r3r1k/2q1n1b1/p2pbpp1/N3p3/1P5p/3P3P/3BBPP1/R1Q1R1KN b - - 0 29,2.3200
2r2r1k/2q1n1b1/p2pbpp1/N3p3/1P5p/3P3P/3BBPP1/R1Q1R1KN w - - 1 30,2.6700
2r2r1k/2q1n1b1/p2pbpp1/N3p3/1P5p/Q2P3P/3BBPP1/R3R1KN b - - 2 30,2.3600
2r2r1k/2q3b1/p2pbpp1/N3pn2/1P5p/Q2P3P/3BBPP1/R3R1KN w - - 3 31,2.1800
2r2r1k/2q3b1/p2pbpp1/N3pn2/1P5p/Q2P3P/3BBPP1/2R1R1KN b - - 4 31,2.0200
2r2r1k/5qb1/p2pbpp1/N3pn2/1P5p/Q2P3P/3BBPP1/2R1R1KN w - - 5 32,2.0600
2r2r1k/5qb1/p2pbpp1/4pn2/1PN4p/Q2P3P/3BBPP1/2R1R1KN b - - 6 32,2.0200
2r2r2/5qbk/p2pbpp1/4pn2/1PN4p/Q2P3P/3BBPP1/2R1R1KN w - - 7 33,2.1900
2r2r2/5qbk/p2pbpp1/4pn2/1PN3Bp/Q2P3P/3B1PP1/2R1R1KN b - - 8 33,2.2700
5r2/5qbk/p1rpbpp1/4pn2/1PN3Bp/Q2P3P/3B1PP1/2R1R1KN w - - 9 34,2.7100
5r2/5qbk/p1rpbpp1/4pn2/1PN3Bp/Q1BP3P/5PP1/2R1R1KN b - - 10 34,1.8600
5r2/3q2bk/p1rpbpp1/4pn2/1PN3Bp/Q1BP3P/5PP1/2R1R1KN w - - 11 35,2.0600
5r2/3q2bk/p1rpbpp1/N3pn2/1P4Bp/Q1BP3P/5PP1/2R1R1KN b - - 12 35,1.7400
5r2/2rq2bk/p2pbpp1/N3pn2/1P4Bp/Q1BP3P/5PP1/2R1R1KN w - - 13 36,1.7100
5r2/2rq2bk/p2pbpp1/N3pn2/1P3PBp/Q1BP3P/6P1/2R1R1KN b - - 0 36,1.6200
2r5/2rq2bk/p2pbpp1/N3pn2/1P3PBp/Q1BP3P/6P1/2R1R1KN w - - 1 37,1.7300
rnbqkb1r/ppp1pppp/5n2/3p4/3P4/4PN2/PPP2PPP/RNBQKB1R b KQkq - 1 3,0.1700
rn1qkb1r/ppp1pppp/5n2/3p1b2/3P4/4PN2/PPP2PPP/RNBQKB1R w KQkq - 2 4,0.3200
rn1qkb1r/ppp1pppp/5n2/3p1b2/3P4/4PN2/PPP1BPPP/RNBQK2R b KQkq - 3 4,0.1900
r2qkb1r/pppnpppp/5n2/3p1b2/3P4/4PN2/PPP1BPPP/RNBQK2R w KQkq - 4 5,0.2700
r2qkb1r/pppnpppp/5n2/3p1b2/3P4/1P2PN2/P1P1BPPP/RNBQK2R b KQkq - 0 5,-0.1900
r2qkb1r/pppnppp1/5n1p/3p1b2/3P4/1P2PN2/P1P1BPPP/RNBQK2R w KQkq - 0 6,0.0700
r2qkb1r/pppnppp1/5n1p/3p1b2/2PP4/1P2PN2/P3BPPP/RNBQK2R b KQkq - 0 6,-0.2500
r2qkb1r/pp1nppp1/2p2n1p/3p1b2/2PP4/1P2PN2/P3BPPP/RNBQK2R w KQkq - 0 7,-0.1600
r2qkb1r/pp1nppp1/2p2n1p/3p1b2/2PP4/1P1BPN2/P4PPP/RNBQK2R b KQkq - 1 7,-0.1800
r2qkb1r/pp1nppp1/2p4p/3p1b2/2PPn3/1P1BPN2/P4PPP/RNBQK2R w KQkq - 2 8,-0.1200
r2qkb1r/pp1nppp1/2p4p/3p1b2/2PPn3/1P1BPN2/P1Q2PPP/RNB1K2R b KQkq - 3 8,-0.1000
r2qkb1r/1p1nppp1/p1p4p/3p1b2/2PPn3/1P1BPN2/P1Q2PPP/RNB1K2R w KQkq - 0 9,0.6800
r2qkb1r/1p1nppp1/p1p4p/3p1b2/2PPn3/BP1BPN2/P1Q2PPP/RN2K2R b KQkq - 1 9,0.2400
r3kb1r/1p1nppp1/p1p4p/q2p1b2/2PPn3/BP1BPN2/P1Q2PPP/RN2K2R w KQkq - 2 10,0.3500
r3kb1r/1p1nppp1/p1p4p/q2p1b2/2PPn3/BP1BPN2/P1Q2PPP/RN3K1R b kq - 3 10,-0.2300
r3kb1r/1p1nppp1/p1p5/q2p1b1p/2PPn3/BP1BPN2/P1Q2PPP/RN3K1R w kq - 0 11,-0.2000
r3kb1r/1p1nppp1/p1p5/q2p1b1p/2PPn3/BP1BPN1P/P1Q2PP1/RN3K1R b kq - 0 11,-0.4800
r3kb1r/1p1nppp1/p1p5/q2p1b2/2PPn2p/BP1BPN1P/P1Q2PP1/RN3K1R w kq - 0 12,-0.2500
r3kb1r/1p1nppp1/p1p5/q2p1b2/2PPn2p/BP1BPN1P/P1Q2PP1/RN4KR b kq - 1 12,-0.7200
r3kb1r/1p2ppp1/p1p2n2/q2p1b2/2PPn2p/BP1BPN1P/P1Q2PP1/RN4KR w kq - 2 13,-0.4600
r3kb1r/1p2ppp1/p1p2n2/q1Bp1b2/2PPn2p/1P1BPN1P/P1Q2PP1/RN4KR b kq - 3 13,-1.3500
r3kb1r/1p3pp1/p1p1pn2/q1Bp1b2/2PPn2p/1P1BPN1P/P1Q2PP1/RN4KR w kq - 0 14,-0.6700
r3kb1r/1p3pp1/p1p1pn2/q1Bp1b2/1PPPn2p/3BPN1P/P1Q2PP1/RN4KR b kq - 0 14,-0.7000
r3kb1r/1p3pp1/p1p1pn2/q1np1b2/1PPP3p/3BPN1P/P1Q2PP1/RN4KR w kq - 0 15,2.9300
r3kb1r/1p3pp1/p1p1pn2/P1np1b2/2PP3p/3BPN1P/P1Q2PP1/RN4KR b kq - 0 15,2.5000
r3kb1r/1p3pp1/p1p1pn2/P1np4/2PP3p/3bPN1P/P1Q2PP1/RN4KR w kq - 0 16,2.8700
r3kb1r/1p3pp1/p1p1pn2/P1np4/2PP3p/3bPN1P/P4PP1/RNQ3KR b kq - 1 16,2.3800
r3kb1r/1p3pp1/p1p1pn2/P2p4/2PPn2p/3bPN1P/P4PP1/RNQ3KR w kq - 2 17,2.7200
r3kb1r/1p3pp1/p1p1pn2/P1Pp4/3Pn2p/3bPN1P/P4PP1/RNQ3KR b kq - 0 17,2.5000
r3kb1r/1p3pp1/p1p1pn2/P1Pp4/3P3p/3bPNnP/P4PP1/RNQ3KR w kq - 1 18,2.8800
r3kb1r/1p3pp1/p1p1pn2/P1Pp4/3P3p/3bPNnP/PQ3PP1/RN4KR b kq - 2 18,2.9300
r3kb1r/5pp1/p1p1pn2/PpPp4/3P3p/3bPNnP/PQ3PP1/RN4KR w kq b6 0 19,3.4000
r3kb1r/5pp1/p1p1pn2/PpPp4/3P3p/2NbPNnP/PQ3PP1/R5KR b kq - 1 19,2.4100
r3kb1r/5pp1/p1p1pn2/PpPp4/3P3p/2NbPN1P/PQ3PP1/R5Kn w kq - 0 20,2.5000
r3kb1r/5pp1/p1p1pn2/PpPp4/P2P3p/2NbPN1P/1Q3PP1/R5Kn b kq - 0 20,1.5100
r3kb1r/5pp1/p1p1pn2/PpPp4/P2P3p/2NbPN1P/1Q3nP1/R5K1 w kq - 0 21,1.3600
r3kb1r/5pp1/p1p1pn2/PpPp4/P2P3p/2NbPN1P/1Q3KP1/R7 b kq - 0 21,1.2000
r3kb1r/5pp1/p1p1pn2/PpPp4/P1bP3p/2N1PN1P/1Q3KP1/R7 w kq - 1 22,2.5000
r3kb1r/5pp1/p1p1pn2/PPPp4/2bP3p/2N1PN1P/1Q3KP1/R7 b kq - 0 22,0.8600
r3kb1r/5pp1/2p1pn2/PpPp4/2bP3p/2N1PN1P/1Q3KP1/R7 w kq - 0 23,2.8000
r3kb1r/5pp1/P1p1pn2/1pPp4/2bP3p/2N1PN1P/1Q3KP1/R7 b kq - 0 23,1.4700
r3kb1r/3n1pp1/P1p1p3/1pPp4/2bP3p/2N1PN1P/1Q3KP1/R7 w kq - 1 24,2.1500
rnbqk1nr/ppppbppp/4p3/8/3P2Q1/4P3/PPP2PPP/RNB1KBNR b KQkq - 2 3,-0.1100
rnbq1knr/ppppbppp/4p3/8/3P2Q1/4P3/PPP2PPP/RNB1KBNR w KQ - 3 4,0.3500
rnbq1knr/ppppbppp/4p3/8/3P2Q1/1P2P3/P1P2PPP/RNB1KBNR b KQ - 0 4,0.1900
rnbq1k1r/ppppbppp/4pn2/8/3P2Q1/1P2P3/P1P2PPP/RNB1KBNR w KQ - 1 5,0.2100
rnbq1k1r/ppppbppp/4pn2/8/3P4/1P2P3/P1P1QPPP/RNB1KBNR b KQ - 2 5,0.0900
rnbq1k1r/1pppbppp/4pn2/p7/3P4/1P2P3/P1P1QPPP/RNB1KBNR w KQ - 0 6,0.1800
rnbq1k1r/1pppbppp/4pn2/p7/3P4/1P2PN2/P1P1QPPP/RNB1KB1R b KQ - 1 6,0.0700
rnbqk2r/1pppbppp/4pn2/p7/3P4/1P2PN2/P1P1QPPP/RNB1KB1R w KQ - 2 7,0.2700
rnbqk2r/1pppbppp/4pn2/p7/3P4/1PN1PN2/P1P1QPPP/R1B1KB1R b KQ - 3 7,0.0400
rnbqk2r/1pp1bppp/4pn2/p2p4/3P4/1PN1PN2/P1P1QPPP/R1B1KB1R w KQ - 0 8,0.1300
rnbqk2r/1pp1bppp/4pn2/p2pN3/3P4/1PN1P3/P1P1QPPP/R1B1KB1R b KQ - 1 8,-0.1600
r1bqk2r/1pp1bppp/2n1pn2/p2pN3/3P4/1PN1P3/P1P1QPPP/R1B1KB1R w KQ - 2 9,0.1500
rnbqkbnr/ppp2ppp/4p3/3p4/4P3/3P1N2/PPP2PPP/RNBQKB1R b KQkq - 0 3,0.0900
rnbqkbnr/pp3ppp/4p3/2pp4/4P3/3P1N2/PPP2PPP/RNBQKB1R w KQkq - 0 4,0.1300
rnbqkbnr/pp3ppp/4p3/2pP4/8/3P1N2/PPP2PPP/RNBQKB1R b KQkq - 0 4,0.1400
rnbqkb1r/pp3ppp/4pn2/2pP4/8/3P1N2/PPP2PPP/RNBQKB1R w KQkq - 1 5,0.7200
rnbqkb1r/pp3ppp/4pn2/2pP4/3P4/5N2/PPP2PPP/RNBQKB1R b KQkq - 0 5,0.1000
rnb1kb1r/pp3ppp/4pn2/2pq4/3P4/5N2/PPP2PPP/RNBQKB1R w KQkq - 0 6,0.5300
rnb1kb1r/pp3ppp/4pn2/2pq4/3P4/2N2N2/PPP2PPP/R1BQKB1R b KQkq - 1 6,0.5000
rnb1kb1r/pp3ppp/4pn2/2p2q2/3P4/2N2N2/PPP2PPP/R1BQKB1R w KQkq - 2 7,1.4200
rnb1kb1r/pp3ppp/4pn2/1Np2q2/3P4/5N2/PPP2PPP/R1BQKB1R b KQkq - 3 7,1.2400
r1b1kb1r/pp3ppp/n3pn2/1Np2q2/3P4/5N2/PPP2PPP/R1BQKB1R w KQkq - 4 8,1.3100
r1b1kb1r/pp3ppp/n3pn2/1Np2q2/3P4/3B1N2/PPP2PPP/R1BQK2R b KQkq - 5 8,1.2500
r1b1kb1r/pp3ppp/n3pn2/1Npq4/3P4/3B1N2/PPP2PPP/R1BQK2R w KQkq - 6 9,1.2500
r1b1kb1r/pp3ppp/n3pn2/1Npq4/3P4/3B1N2/PPP2PPP/R1BQ1RK1 b kq - 7 9,1.2600
r1bqkb1r/pp3ppp/n3pn2/1Np5/3P4/3B1N2/PPP2PPP/R1BQ1RK1 w kq - 8 10,1.3000
r1bqkb1r/pp3ppp/n3pn2/1Np5/3P4/3B1N2/PPP1QPPP/R1B2RK1 b kq - 9 10,1.2300
r1bqkb1r/ppn2ppp/4pn2/1Np5/3P4/3B1N2/PPP1QPPP/R1B2RK1 w kq - 10 11,1.5300
r1bqkb1r/ppn2ppp/4pn2/1Np3B1/3P4/3B1N2/PPP1QPPP/R4RK1 b kq - 11 11,1.3100
r1bqkb1r/ppn2ppp/4pn2/1N4B1/3p4/3B1N2/PPP1QPPP/R4RK1 w kq - 0 12,1.9400
r1bqkb1r/ppn2ppp/4pn2/1N4B1/3p4/3B1N2/PPP1QPPP/R2R2K1 b kq - 1 12,1.8900
r2qkb1r/ppnb1ppp/4pn2/1N4B1/3p4/3B1N2/PPP1QPPP/R2R2K1 w kq - 2 13,2.1600
r2qkb1r/ppnb1ppp/4pn2/1N2N1B1/3p4/3B4/PPP1QPPP/R2R2K1 b kq - 3 13,1.2600
r2qkb1r/ppnb1pp1/4pn1p/1N2N1B1/3p4/3B4/PPP1QPPP/R2R2K1 w kq - 0 14,2.2700
r2qkb1r/ppnb1pp1/4pB1p/1N2N3/3p4/3B4/PPP1QPPP/R2R2K1 b kq - 0 14,3.4100
r3kb1r/ppnb1pp1/4pq1p/1N2N3/3p4/3B4/PPP1QPPP/R2R2K1 w kq - 0 15,5.8800
r3kb1r/ppNb1pp1/4pq1p/4N3/3p4/3B4/PPP1QPPP/R2R2K1 b kq - 0 15,6.1200
r2k1b1r/ppNb1pp1/4pq1p/4N3/3p4/3B4/PPP1QPPP/R2R2K1 w - - 1 16,6.5000
rnbqkb1r/pp1ppppp/2p2n2/8/3P4/2P2N2/PP2PPPP/RNBQKB1R b KQkq - 0 3,0.1200
rnbqkb1r/pp1p1ppp/2p1pn2/8/3P4/2P2N2/PP2PPPP/RNBQKB1R w KQkq - 0 4,0.4000
rnbqkb1r/pp1p1ppp/2p1pn2/8/3P4/2P1PN2/PP3PPP/RNBQKB1R b KQkq - 0 4,0.3200
rnbqk2r/pp1pbppp/2p1pn2/8/3P4/2P1PN2/PP3PPP/RNBQKB1R w KQkq - 1 5,0.5100
rnbqk2r/pp1pbppp/2p1pn2/8/3P4/2PBPN2/PP3PPP/RNBQK2R b KQkq - 2 5,0.5800
rnbqk2r/pp2bppp/2pppn2/8/3P4/2PBPN2/PP3PPP/RNBQK2R w KQkq - 0 6,0.7100
rnbqk2r/pp2bppp/2pppn2/8/3PP3/2PB1N2/PP3PPP/RNBQK2R b KQkq - 0 6,0.6400
r1bqk2r/pp1nbppp/2pppn2/8/3PP3/2PB1N2/PP3PPP/RNBQK2R w KQkq - 1 7,0.6900
r1bqk2r/pp1nbppp/2pppn2/8/3PP3/2PB1N2/PP1N1PPP/R1BQK2R b KQkq - 2 7,0.6500
r1bqk2r/p2nbppp/1ppppn2/8/3PP3/2PB1N2/PP1N1PPP/R1BQK2R w KQkq - 0 8,0.6600
r1bqk2r/p2nbppp/1ppppn2/8/3PP3/2PB1N2/PP1N1PPP/R1BQ1RK1 b kq - 1 8,0.6700
r1bqk2r/p2nbppp/1ppp1n2/4p3/3PP3/2PB1N2/PP1N1PPP/R1BQ1RK1 w kq - 0 9,0.8200
r1bqk2r/p2nbppp/1ppp1n2/4p3/3PP3/2PB1N1P/PP1N1PP1/R1BQ1RK1 b kq - 0 9,0.5900
r1b1k2r/p1qnbppp/1ppp1n2/4p3/3PP3/2PB1N1P/PP1N1PP1/R1BQ1RK1 w kq - 1 10,0.6800
r1b1k2r/p1qnbppp/1ppp1n2/4p3/3PP2N/2PB3P/PP1N1PP1/R1BQ1RK1 b kq - 2 10,0.6300
r1b1k2r/p1qnbp1p/1ppp1np1/4p3/3PP2N/2PB3P/PP1N1PP1/R1BQ1RK1 w kq - 0 11,0.6800
r1b1k2r/p1qnbp1p/1ppp1np1/4p3/3PP3/2PB1N1P/PP1N1PP1/R1BQ1RK1 b kq - 1 11,0.4200
r1b2rk1/p1qnbp1p/1ppp1np1/4p3/3PP3/2PB1N1P/PP1N1PP1/R1BQ1RK1 w - - 2 12,0.4200
rnbqkbnr/ppp2ppp/4p3/3p4/4P3/3P1N2/PPP2PPP/RNBQKB1R b KQkq - 0 3,0.1300
rnbqkbnr/pp3ppp/4p3/2pp4/4P3/3P1N2/PPP2PPP/RNBQKB1R w KQkq - 0 4,0.1200
rnbqkbnr/pp3ppp/4p3/2pP4/8/3P1N2/PPP2PPP/RNBQKB1R b KQkq - 0 4,0.1100
rnbqkbnr/pp3ppp/8/2pp4/8/3P1N2/PPP2PPP/RNBQKB1R w KQkq - 0 5,0.0600
rnbqkbnr/pp3ppp/8/2pp4/3P4/5N2/PPP2PPP/RNBQKB1R b KQkq - 0 5,0.0600
rnbqkb1r/pp3ppp/5n2/2pp4/3P4/5N2/PPP2PPP/RNBQKB1R w KQkq - 1 6,0.1200
rnbqkb1r/pp3ppp/5n2/2pp4/3P4/5N2/PPP1BPPP/RNBQK2R b KQkq - 2 6,-0.2500
rnbqkb1r/pp3ppp/5n2/3p4/2pP4/5N2/PPP1BPPP/RNBQK2R w KQkq - 0 7,0.1800
rnbqkb1r/pp3ppp/5n2/3p4/2pP4/5N2/PPP1BPPP/RNBQ1RK1 b kq - 1 7,0.1600
rnbqk2r/pp3ppp/3b1n2/3p4/2pP4/5N2/PPP1BPPP/RNBQ1RK1 w kq - 2 8,0.2400
rnbqk2r/pp3ppp/3b1n2/3p4/2pP4/2N2N2/PPP1BPPP/R1BQ1RK1 b kq - 3 8,0.0300
rnbqkbnr/1pp1pppp/p7/3p4/3P4/4PN2/PPP2PPP/RNBQKB1R b KQkq - 1 3,0.2100
rn1qkbnr/1pp1pppp/p7/3p4/3P2b1/4PN2/PPP2PPP/RNBQKB1R w KQkq - 2 4,0.6300
rn1qkbnr/1pp1pppp/p7/3p4/3P2b1/4PN1P/PPP2PP1/RNBQKB1R b KQkq - 0 4,0.5500
rnbqkbnr/1pp1pppp/p7/3p4/3P4/4PN1P/PPP2PP1/RNBQKB1R w KQkq - 1 5,0.8300
rnbqkbnr/1pp1pppp/p7/3p4/3P4/3BPN1P/PPP2PP1/RNBQK2R b KQkq - 2 5,0.8200
rnbqkb1r/1pp1pppp/p4n2/3p4/3P4/3BPN1P/PPP2PP1/RNBQK2R w KQkq - 3 6,0.9000
rnbqkb1r/1pp1pppp/p4n2/3p4/3P4/3BPN1P/PPP2PP1/RNBQ1RK1 b kq - 4 6,0.8900
rnbqkb1r/1pp2ppp/p3pn2/3p4/3P4/3BPN1P/PPP2PP1/RNBQ1RK1 w kq - 0 7,0.8700
rnbqkb1r/1pp2ppp/p3pn2/3p4/3P4/2NBPN1P/PPP2PP1/R1BQ1RK1 b kq - 1 7,0.6300
rnbqkb1r/1p3ppp/p3pn2/2pp4/3P4/2NBPN1P/PPP2PP1/R1BQ1RK1 w kq - 0 8,0.8200
rnbqkb1r/1p3ppp/p3pn2/2pp4/3P4/2NBPN1P/PPP2PP1/R1BQR1K1 b kq - 1 8,0.2900
r1bqkb1r/1p3ppp/p1n1pn2/2pp4/3P4/2NBPN1P/PPP2PP1/R1BQR1K1 w kq - 2 9,0.7200
r1bqkb1r/1p3ppp/p1n1pn2/2pp4/3P4/P1NBPN1P/1PP2PP1/R1BQR1K1 b kq - 0 9,0.2000
r1b1kb1r/1pq2ppp/p1n1pn2/2pp4/3P4/P1NBPN1P/1PP2PP1/R1BQR1K1 w kq - 1 10,0.6500
r1b1kb1r/1pq2ppp/p1n1pn2/2pp4/3PP3/P1NB1N1P/1PP2PP1/R1BQR1K1 b kq - 0 10,0.3700
r1b1kb1r/1pq2ppp/p1n1pn2/3p4/3pP3/P1NB1N1P/1PP2PP1/R1BQR1K1 w kq - 0 11,1.8600
r1b1kb1r/1pq2ppp/p1n1pn2/3P4/3p4/P1NB1N1P/1PP2PP1/R1BQR1K1 b kq - 0 11,0.3300
r1b1k2r/1pq2ppp/p1nbpn2/3P4/3p4/P1NB1N1P/1PP2PP1/R1BQR1K1 w kq - 1 12,1.0100
r1b1k2r/1pq2ppp/p1nbpn2/3P4/3p4/P2B1N1P/1PP1NPP1/R1BQR1K1 b kq - 2 12,0.4500
r1b1k2r/1pq1nppp/p2bpn2/3P4/3p4/P2B1N1P/1PP1NPP1/R1BQR1K1 w kq - 3 13,2.4700
r1b1k2r/1pq1nppp/p2bPn2/8/3p4/P2B1N1P/1PP1NPP1/R1BQR1K1 b kq - 0 13,2.3500
r1b2rk1/1pq1nppp/p2bPn2/8/3p4/P2B1N1P/1PP1NPP1/R1BQR1K1 w - - 1 14,3.5500
r1b2rk1/1pq1nppp/p2bPn2/6B1/3p4/P2B1N1P/1PP1NPP1/R2QR1K1 b - - 2 14,2.4300
r4rk1/1pq1nppp/p2bbn2/6B1/3p4/P2B1N1P/1PP1NPP1/R2QR1K1 w - - 0 15,2.3200
r4rk1/1pq1nppp/p2bbn2/6B1/3N4/P2B3P/1PP1NPP1/R2QR1K1 b - - 0 15,2.0500
3r1rk1/1pq1nppp/p2bbn2/6B1/3N4/P2B3P/1PP1NPP1/R2QR1K1 w - - 1 16,1.9100
3r1rk1/1pq1nppp/p2bbn2/6B1/3N4/P1PB3P/1P2NPP1/R2QR1K1 b - - 0 16,2.0100
3r1rk1/1pq1npp1/p2bbn1p/6B1/3N4/P1PB3P/1P2NPP1/R2QR1K1 w - - 0 17,4.5900
3r1rk1/1pq1npp1/p2bbB1p/8/3N4/P1PB3P/1P2NPP1/R2QR1K1 b - - 0 17,3.8200
3r1rk1/1pq1npp1/p2b1B1p/8/2bN4/P1PB3P/1P2NPP1/R2QR1K1 w - - 1 18,5.6400
3r1rk1/1pq1npp1/p2b3p/8/2bN3B/P1PB3P/1P2NPP1/R2QR1K1 b - - 2 18,4.6100
3r1rk1/1pq1npp1/p6p/8/2bN3B/P1PB3P/1P2NPPb/R2QR1K1 w - - 3 19,5.5400
3r1rk1/1pq1npp1/p6p/8/2bN3B/P1PB3P/1P2NPPb/R2QR2K b - - 4 19,5.5100
3r1rk1/1pq1npp1/p7/7p/2bN3B/P1PB3P/1P2NPPb/R2QR2K w - - 0 20,5.9500
3r1rk1/1pq1Bpp1/p7/7p/2bN4/P1PB3P/1P2NPPb/R2QR2K b - - 0 20,6.7700
3r1rk1/1pq1Bpp1/8/p6p/2bN4/P1PB3P/1P2NPPb/R2QR2K w - - 0 21,7.8000
3r1rk1/1pq2pp1/8/p5Bp/2bN4/P1PB3P/1P2NPPb/R2QR2K b - - 1 21,7.1900
3r1rk1/1pq2pp1/8/p2b2Bp/3N4/P1PB3P/1P2NPPb/R2QR2K w - - 2 22,7.5300
3r1rk1/1pq2pp1/8/p2b2Bp/3N1P2/P1PB3P/1P2N1Pb/R2QR2K b - - 0 22,6.8700
3r1rk1/1pq2pp1/8/p2b2B1/3N1P1p/P1PB3P/1P2N1Pb/R2QR2K w - - 0 23,8.0300
3r1rk1/1pq2pp1/8/p2b4/3N1P1B/P1PB3P/1P2N1Pb/R2QR2K b - - 0 23,6.4600
3r1rk1/1p3pp1/2q5/p2b4/3N1P1B/P1PB3P/1P2N1Pb/R2QR2K w - - 1 24,8.4100
3r1rk1/1p3ppB/2q5/p2b4/3N1P1B/P1P4P/1P2N1Pb/R2QR2K b - - 2 24,7.1000
rnbqkb1r/pppp1ppp/4pn2/8/3P4/5NP1/PPP1PP1P/RNBQKB1R b KQkq - 0 3,0.3400
rnbqk2r/ppppbppp/4pn2/8/3P4/5NP1/PPP1PP1P/RNBQKB1R w KQkq - 1 4,0.4600
rnbqk2r/ppppbppp/4pn2/8/3P4/5NP1/PPP1PPBP/RNBQK2R b KQkq - 2 4,0.4500
rnbqk2r/1pppbppp/4pn2/p7/3P4/5NP1/PPP1PPBP/RNBQK2R w KQkq - 0 5,0.4600
rnbqk2r/1pppbppp/4pn2/p7/3P4/5NP1/PPP1PPBP/RNBQ1RK1 b kq - 1 5,0.3800
rnbq1rk1/1pppbppp/4pn2/p7/3P4/5NP1/PPP1PPBP/RNBQ1RK1 w - - 2 6,0.5500
rnbq1rk1/1pppbppp/4pn2/p7/2PP4/5NP1/PP2PPBP/RNBQ1RK1 b - - 0 6,0.4300
rnbq1rk1/2ppbppp/1p2pn2/p7/2PP4/5NP1/PP2PPBP/RNBQ1RK1 w - - 0 7,0.7300
rnbq1rk1/2ppbppp/1p2pn2/p3N3/2PP4/6P1/PP2PPBP/RNBQ1RK1 b - - 1 7,0.7200
rnbq1rk1/3pbppp/1pp1pn2/p3N3/2PP4/6P1/PP2PPBP/RNBQ1RK1 w - - 0 8,0.7200
rnbq1rk1/3pbppp/1pp1pn2/p3N3/2PP4/1P4P1/P3PPBP/RNBQ1RK1 b - - 0 8,0.5100
rnbq1rk1/4bppp/1pp1pn2/p2pN3/2PP4/1P4P1/P3PPBP/RNBQ1RK1 w - - 0 9,0.5200
rnbq1rk1/4bppp/1pp1pn2/p2pN3/2PP4/1PN3P1/P3PPBP/R1BQ1RK1 b - - 1 9,0.3100
rn1q1rk1/1b2bppp/1pp1pn2/p2pN3/2PP4/1PN3P1/P3PPBP/R1BQ1RK1 w - - 2 10,0.4500
rn1q1rk1/1b2bppp/1pp1pn2/p2pN3/2PP4/1PN3P1/P1Q1PPBP/R1B2RK1 b - - 3 10,0.4500
rn1qkbnr/ppp1pppp/8/3p1b2/3P4/5NP1/PPP1PP1P/RNBQKB1R b KQkq - 0 3,0.2200
rn1qkbnr/pp2pppp/2p5/3p1b2/3P4/5NP1/PPP1PP1P/RNBQKB1R w KQkq - 0 4,0.1700
rn1qkbnr/pp2pppp/2p5/3p1b2/3P4/5NP1/PPP1PPBP/RNBQK2R b KQkq - 1 4,0.0500
rn1qkbnr/pp3ppp/2p1p3/3p1b2/3P4/5NP1/PPP1PPBP/RNBQK2R w KQkq - 0 5,0.0700
rn1qkbnr/pp3ppp/2p1p3/3p1b2/3P3N/6P1/PPP1PPBP/RNBQK2R b KQkq - 1 5,0.1100
rn1qkb1r/pp3ppp/2p1pn2/3p1b2/3P3N/6P1/PPP1PPBP/RNBQK2R w KQkq - 2 6,0.5900
rn1qkb1r/pp3ppp/2p1pn2/3p1N2/3P4/6P1/PPP1PPBP/RNBQK2R b KQkq - 0 6,0.4900
rn2kb1r/pp3ppp/2p1pn2/q2p1N2/3P4/6P1/PPP1PPBP/RNBQK2R w KQkq - 1 7,3.2500
rn2kb1r/pp3ppp/2p1pn2/q2p1N2/3P4/6P1/PPPBPPBP/RN1QK2R b KQkq - 2 7,3.4200
rn2kb1r/pp3ppp/2p1pn2/3p1N2/q2P4/6P1/PPPBPPBP/RN1QK2R w KQkq - 3 8,4.6700
rn2kb1r/pp3ppp/2p1pn2/3p4/q2P4/4N1P1/PPPBPPBP/RN1QK2R b KQkq - 4 8,3.3100
r3kb1r/pp1n1ppp/2p1pn2/3p4/q2P4/4N1P1/PPPBPPBP/RN1QK2R w KQkq - 5 9,5.4100
r3kb1r/pp1n1ppp/2p1pn2/3p4/q2P4/4N1P1/PPP1PPBP/RNBQK2R b KQkq - 6 9,4.8800
3rkb1r/pp1n1ppp/2p1pn2/3p4/q2P4/4N1P1/PPP1PPBP/RNBQK2R w KQk - 7 10,4.8600
3rkb1r/pp1n1ppp/2p1pn2/3p4/q2P4/P3N1P1/1PP1PPBP/RNBQK2R b KQk - 0 10,4.6300
rnbqkb1r/pppp1ppp/4pn2/8/3P4/4PN2/PPP2PPP/RNBQKB1R b KQkq - 1 3,0.1500
rnbqk2r/ppppbppp/4pn2/8/3P4/4PN2/PPP2PPP/RNBQKB1R w KQkq - 2 4,0.0600
rnbqk2r/ppppbppp/4pn2/8/2PP4/4PN2/PP3PPP/RNBQKB1R b KQkq - 0 4,0.0600
rnbq1rk1/ppppbppp/4pn2/8/2PP4/4PN2/PP3PPP/RNBQKB1R w KQ - 1 5,0.0600
rnbq1rk1/ppppbppp/4pn2/8/2PP4/2N1PN2/PP3PPP/R1BQKB1R b KQ - 2 5,0.0900
rnbq1rk1/pppp1ppp/4pn2/8/1bPP4/2N1PN2/PP3PPP/R1BQKB1R w KQ - 3 6,0.5000
rnbq1rk1/pppp1ppp/4pn2/8/1bPP4/2NBPN2/PP3PPP/R1BQK2R b KQ - 4 6,0.5500
rnbq1rk1/ppp2ppp/3ppn2/8/1bPP4/2NBPN2/PP3PPP/R1BQK2R w KQ - 0 7,0.5900
rnbq1rk1/ppp2ppp/3ppn2/8/1bPP4/2NBPN2/PP1B1PPP/R2QK2R b KQ - 1 7,0.4800
r1bq1rk1/pppn1ppp/3ppn2/8/1bPP4/2NBPN2/PP1B1PPP/R2QK2R w KQ - 2 8,0.8900
r1bq1rk1/pppn1ppp/3ppn2/8/1bPP4/2N1PN2/PPBB1PPP/R2QK2R b KQ - 3 8,0.5200
r1bq1rk1/pppn1ppp/4pn2/3p4/1bPP4/2N1PN2/PPBB1PPP/R2QK2R w KQ - 0 9,0.4900
r1bq1rk1/pppn1ppp/4pn2/3pN3/1bPP4/2N1P3/PPBB1PPP/R2QK2R b KQ - 1 9,0.4100
r1bq1rk1/pppnbppp/4pn2/3pN3/2PP4/2N1P3/PPBB1PPP/R2QK2R w KQ - 2 10,0.4600
rnbqkb1r/ppp1pppp/5n2/3p4/8/1P3NP1/P1PPPP1P/RNBQKB1R b KQkq - 0 3,-0.2400
rnbqkb1r/ppp1pppp/5n2/8/3p4/1P3NP1/P1PPPP1P/RNBQKB1R w KQkq - 0 4,0.1900
rnbqkb1r/ppp1pppp/5n2/8/3p4/1PP2NP1/P2PPP1P/RNBQKB1R b KQkq - 0 4,0.0900
r1bqkb1r/ppp1pppp/2n2n2/8/3p4/1PP2NP1/P2PPP1P/RNBQKB1R w KQkq - 1 5,0.2100
rnbqkb1r/ppp1pppp/5n2/3p4/3P4/5NP1/PPP1PP1P/RNBQKB1R b KQkq - 0 3,0.1600
rnbqkb1r/ppp2ppp/4pn2/3p4/3P4/5NP1/PPP1PP1P/RNBQKB1R w KQkq - 0 4,0.4400
rnbqkb1r/ppp2ppp/4pn2/3p4/3P4/4BNP1/PPP1PP1P/RN1QKB1R b KQkq - 1 4,-0.1000
rnbqk2r/ppp1bppp/4pn2/3p4/3P4/4BNP1/PPP1PP1P/RN1QKB1R w KQkq - 2 5,-0.2700
rnbqk2r/ppp1bppp/4pn2/3p4/3P4/4BNP1/PPPNPP1P/R2QKB1R b KQkq - 3 5,-0.7300
rnbqk2r/1pp1bppp/4pn2/p2p4/3P4/4BNP1/PPPNPP1P/R2QKB1R w KQkq - 0 6,-0.4400
rnbqk2r/1pp1bppp/4pn2/p2p4/3P4/4BNP1/PPPNPPBP/R2QK2R b KQkq - 1 6,-0.6600
rnbqk2r/1pp1bppp/4pn2/3p4/p2P4/4BNP1/PPPNPPBP/R2QK2R w KQkq - 0 7,-0.2400
rnbqk2r/1pp1bppp/4pn2/3p4/p2P4/4BNP1/PPPNPPBP/R2Q1RK1 b kq - 1 7,-0.6900
rnbqk2r/2p1bppp/4pn2/1p1p4/p2P4/4BNP1/PPPNPPBP/R2Q1RK1 w kq - 0 8,-0.0400
rnbqk2r/2p1bppp/4pn2/1p1p4/p2P4/2P1BNP1/PP1NPPBP/R2Q1RK1 b kq - 0 8,-0.5000
rn1qk2r/1bp1bppp/4pn2/1p1p4/p2P4/2P1BNP1/PP1NPPBP/R2Q1RK1 w kq - 1 9,-0.1000
rn1qk2r/1bp1bppp/4pn2/1p1pN3/p2P4/2P1B1P1/PP1NPPBP/R2Q1RK1 b kq - 2 9,-0.1400
r2qk2r/1bp1bppp/2n1pn2/1p1pN3/p2P4/2P1B1P1/PP1NPPBP/R2Q1RK1 w kq - 3 10,0.3100
r2qk2r/1bp1bppp/2n1pn2/1p1pN3/p2P4/2P1BNP1/PP2PPBP/R2Q1RK1 b kq - 4 10,0.0800
r2q1rk1/1bp1bppp/2n1pn2/1p1pN3/p2P4/2P1BNP1/PP2PPBP/R2Q1RK1 w - - 5 11,0.1900
r2q1rk1/1bp1bppp/2N1pn2/1p1p4/p2P4/2P1BNP1/PP2PPBP/R2Q1RK1 b - - 0 11,0.1600
r4rk1/1bp1bppp/2Nqpn2/1p1p4/p2P4/2P1BNP1/PP2PPBP/R2Q1RK1 w - - 1 12,5.6800
r4rk1/1bp1bppp/3qpn2/1p1pN3/p2P4/2P1BNP1/PP2PPBP/R2Q1RK1 b - - 2 12,4.7700
r4rk1/1bp1bpp1/3qpn1p/1p1pN3/p2P4/2P1BNP1/PP2PPBP/R2Q1RK1 w - - 0 13,5.2200
r4rk1/1bp1bpp1/3qpn1p/1p1pN3/p2P4/2P1B1P1/PP2PPBP/R2QNRK1 b - - 1 13,4.4100
r4rk1/1b2bpp1/3qpn1p/1pppN3/p2P4/2P1B1P1/PP2PPBP/R2QNRK1 w - - 0 14,4.7100
r4rk1/1b2bpp1/3qpn1p/1ppp4/p2P4/2PNB1P1/PP2PPBP/R2QNRK1 b - - 1 14,4.3200
r4rk1/1b2bpp1/3qpn1p/1p1p4/p1pP4/2PNB1P1/PP2PPBP/R2QNRK1 w - - 0 15,4.2000
r4rk1/1b2bpp1/3qpn1p/1p1p4/p1pP1B2/2PN2P1/PP2PPBP/R2QNRK1 b - - 1 15,3.3800
r4rk1/1b2bpp1/1q2pn1p/1p1p4/p1pP1B2/2PN2P1/PP2PPBP/R2QNRK1 w - - 2 16,3.6800
r4rk1/1b2bpp1/1q2pn1p/1p1p4/pNpP1B2/2P3P1/PP2PPBP/R2QNRK1 b - - 3 16,3.6400
r4rk1/1b2bpp1/1q2pn1p/1p1p4/1NpP1B2/p1P3P1/PP2PPBP/R2QNRK1 w - - 0 17,3.6800
r4rk1/1b2bpp1/1q2pn1p/1p1p4/1NpP1B2/pPP3P1/P3PPBP/R2QNRK1 b - - 0 17,3.1100
r4rk1/1b2bpp1/1q3n1p/1p1pp3/1NpP1B2/pPP3P1/P3PPBP/R2QNRK1 w - - 0 18,3.4300
r4rk1/1b2bpp1/1q3n1p/1p1pp3/1NpP4/pPP1B1P1/P3PPBP/R2QNRK1 b - - 1 18,3.3400
r4rk1/1b2bpp1/1q3n1p/1p1p4/1NpPp3/pPP1B1P1/P3PPBP/R2QNRK1 w - - 0 19,3.6400
r4rk1/1b2bpp1/1q3n1p/1p1p4/1NpPp3/pPP1B1PB/P3PP1P/R2QNRK1 b - - 1 19,3.1800
r1b2rk1/4bpp1/1q3n1p/1p1p4/1NpPp3/pPP1B1PB/P3PP1P/R2QNRK1 w - - 2 20,3.0200
r1b2rk1/4bpp1/1q3n1p/1p1p4/1NpPp3/pPP1B1P1/P3PPBP/R2QNRK1 b - - 3 20,3.2300
r1br2k1/4bpp1/1q3n1p/1p1p4/1NpPp3/pPP1B1P1/P3PPBP/R2QNRK1 w - - 4 21,3.3500
r1br2k1/4bpp1/1q3n1p/1p1p4/1NpPp3/pPP1B1P1/P1N1PPBP/R2Q1RK1 b - - 5 21,3.2700
r1br2k1/4bpp1/1q5p/1p1p3n/1NpPp3/pPP1B1P1/P1N1PPBP/R2Q1RK1 w - - 6 22,3.2300
r1br2k1/4bpp1/1q5p/1p1p3n/1NpPp3/pPP3P1/P1NBPPBP/R2Q1RK1 b - - 7 22,3.2600
r1br2k1/4bpp1/6qp/1p1p3n/1NpPp3/pPP3P1/P1NBPPBP/R2Q1RK1 w - - 8 23,3.6000
r1br2k1/4bpp1/6qp/1p1p3n/1NPPp3/p1P3P1/P1NBPPBP/R2Q1RK1 b - - 0 23,3.4500
r2r2k1/4bpp1/6qp/1p1p3n/1NPPp1b1/p1P3P1/P1NBPPBP/R2Q1RK1 w - - 1 24,4.7000
r2r2k1/4bpp1/6qp/1p1N3n/2PPp1b1/p1P3P1/P1NBPPBP/R2Q1RK1 b - - 0 24,4.6000
r2r2k1/5pp1/3b2qp/1p1N3n/2PPp1b1/p1P3P1/P1NBPPBP/R2Q1RK1 w - - 1 25,5.2300
r2r2k1/5pp1/3b2qp/1P1N3n/3Pp1b1/p1P3P1/P1NBPPBP/R2Q1RK1 b - - 0 25,5.2600
r2r2k1/6p1/3b2qp/1P1N1p1n/3Pp1b1/p1P3P1/P1NBPPBP/R2Q1RK1 w - - 0 26,5.1600
r2r2k1/6p1/3b2qp/1P1N1p1n/2PPp1b1/p5P1/P1NBPPBP/R2Q1RK1 b - - 0 26,4.1600
r4rk1/6p1/3b2qp/1P1N1p1n/2PPp1b1/p5P1/P1NBPPBP/R2Q1RK1 w - - 1 27,5.3600
r4rk1/6p1/3b2qp/1PPN1p1n/3Pp1b1/p5P1/P1NBPPBP/R2Q1RK1 b - - 0 27,5.9500
r4rk1/6p1/3bq2p/1PPN1p1n/3Pp1b1/p5P1/P1NBPPBP/R2Q1RK1 w - - 1 28,6.1900
r4rk1/6p1/3bq2p/1PP2p1n/3Pp1b1/p1N3P1/P1NBPPBP/R2Q1RK1 b - - 2 28,5.5900
rb3rk1/6p1/4q2p/1PP2p1n/3Pp1b1/p1N3P1/P1NBPPBP/R2Q1RK1 w - - 3 29,6.0700
rb3rk1/6p1/4q2p/1PP2p1n/3Pp1b1/p1N1N1P1/P2BPPBP/R2Q1RK1 b - - 4 29,6.2600
r4rk1/6p1/4q2p/1PP2p1n/3Pp1b1/p1N1N1b1/P2BPPBP/R2Q1RK1 w - - 0 30,6.0300
r4rk1/6p1/4q2p/1PP2p1n/3Pp1b1/p1N1N1P1/P2BP1BP/R2Q1RK1 b - - 0 30,6.2100
r4rk1/6p1/4q2p/1PP4n/3Pppb1/p1N1N1P1/P2BP1BP/R2Q1RK1 w - - 0 31,6.0600
r4rk1/6p1/4q2p/1PP4n/3PpRb1/p1N1N1P1/P2BP1BP/R2Q2K1 b - - 0 31,5.5900
rnbqkbnr/pp2pppp/2p5/3pP3/3P4/8/PPP2PPP/RNBQKBNR b KQkq - 0 3,0.6900
rnbqkbnr/pp3ppp/2p1p3/3pP3/3P4/8/PPP2PPP/RNBQKBNR w KQkq - 0 4,0.7200
rnbqkbnr/pp3ppp/2p1p3/3pP3/3P4/3B4/PPP2PPP/RNBQK1NR b KQkq - 1 4,0.7500
rnbqkbnr/pp3ppp/4p3/2ppP3/3P4/3B4/PPP2PPP/RNBQK1NR w KQkq - 0 5,0.7900
rnbqkbnr/pp3ppp/4p3/2ppP3/3P4/2PB4/PP3PPP/RNBQK1NR b KQkq - 0 5,0.8000
rnbqkbnr/1p3ppp/p3p3/2ppP3/3P4/2PB4/PP3PPP/RNBQK1NR w KQkq - 0 6,0.8400
rnbqkbnr/1p3ppp/p3p3/2ppP3/3P4/2PB1N2/PP3PPP/RNBQK2R b KQkq - 1 6,0.8300
rn1qkbnr/1p1b1ppp/p3p3/2ppP3/3P4/2PB1N2/PP3PPP/RNBQK2R w KQkq - 2 7,0.8900
rn1qkbnr/1p1b1ppp/p3p3/2ppP3/3P4/2PB1N2/PP3PPP/RNBQ1RK1 b kq - 3 7,0.7800
rn1qkbnr/1p3ppp/p3p3/1bppP3/3P4/2PB1N2/PP3PPP/RNBQ1RK1 w kq - 4 8,1.2800
rn1qkbnr/1p3ppp/p3p3/1bppP3/2PP4/3B1N2/PP3PPP/RNBQ1RK1 b kq - 0 8,0.1100
rn1qkbnr/1p3ppp/p3p3/1bp1P3/2pP4/3B1N2/PP3PPP/RNBQ1RK1 w kq - 0 9,0.4700
rn1qkbnr/1p3ppp/p3p3/1bp1P3/2pP4/5N2/PPB2PPP/RNBQ1RK1 b kq - 1 9,0.1700
rn1qkb1r/1p2nppp/p3p3/1bp1P3/2pP4/5N2/PPB2PPP/RNBQ1RK1 w kq - 2 10,0.8200
rn1qkb1r/1p2nppp/p3p3/1bP1P3/2p5/5N2/PPB2PPP/RNBQ1RK1 b kq - 0 10,-0.2700
rn2kb1r/1p2nppp/p3p3/1bP1P3/2p5/5N2/PPB2PPP/RNBq1RK1 w kq - 0 11,-0.3600
rn2kb1r/1p2nppp/p1P1p3/1b2P3/2p5/5N2/PPB2PPP/RNBq1RK1 b kq - 0 11,-5.9800
rn2kb1r/1p2nppp/p1P1p3/1b1qP3/2p5/5N2/PPB2PPP/RNB2RK1 w kq - 1 12,-4.6400
rn2kb1r/1pP1nppp/p3p3/1b1qP3/2p5/5N2/PPB2PPP/RNB2RK1 b kq - 0 12,-4.8700
r3kb1r/1pPnnppp/p3p3/1b1qP3/2p5/5N2/PPB2PPP/RNB2RK1 w kq - 1 13,-4.2300
r3kb1r/1pPnnppp/p3p3/1b1qP3/2p5/N4N2/PPB2PPP/R1B2RK1 b kq - 2 13,-4.6800
r3kb1r/1pP1nppp/p3p3/1b1qn3/2p5/N4N2/PPB2PPP/R1B2RK1 w kq - 0 14,-4.8900
r3kb1r/1pP1nppp/p3p3/1N1qn3/2p5/5N2/PPB2PPP/R1B2RK1 b kq - 0 14,-5.4600
r3kb1r/1pP1nppp/p3p3/1q2n3/2p5/5N2/PPB2PPP/R1B2RK1 w kq - 0 15,-5.1200
r3kb1r/1pP1nppp/p3p3/1q2n3/2p5/5N2/PPB2PPP/R1BR2K1 b kq - 1 15,-5.4600
r3kb1r/1pP1nppp/p3p3/1q6/2p5/5n2/PPB2PPP/R1BR2K1 w kq - 0 16,-5.7700
r3kb1r/1pP1nppp/p3p3/1q6/2p5/5n2/PPB2PPP/R1BR1K2 b kq - 1 16,-6.3100
r3kb1r/1pP1nppp/p3p3/1q6/2p4n/8/PPB2PPP/R1BR1K2 w kq - 2 17,-4.9200
r3kb1r/1pP1nppp/p3p3/1q6/2p4n/7P/PPB2PP1/R1BR1K2 b kq - 0 17,-5.8000
r3kb1r/1pP1n1pp/p3pp2/1q6/2p4n/7P/PPB2PP1/R1BR1K2 w kq - 0 18,-5.7000
r3kb1r/1pP1n1pp/p3pp2/1q6/2p4n/7P/PPB2PP1/R1B1RK2 b kq - 1 18,-6.3100
r3kb1r/1pP1n1pp/p3ppn1/1q6/2p5/7P/PPB2PP1/R1B1RK2 w kq - 2 19,-5.3300
r3kb1r/1pP1n1pp/p3ppn1/1q6/2p5/7P/PPB2PP1/R1BR1K2 b kq - 3 19,-6.7000
r3kb1r/1pP1n1pp/p3ppn1/q7/2p5/7P/PPB2PP1/R1BR1K2 w kq - 4 20,-6.7100
r3kb1r/1pP1n1pp/p3ppB1/q7/2p5/7P/PP3PP1/R1BR1K2 b kq - 0 20,-7.8500
r3kb1r/1pP3pp/p3ppn1/q7/2p5/7P/PP3PP1/R1BR1K2 w kq - 0 21,-8.3300
r3kb1r/1pP3pp/p3ppn1/q7/2p5/1P5P/P4PP1/R1BR1K2 b kq - 0 21,-8.7500
r3kb1r/1pP3pp/p3ppn1/q7/8/1p5P/P4PP1/R1BR1K2 w kq - 0 22,-7.1200
r3kb1r/1pP3pp/p3ppn1/q7/8/1p5P/P4PP1/R1B1RK2 b kq - 1 22,-8.3400
r3kb1r/1pP3pp/p3ppn1/q7/8/7P/p4PP1/R1B1RK2 w kq - 0 23,-7.9700
r3kb1r/1pP3pp/p3ppnB/q7/8/7P/p4PP1/R3RK2 b kq - 1 23,-8.5200
r3kb1r/1pP3pp/p3ppnB/1q6/8/7P/p4PP1/R3RK2 w kq - 2 24,-7.9300
r3kb1r/1pP3pp/p3ppnB/1q6/8/7P/p3RPP1/R4K2 b kq - 3 24,-8.4200
r3kb1r/1pP4p/p3ppnp/1q6/8/7P/p3RPP1/R4K2 w kq - 0 25,-8.8100
r3kb1r/1pP4p/p3ppnp/1q6/8/5P1P/p3R1P1/R4K2 b kq - 0 25,-8.8500
r3kb1r/1pP4p/p3ppnp/8/8/5P1P/p3R1P1/Rq3K2 w kq - 1 26,-9.1200
r3kb1r/1pP4p/p3ppnp/8/8/5P1P/p3R1P1/1R3K2 b kq - 0 26,-10.5200
r3kb1r/1pP4p/p3ppnp/8/8/5P1P/4R1P1/1b3K2 w kq - 0 27,-8.2800
r3kb1r/1pP4p/p3Rpnp/8/8/5P1P/6P1/1b3K2 b kq - 0 27,-7.9900
r4b1r/1pP2k1p/p3Rpnp/8/8/5P1P/6P1/1b3K2 w - - 1 28,-8.5300
r4b1r/1pP2k1p/pR3pnp/8/8/5P1P/6P1/1b3K2 b - - 2 28,-8.5500
r4b1r/1pP2k1p/pR3pnp/8/8/5P1P/b5P1/5K2 w - - 3 29,-8.5200
r4b1r/1RP2k1p/p4pnp/8/8/5P1P/b5P1/5K2 b - - 0 29,-8.6600
rnbqkb1r/pppppp1p/5np1/8/8/2P2NP1/PP1PPP1P/RNBQKB1R b KQkq - 0 3,0.0500
rnbqkb1r/pp1ppp1p/2p2np1/8/8/2P2NP1/PP1PPP1P/RNBQKB1R w KQkq - 0 4,0.1100
rnbqkb1r/pp1ppp1p/2p2np1/8/P7/2P2NP1/1P1PPP1P/RNBQKB1R b KQkq - 0 4,0.0300
rnbqkb1r/1p1ppp1p/2p2np1/p7/P7/2P2NP1/1P1PPP1P/RNBQKB1R w KQkq - 0 5,0.0400
rnbqkb1r/1p1ppp1p/2p2np1/p7/P2P4/2P2NP1/1P2PP1P/RNBQKB1R b KQkq - 0 5,0.0400
rnbqkb1r/1p2pp1p/2p2np1/p2p4/P2P4/2P2NP1/1P2PP1P/RNBQKB1R w KQkq - 0 6,0.0700
rnbqkb1r/1p2pp1p/2p2np1/p2p4/P2P4/2P2NP1/1P2PPBP/RNBQK2R b KQkq - 1 6,0.1200
rnbqk2r/1p2ppbp/2p2np1/p2p4/P2P4/2P2NP1/1P2PPBP/RNBQK2R w KQkq - 2 7,0.1500
rnbqk2r/1p2ppbp/2p2np1/p2p4/P2P4/2P2NP1/1P2PPBP/RNBQ1RK1 b kq - 3 7,0.1800
rnbq1rk1/1p2ppbp/2p2np1/p2p4/P2P4/2P2NP1/1P2PPBP/RNBQ1RK1 w - - 4 8,0.1600
rnbq1rk1/1p2ppbp/2p2np1/p2p4/P2P1B2/2P2NP1/1P2PPBP/RN1Q1RK1 b - - 5 8,0.1100
r1bq1rk1/1p1nppbp/2p2np1/p2p4/P2P1B2/2P2NP1/1P2PPBP/RN1Q1RK1 w - - 6 9,0.0200
r1bq1rk1/1p1nppbp/2p2np1/p2p4/P2P1B2/1QP2NP1/1P2PPBP/RN3RK1 b - - 7 9,-0.0500
r1bq1rk1/1p1nppbp/2p3p1/p2p4/P2P1Bn1/1QP2NP1/1P2PPBP/RN3RK1 w - - 8 10,0.0300
r1bq1rk1/1p1nppbp/2p3p1/p2p4/P2P1Bn1/1QP2NP1/1P2PPBP/RN2R1K1 b - - 9 10,-0.2600
r1bqr1k1/1p1nppbp/2p3p1/p2p4/P2P1Bn1/1QP2NP1/1P2PPBP/RN2R1K1 w - - 10 11,0.2800
r1bqr1k1/1p1nppbp/2p3p1/p2p4/P2PPBn1/1QP2NP1/1P3PBP/RN2R1K1 b - - 0 11,0.4100
r1b1r1k1/1p1nppbp/1qp3p1/p2p4/P2PPBn1/1QP2NP1/1P3PBP/RN2R1K1 w - - 1 12,0.8700
r1b1r1k1/1p1nppbp/1qp3p1/p2p4/P2PPBn1/1QP2NP1/1P1N1PBP/R3R1K1 b - - 2 12,0.5300
r1b1r1k1/1p1nppbp/2p3p1/p2p4/P2PPBn1/1qP2NP1/1P1N1PBP/R3R1K1 w - - 0 13,0.5200
r1b1r1k1/1p1nppbp/2p3p1/p2pN3/P2PPBn1/1qP3P1/1P1N1PBP/R3R1K1 b - - 1 13,-4.7000
r1b1r1k1/1p1nppbp/1qp3p1/p2pN3/P2PPBn1/2P3P1/1P1N1PBP/R3R1K1 w - - 2 14,-4.3500
r1b1r1k1/1p1nppbp/1qp3p1/p2PN3/P2P1Bn1/2P3P1/1P1N1PBP/R3R1K1 b - - 0 14,-5.9700
r1b1r1k1/1p1nppbp/1qp3p1/p2Pn3/P2P1B2/2P3P1/1P1N1PBP/R3R1K1 w - - 0 15,-5.2400
r1b1r1k1/1p1nppbp/1qp3p1/p2PB3/P2P4/2P3P1/1P1N1PBP/R3R1K1 b - - 0 15,-5.8800
r1b1r2k/1p1nppbp/1qp3p1/p2PB3/P2P4/2P3P1/1P1N1PBP/R3R1K1 w - - 1 16,-5.1900
r1b1r2k/1p1nppBp/1qp3p1/p2P4/P2P4/2P3P1/1P1N1PBP/R3R1K1 b - - 0 16,-5.4100
r1b1r1k1/1p1nppBp/1qp3p1/p2P4/P2P4/2P3P1/1P1N1PBP/R3R1K1 w - - 1 17,-3.7900
r1b1r1k1/1p1nppBp/1qp3p1/p2P4/P1NP4/2P3P1/1P3PBP/R3R1K1 b - - 2 17,-3.8100
r1b1r1k1/1p1nppBp/q1p3p1/p2P4/P1NP4/2P3P1/1P3PBP/R3R1K1 w - - 3 18,-3.5700
r1b1r1k1/1p1npp1p/q1p3pB/p2P4/P1NP4/2P3P1/1P3PBP/R3R1K1 b - - 4 18,-3.6100
r1b1r1k1/1p1npp1p/q5pB/p2p4/P1NP4/2P3P1/1P3PBP/R3R1K1 w - - 0 19,-3.9100
r1b1r1k1/1p1npp1p/q5pB/p2p4/P2P4/2P1N1P1/1P3PBP/R3R1K1 b - - 1 19,-3.7000
rnbqkb1r/pppp1ppp/4pn2/8/2PP4/5N2/PP2PPPP/RNBQKB1R b KQkq - 2 3,0.2800
rnbqk2r/ppppbppp/4pn2/8/2PP4/5N2/PP2PPPP/RNBQKB1R w KQkq - 3 4,0.4200
rnbqk2r/ppppbppp/4pn2/8/2PP4/2N2N2/PP2PPPP/R1BQKB1R b KQkq - 4 4,0.3700
rnbqk2r/ppp1bppp/4pn2/3p4/2PP4/2N2N2/PP2PPPP/R1BQKB1R w KQkq - 0 5,0.3600
rnbqk2r/ppp1bppp/4pn2/3p4/2PP1B2/2N2N2/PP2PPPP/R2QKB1R b KQkq - 1 5,0.4100
rnbqk2r/ppp1bppp/4p3/3p3n/2PP1B2/2N2N2/PP2PPPP/R2QKB1R w KQkq - 2 6,0.6000
rnbqk2r/ppp1bppp/4p3/3p3n/2PP4/2N2N2/PP1BPPPP/R2QKB1R b KQkq - 3 6,0.4100
rnbq1rk1/ppp1bppp/4p3/3p3n/2PP4/2N2N2/PP1BPPPP/R2QKB1R w KQ - 4 7,0.5400
rnbq1rk1/ppp1bppp/4p3/3p3n/2PP4/2N1PN2/PP1B1PPP/R2QKB1R b KQ - 0 7,0.2200
rnbq1rk1/ppp1bppp/4pn2/3p4/2PP4/2N1PN2/PP1B1PPP/R2QKB1R w KQ - 1 8,0.2000
rnbq1rk1/ppp1bppp/4pn2/3p4/2PP4/2NBPN2/PP1B1PPP/R2QK2R b KQ - 2 8,0.1900
rnbq1rk1/pp2bppp/4pn2/2pp4/2PP4/2NBPN2/PP1B1PPP/R2QK2R w KQ - 0 9,0.2600
rnbq1rk1/pp2bppp/4pn2/2pp4/2PP4/2NBPN2/PP1B1PPP/R2Q1RK1 b - - 1 9,0.0800
rnbq1rk1/pp2bppp/4pn2/2p5/2pP4/2NBPN2/PP1B1PPP/R2Q1RK1 w - - 0 10,-0.0700
rnbq1rk1/pp2bppp/4pn2/2p5/2BP4/2N1PN2/PP1B1PPP/R2Q1RK1 b - - 0 10,-0.0900
r1bq1rk1/pp2bppp/2n1pn2/2p5/2BP4/2N1PN2/PP1B1PPP/R2Q1RK1 w - - 1 11,0.3000
r1bq1rk1/pp2bppp/2n1pn2/2P5/2B5/2N1PN2/PP1B1PPP/R2Q1RK1 b - - 0 11,0.4100
r1bq1rk1/pp1nbppp/2n1p3/2P5/2B5/2N1PN2/PP1B1PPP/R2Q1RK1 w - - 1 12,0.8300
r1bq1rk1/pp1nbppp/2n1p3/2P5/2B1N3/4PN2/PP1B1PPP/R2Q1RK1 b - - 2 12,0.8000
r1bq1rk1/pp1nbppp/4p3/2P1n3/2B1N3/4PN2/PP1B1PPP/R2Q1RK1 w - - 3 13,1.4900
r1bq1rk1/pp1nbppp/4p3/2P1n3/2B1N3/4PN2/PP1BQPPP/R4RK1 b - - 4 13,0.3300
r1b2rk1/ppqnbppp/4p3/2P1n3/2B1N3/4PN2/PP1BQPPP/R4RK1 w - - 5 14,1.0100
r1b2rk1/ppqnbppp/4p3/2P1n3/1PB1N3/4PN2/P2BQPPP/R4RK1 b - - 0 14,0.5500
r1b2rk1/pp1nbppp/2q1p3/2P1n3/1PB1N3/4PN2/P2BQPPP/R4RK1 w - - 1 15,1.2900
r1b2rk1/pp1nbppp/2q1p3/2P1N3/1PB1N3/4P3/P2BQPPP/R4RK1 b - - 0 15,0.7100
r1b2rk1/pp2bppp/2q1p3/2P1n3/1PB1N3/4P3/P2BQPPP/R4RK1 w - - 0 16,0.7900
r1b2rk1/pp2bppp/2q1p3/2P1n3/1PB5/2N1P3/P2BQPPP/R4RK1 b - - 1 16,-0.0900
r1b2rk1/ppq1bppp/4p3/2P1n3/1PB5/2N1P3/P2BQPPP/R4RK1 w - - 2 17,1.4100
r1b2rk1/ppq1bppp/4p3/2P1n3/1PB5/P1N1P3/3BQPPP/R4RK1 b - - 0 17,0.4600
r1br2k1/ppq1bppp/4p3/2P1n3/1PB5/P1N1P3/3BQPPP/R4RK1 w - - 1 18,1.2400
r1br2k1/ppq1bppp/4p3/2P1n3/1PB5/P1N1P3/3BQPPP/R2R2K1 b - - 2 18,0.6000
r1br2k1/ppq1bppp/4p3/2P5/1Pn5/P1N1P3/3BQPPP/R2R2K1 w - - 0 19,0.5100
r1br2k1/ppq1bppp/4p3/2P5/1PQ5/P1N1P3/3B1PPP/R2R2K1 b - - 0 19,0.5400
r1br2k1/1pq1bppp/p3p3/2P5/1PQ5/P1N1P3/3B1PPP/R2R2K1 w - - 0 20,0.7400
r1br2k1/1pq1bppp/p3p3/2P5/1PQ1P3/P1N5/3B1PPP/R2R2K1 b - - 0 20,0.3700
r1br2k1/2q1bppp/pp2p3/2P5/1PQ1P3/P1N5/3B1PPP/R2R2K1 w - - 0 21,0.4100
r1br2k1/2q1bppp/pp2p3/2P5/1PQ1P3/P1N5/3B1PPP/2RR2K1 b - - 1 21,0.4000
r1br2k1/2q1bpp1/pp2p2p/2P5/1PQ1P3/P1N5/3B1PPP/2RR2K1 w - - 0 22,0.8200
r1br2k1/2q1bpp1/pp2p2p/2P5/1PQ1P3/P1N1B3/5PPP/2RR2K1 b - - 1 22,0.4000
r1b3k1/2qrbpp1/pp2p2p/2P5/1PQ1P3/P1N1B3/5PPP/2RR2K1 w - - 2 23,1.4800
r1b3k1/2qrbpp1/ppP1p2p/8/1PQ1P3/P1N1B3/5PPP/2RR2K1 b - - 0 23,1.7600
r1b3k1/2q1bpp1/ppP1p2p/8/1PQ1P3/P1N1B3/5PPP/2Rr2K1 w - - 0 24,2.0900
r1b3k1/2q1bpp1/ppP1p2p/8/1PQ1P3/P1N1B3/5PPP/3R2K1 b - - 0 24,-0.2200
r1b5/2q1bppk/ppP1p2p/8/1PQ1P3/P1N1B3/5PPP/3R2K1 w - - 1 25,3.3100
r1b5/2q1bppk/ppP1p2p/1P6/2Q1P3/P1N1B3/5PPP/3R2K1 b - - 0 25,2.2200
r1b5/4bppk/ppP1p2p/1P2q3/2Q1P3/P1N1B3/5PPP/3R2K1 w - - 1 26,2.6800
r1b5/4bppk/ppP1p2p/1P2q3/2Q1P3/P1N1B1P1/5P1P/3R2K1 b - - 0 26,1.1900
r1b5/5ppk/ppP1p2p/1P2q3/2Q1P3/b1N1B1P1/5P1P/3R2K1 w - - 0 27,1.5700
r1b5/5ppk/ppP1p2p/1P2q3/4P3/b1NQB1P1/5P1P/3R2K1 b - - 1 27,1.4000
r1b5/4bppk/ppP1p2p/1P2q3/4P3/2NQB1P1/5P1P/3R2K1 w - - 2 28,3.1300
r1b5/4bppk/ppP1p2p/1P2q3/4PB2/2NQ2P1/5P1P/3R2K1 b - - 3 28,3.1900
r1b5/4bppk/ppP1pq1p/1P6/4PB2/2NQ2P1/5P1P/3R2K1 w - - 4 29,1.8000
r1b5/4bppk/ppP1pq1p/1P6/4PB2/2NQ2P1/5P1P/R5K1 b - - 5 29,2.4100
2b5/r3bppk/ppP1pq1p/1P6/4PB2/2NQ2P1/5P1P/R5K1 w - - 6 30,3.1900
2b5/r3bppk/PpP1pq1p/8/4PB2/2NQ2P1/5P1P/R5K1 b - - 0 30,0.8800
2b5/4bppk/rpP1pq1p/8/4PB2/2NQ2P1/5P1P/R5K1 w - - 0 31,2.1300
2b5/4bppk/rpP1pq1p/8/4PB2/2NQ2P1/5P1P/2R3K1 b - - 1 31,0.9300
2b5/5ppk/rpP1pq1p/2b5/4PB2/2NQ2P1/5P1P/2R3K1 w - - 2 32,1.2700
2b5/5ppk/rpP1pq1p/2b1P3/5B2/2NQ2P1/5P1P/2R3K1 b - - 0 32,1.1800
2b5/5ppk/rpP1p1qp/2b1P3/5B2/2NQ2P1/5P1P/2R3K1 w - - 1 33,1.6000
2bQ4/5ppk/rpP1p1qp/2b1P3/5B2/2N3P1/5P1P/2R3K1 b - - 2 33,0.3200
2bQ4/5ppk/rpP1p2p/2b1P2q/5B2/2N3P1/5P1P/2R3K1 w - - 3 34,1.6800
2bQ4/5ppk/rpP1p2p/2b1P2q/4NB2/6P1/5P1P/2R3K1 b - - 4 34,1.0900
2bQ4/5ppk/rpP1p2p/2b1P3/4NB2/5qP1/5P1P/2R3K1 w - - 5 35,2.4000
2bQ4/5ppk/rpP1p2p/2b1P3/4N3/4BqP1/5P1P/2R3K1 b - - 6 35,-0.4100
2bQ4/5ppk/rpP1p2p/2b1P3/4q3/4B1P1/5P1P/2R3K1 w - - 0 36,0.0000
2bQ4/5ppk/rpP1p2p/2B1P3/4q3/6P1/5P1P/2R3K1 b - - 0 36,-1.2700
2bQ4/5ppk/r1P1p2p/2p1P3/4q3/6P1/5P1P/2R3K1 w - - 0 37,-1.2700
2Q5/5ppk/r1P1p2p/2p1P3/4q3/6P1/5P1P/2R3K1 b - - 0 37,-1.7000
2Q5/5ppk/r1P1p2p/2p1P3/q7/6P1/5P1P/2R3K1 w - - 1 38,2.5200
2Q5/2P2ppk/r3p2p/2p1P3/q7/6P1/5P1P/2R3K1 b - - 0 38,2.2200
2Q5/2P2ppk/1r2p2p/2p1P3/q7/6P1/5P1P/2R3K1 w - - 1 39,4.0100
3Q4/2P2ppk/1r2p2p/2p1P3/q7/6P1/5P1P/2R3K1 b - - 2 39,4.6900
3Q4/2P2ppk/1r2p2p/2p1P3/8/q5P1/5P1P/2R3K1 w - - 3 40,4.9700
rnbqkbnr/pp2pppp/8/2pp4/2P5/5NP1/PP1PPP1P/RNBQKB1R b KQkq - 0 3,0.1300
rnbqkbnr/pp3ppp/4p3/2pp4/2P5/5NP1/PP1PPP1P/RNBQKB1R w KQkq - 0 4,0.5900
rnbqkbnr/pp3ppp/4p3/2pp4/2P5/5NPB/PP1PPP1P/RNBQK2R b KQkq - 1 4,-0.1100
rnbqk1nr/pp2bppp/4p3/2pp4/2P5/5NPB/PP1PPP1P/RNBQK2R w KQkq - 2 5,0.0400
rnbqk1nr/pp2bppp/4p3/2pp4/2P5/5NP1/PP1PPPBP/RNBQK2R b KQkq - 3 5,-0.0200
rnbqk2r/pp2bppp/4pn2/2pp4/2P5/5NP1/PP1PPPBP/RNBQK2R w KQkq - 4 6,-0.0300
rnbqk2r/pp2bppp/4pn2/2pp4/2P5/5NP1/PP1PPPBP/RNBQ1RK1 b kq - 5 6,-0.2300
r1bqk2r/pp2bppp/2n1pn2/2pp4/2P5/5NP1/PP1PPPBP/RNBQ1RK1 w kq - 6 7,-0.0400
r1bqk2r/pp2bppp/2n1pn2/2pP4/8/5NP1/PP1PPPBP/RNBQ1RK1 b kq - 0 7,-0.0200
r1bqk2r/pp2bppp/2n2n2/2pp4/8/5NP1/PP1PPPBP/RNBQ1RK1 w kq - 0 8,0.0800
r1bqk2r/pp2bppp/2n2n2/2pp4/3P4/5NP1/PP2PPBP/RNBQ1RK1 b kq - 0 8,0.1400
r2qk2r/pp2bppp/2n2n2/2pp1b2/3P4/5NP1/PP2PPBP/RNBQ1RK1 w kq - 1 9,0.3700
r2qk2r/pp2bppp/2n2n2/2pp1bB1/3P4/5NP1/PP2PPBP/RN1Q1RK1 b kq - 2 9,-0.1800
r2q1rk1/pp2bppp/2n2n2/2pp1bB1/3P4/5NP1/PP2PPBP/RN1Q1RK1 w - - 3 10,0.6900
r2q1rk1/pp2bppp/2n2n2/2pp1bB1/3P4/2N2NP1/PP2PPBP/R2Q1RK1 b - - 4 10,0.3000
r2q1rk1/pp2bpp1/2n2n1p/2pp1bB1/3P4/2N2NP1/PP2PPBP/R2Q1RK1 w - - 0 11,0.4600
r2q1rk1/pp2bpp1/2n2n1p/2pp1b2/3P1B2/2N2NP1/PP2PPBP/R2Q1RK1 b - - 1 11,-0.7100
r4rk1/pp1qbpp1/2n2n1p/2pp1b2/3P1B2/2N2NP1/PP2PPBP/R2Q1RK1 w - - 2 12,-0.1000
r4rk1/pp1qbpp1/2n2n1p/2pp1b2/3P1B2/2N2NP1/PP2PPBP/2RQ1RK1 b - - 3 12,-0.1300
r3r1k1/pp1qbpp1/2n2n1p/2pp1b2/3P1B2/2N2NP1/PP2PPBP/2RQ1RK1 w - - 4 13,0.3800
r3r1k1/pp1qbpp1/2n2n1p/1Npp1b2/3P1B2/5NP1/PP2PPBP/2RQ1RK1 b - - 5 13,-0.7500
r3r1k1/pp1qbpp1/2n4p/1Npp1b1n/3P1B2/5NP1/PP2PPBP/2RQ1RK1 w - - 6 14,0.3100
r3r1k1/pp1qbpp1/2n4p/1Npp1b1n/3P4/4BNP1/PP2PPBP/2RQ1RK1 b - - 7 14,-0.9400
r3r1k1/pp1q1pp1/2n2b1p/1Npp1b1n/3P4/4BNP1/PP2PPBP/2RQ1RK1 w - - 8 15,0.8700
r3r1k1/pp1q1pp1/2n2b1p/1NppNb1n/3P4/4B1P1/PP2PPBP/2RQ1RK1 b - - 9 15,-0.5400
rnbqk1nr/ppppbppp/4p3/8/3PP3/2N5/PPP2PPP/R1BQKBNR b KQkq - 0 3,0.7100
rnbqk1nr/ppp1bppp/3pp3/8/3PP3/2N5/PPP2PPP/R1BQKBNR w KQkq - 0 4,0.6900
rnbqk1nr/ppp1bppp/3pp3/8/3PP3/2N2N2/PPP2PPP/R1BQKB1R b KQkq - 1 4,0.7800
r1bqk1nr/ppp1bppp/2npp3/8/3PP3/2N2N2/PPP2PPP/R1BQKB1R w KQkq - 2 5,0.7500
r1bqk1nr/ppp1bppp/2npp3/8/3PP3/P1N2N2/1PP2PPP/R1BQKB1R b KQkq - 0 5,0.6900
r1bqk2r/ppp1bppp/2nppn2/8/3PP3/P1N2N2/1PP2PPP/R1BQKB1R w KQkq - 1 6,0.6400
r1bqk2r/ppp1bppp/2nppn2/8/3PP3/P1N2N1P/1PP2PP1/R1BQKB1R b KQkq - 0 6,0.8300
r1bqk2r/ppp1bppp/2np1n2/4p3/3PP3/P1N2N1P/1PP2PP1/R1BQKB1R w KQkq - 0 7,0.9100
r1bqk2r/ppp1bppp/2np1n2/1B2p3/3PP3/P1N2N1P/1PP2PP1/R1BQK2R b KQkq - 1 7,0.6900
r1bq1rk1/ppp1bppp/2np1n2/1B2p3/3PP3/P1N2N1P/1PP2PP1/R1BQK2R w KQ - 2 8,1.0900
r1bq1rk1/ppp1bppp/2np1n2/4p3/3PP3/P1N2N1P/1PP1BPP1/R1BQK2R b KQ - 3 8,0.1500
r1bq1rk1/ppp1bppp/2np1n2/8/3pP3/P1N2N1P/1PP1BPP1/R1BQK2R w KQ - 0 9,0.1100
r1bq1rk1/ppp1bppp/2np1n2/1N6/3pP3/P4N1P/1PP1BPP1/R1BQK2R b KQ - 1 9,-1.8400
r2q1rk1/pppbbppp/2np1n2/1N6/3pP3/P4N1P/1PP1BPP1/R1BQK2R w KQ - 2 10,-0.5100
r2q1rk1/pppbbppp/2np1n2/1N6/3pP3/P2B1N1P/1PP2PP1/R1BQK2R b KQ - 3 10,-0.6300
r2q1rk1/pppbbppp/3p1n2/1N2n3/3pP3/P2B1N1P/1PP2PP1/R1BQK2R w KQ - 4 11,-0.4500
r2q1rk1/pppbbppp/3p1n2/1N2n3/3NP3/P2B3P/1PP2PP1/R1BQK2R b KQ - 0 11,-3.3200
r2q1rk1/pppbbppp/3p1n2/1N6/3NP3/P2n3P/1PP2PP1/R1BQK2R w KQ - 0 12,-0.9000
r2q1rk1/pppbbppp/3p1n2/1N6/3NP3/P2n3P/1PP1KPP1/R1BQ3R b - - 1 12,-6.5300
r2q1rk1/pppbbppp/3p1n2/1Nn5/3NP3/P6P/1PP1KPP1/R1BQ3R w - - 2 13,-6.2800
r2q1rk1/pppbbppp/3p1n2/1Nn5/3NP3/P6P/1PP2PP1/R1BQK2R b - - 3 13,-6.2100
r2q1rk1/1ppbbppp/3p1n2/pNn5/3NP3/P6P/1PP2PP1/R1BQK2R w - - 0 14,-5.9000
r2q1rk1/1ppbbppp/3p1n2/pNn5/3NP3/P4P1P/1PP3P1/R1BQK2R b - - 0 14,-6.2300
r2q1rk1/1ppbbppp/3p1n2/1Nn5/p2NP3/P4P1P/1PP3P1/R1BQK2R w - - 0 15,-5.1900
r2q1rk1/1ppbbppp/3p1n2/1Nn5/p2NP3/P3BP1P/1PP3P1/R2QK2R b - - 1 15,-5.5800
r2q1rk1/1ppbbppp/3p4/1Nn4n/p2NP3/P3BP1P/1PP3P1/R2QK2R w - - 2 16,-5.2400
r2q1rk1/1ppbbppp/3p4/1Nn4n/p2NP3/P4P1P/1PP2BP1/R2QK2R b - - 3 16,-5.6500
r2q1rk1/1ppbbpp1/3p3p/1Nn4n/p2NP3/P4P1P/1PP2BP1/R2QK2R w - - 0 17,-4.4500
r2q1rk1/1ppbbpp1/3p3p/1Nn4n/p2NP2P/P4P2/1PP2BP1/R2QK2R b - - 0 17,-5.3600
r2q1rk1/1ppbbpp1/3pn2p/1N5n/p2NP2P/P4P2/1PP2BP1/R2QK2R w - - 1 18,-5.5400
r2q1rk1/1ppbbpp1/3pn2p/1N5n/p2NP1PP/P4P2/1PP2B2/R2QK2R b - - 0 18,-5.3100
r2q1rk1/1ppbbpp1/3pn2p/1N6/p2NPnPP/P4P2/1PP2B2/R2QK2R w - - 1 19,-5.2900
r2q1rk1/1ppbbpp1/3pn2p/1N6/p2NPnPP/P4P2/1PPQ1B2/R3K2R b - - 2 19,-5.2600
r2q1rk1/1ppbbpp1/3pn1np/1N6/p2NP1PP/P4P2/1PPQ1B2/R3K2R w - - 3 20,-4.8400
r2q1rk1/1ppbbpp1/3pn1np/1N6/p2NP1PP/P4P2/1PPQ1B2/R3K1R1 b - - 4 20,-5.0300
r2q1rk1/1pp1bpp1/3pn1np/1b6/p2NP1PP/P4P2/1PPQ1B2/R3K1R1 w - - 0 21,-5.2900
r2q1rk1/1pp1bpp1/3pn1np/1b3N2/p3P1PP/P4P2/1PPQ1B2/R3K1R1 b - - 1 21,-5.0100
r2q1rk1/1pp1bpp1/3pn2p/1b3N2/p3P1Pn/P4P2/1PPQ1B2/R3K1R1 w - - 0 22,-5.5400
r2q1rk1/1pp1bpp1/3pn2p/1b3N2/p3P1Pn/P3QP2/1PP2B2/R3K1R1 b - - 1 22,-5.9800
r2q1r2/1pp1bppk/3pn2p/1b3N2/p3P1Pn/P3QP2/1PP2B2/R3K1R1 w - - 2 23,-4.6300
r2q1r2/1pp1bppk/3pn2p/1b3N2/p3P1Pn/P3QP2/1PPK1B2/R5R1 b - - 3 23,-6.3100
r2q1r2/1ppbbppk/3pn2p/5N2/p3P1Pn/P3QP2/1PPK1B2/R5R1 w - - 4 24,-5.3300
r2q1r2/1ppbbppk/3pn2p/5N2/p3PPPn/P3Q3/1PPK1B2/R5R1 b - - 0 24,-5.3700
r2q3r/1ppbbppk/3pn2p/5N2/p3PPPn/P3Q3/1PPK1B2/R5R1 w - - 1 25,-4.4900
r2q3r/1ppbbppk/3pn2p/5NP1/p3PP1n/P3Q3/1PPK1B2/R5R1 b - - 0 25,-5.4100
r2q3r/1ppbbppk/3pn3/5Np1/p3PP1n/P3Q3/1PPK1B2/R5R1 w - - 0 26,-4.7900
r2q3r/1ppbbppk/3pn3/5Np1/p3PP1n/P2Q4/1PPK1B2/R5R1 b - - 1 26,-6.5300
2rq3r/1ppbbppk/3pn3/5Np1/p3PP1n/P2Q4/1PPK1B2/R5R1 w - - 2 27,-4.8200
2rq3r/1ppbbppk/3pn3/5Np1/p3PP1n/P2Q4/1PPK1B2/R6R b - - 3 27,-5.6200
2rq3r/1ppbbp1k/3pn1p1/5Np1/p3PP1n/P2Q4/1PPK1B2/R6R w - - 0 28,-4.5800
2rq3r/1ppbbp1k/3pn1p1/5Np1/p2QPP1n/P7/1PPK1B2/R6R b - - 1 28,-6.1700
2rq3r/1ppbbp1k/3p2p1/5Np1/p2nPP1n/P7/1PPK1B2/R6R w - - 0 29,-6.5800
2rq3r/1ppbbp1k/3p2p1/5Np1/p2BPP1n/P7/1PPK4/R6R b - - 0 29,-6.4200
2rq2kr/1ppbbp2/3p2p1/5Np1/p2BPP1n/P7/1PPK4/R6R w - - 1 30,-6.7500
2rq2kr/1ppbNp2/3p2p1/6p1/p2BPP1n/P7/1PPK4/R6R b - - 0 30,-7.3200
2rq3r/1ppbNp1k/3p2p1/6p1/p2BPP1n/P7/1PPK4/R6R w - - 1 31,-0.5000
2rq3r/1ppb1p1k/3p2p1/3N2p1/p2BPP1n/P7/1PPK4/R6R b - - 2 31,-3.6300
2rq2kr/1ppb1p2/3p2p1/3N2p1/p2BPP1n/P7/1PPK4/R6R w - - 3 32,-3.7900
2rq2kr/1ppb1p2/3p1Bp1/3N2p1/p3PP1n/P7/1PPK4/R6R b - - 4 32,-4.0500
2r3kr/1ppb1p2/3p1qp1/3N2p1/p3PP1n/P7/1PPK4/R6R w - - 0 33,-4.5300
2r3kr/1ppb1p2/3p1Np1/6p1/p3PP1n/P7/1PPK4/R6R b - - 0 33,-4.8000
2r2k1r/1ppb1p2/3p1Np1/6p1/p3PP1n/P7/1PPK4/R6R w - - 1 34,-2.9100
2r2k1r/1ppb1p2/3p1Np1/6p1/p3PP1n/P7/1PPK4/5R1R b - - 2 34,-4.9000
2r2k1r/1pp2p2/3p1Np1/1b4p1/p3PP1n/P7/1PPK4/5R1R w - - 3 35,-4.6800
rnbqkbnr/ppp2ppp/4p3/3p4/4P3/3P1N2/PPP2PPP/RNBQKB1R b KQkq - 0 3,0.0500
rnbqkbnr/pp3ppp/4p3/2pp4/4P3/3P1N2/PPP2PPP/RNBQKB1R w KQkq - 0 4,0.0700
rnbqkbnr/pp3ppp/4p3/2pP4/8/3P1N2/PPP2PPP/RNBQKB1R b KQkq - 0 4,0.0800
rnb1kbnr/pp3ppp/4p3/2pq4/8/3P1N2/PPP2PPP/RNBQKB1R w KQkq - 0 5,0.7700
rnb1kbnr/pp3ppp/4p3/2pq4/8/2NP1N2/PPP2PPP/R1BQKB1R b KQkq - 1 5,0.6300
rnb1kbnr/pp3ppp/2q1p3/2p5/8/2NP1N2/PPP2PPP/R1BQKB1R w KQkq - 2 6,1.1100
rnb1kbnr/pp3ppp/2q1p3/2p5/3P4/2N2N2/PPP2PPP/R1BQKB1R b KQkq - 0 6,1.0300
rn2kbnr/pp1b1ppp/2q1p3/2p5/3P4/2N2N2/PPP2PPP/R1BQKB1R w KQkq - 1 7,1.9300
rn2kbnr/pp1b1ppp/2q1p3/2p5/2BP4/2N2N2/PPP2PPP/R1BQK2R b KQkq - 2 7,0.7100
rnq1kbnr/pp1b1ppp/4p3/2p5/2BP4/2N2N2/PPP2PPP/R1BQK2R w KQkq - 3 8,1.9400
rnq1kbnr/pp1b1ppp/4p3/2p5/2BP4/2N1BN2/PPP2PPP/R2QK2R b KQkq - 4 8,0.9000
rnq1k1nr/pp1bbppp/4p3/2p5/2BP4/2N1BN2/PPP2PPP/R2QK2R w KQkq - 5 9,1.6200
rnq1k1nr/pp1bbppp/4p3/2pP4/2B5/2N1BN2/PPP2PPP/R2QK2R b KQkq - 0 9,1.7000
rnq1k1nr/pp1bbpp1/4p2p/2pP4/2B5/2N1BN2/PPP2PPP/R2QK2R w KQkq - 0 10,2.4000
rnq1k1nr/pp1bbpp1/4p2p/2pP4/2B5/2N1BN2/PPP1QPPP/R3K2R b KQkq - 1 10,1.6500
rnq1k2r/pp1bbpp1/4pn1p/2pP4/2B5/2N1BN2/PPP1QPPP/R3K2R w KQkq - 2 11,1.7900
rnq1k2r/pp1bbpp1/4pn1p/2pPN3/2B5/2N1B3/PPP1QPPP/R3K2R b KQkq - 3 11,1.5700
rnq2rk1/pp1bbpp1/4pn1p/2pPN3/2B5/2N1B3/PPP1QPPP/R3K2R w KQ - 4 12,2.5300
rnq2rk1/pp1bbpp1/4pn1B/2pPN3/2B5/2N5/PPP1QPPP/R3K2R b KQ - 0 12,0.5900
rnq2rk1/pp1bbpp1/5n1B/2ppN3/2B5/2N5/PPP1QPPP/R3K2R w KQ - 0 13,0.4800
rnq2rk1/pp1bbpp1/5n1B/2pNN3/2B5/8/PPP1QPPP/R3K2R b KQ - 0 13,0.8200
rnqb1rk1/pp1b1pp1/5n1B/2pNN3/2B5/8/PPP1QPPP/R3K2R w KQ - 1 14,2.3400
rnqb1rk1/pp1b1pp1/5n1B/2pNN3/2B5/8/PPP1QPPP/2KR3R b - - 2 14,2.3400
rnqb1rk1/pp1b1p2/5n1p/2pNN3/2B5/8/PPP1QPPP/2KR3R w - - 0 15,2.8600
rnqb1rk1/pp1b1p2/5n1p/2p1N3/2B5/2N5/PPP1QPPP/2KR3R b - - 1 15,-1.1900
rnq2rk1/ppbb1p2/5n1p/2p1N3/2B5/2N5/PPP1QPPP/2KR3R w - - 2 16,1.1200
rnq2rk1/ppbb1p2/5n1p/2pNN3/2B5/8/PPP1QPPP/2KR3R b - - 3 16,0.2600
rnq2rk1/pp1b1p2/5n1p/2pNb3/2B5/8/PPP1QPPP/2KR3R w - - 0 17,3.6600
rnq2rk1/pp1b1p2/5n1p/2pNQ3/2B5/8/PPP2PPP/2KR3R b - - 0 17,2.0400
rnq2rk1/pp1b1p2/7p/2pnQ3/2B5/8/PPP2PPP/2KR3R w - - 0 18,2.0000
rnq2rk1/pp1b1p2/7p/2pRQ3/2B5/8/PPP2PPP/2K4R b - - 0 18,1.6200
rnq2r2/pp1b1p1k/7p/2pRQ3/2B5/8/PPP2PPP/2K4R w - - 1 19,3.8500
rnq2r2/pp1b1p1k/7p/2pR4/2B1Q3/8/PPP2PPP/2K4R b - - 2 19,2.3700
rnq2r2/pp1b1pk1/7p/2pR4/2B1Q3/8/PPP2PPP/2K4R w - - 3 20,3.5400
rnq2r2/pp1b1pk1/7p/2pRQ3/2B5/8/PPP2PPP/2K4R b - - 4 20,3.6200
rnq2rk1/pp1b1p2/7p/2pRQ3/2B5/8/PPP2PPP/2K4R w - - 5 21,5.5800
rnq2rk1/pp1b1p2/3R3p/2p1Q3/2B5/8/PPP2PPP/2K4R b - - 6 21,5.8000
rn3rk1/ppqb1p2/3R3p/2p1Q3/2B5/8/PPP2PPP/2K4R w - - 7 22,10.0000
rn3rk1/ppqb1p2/6Rp/2p1Q3/2B5/8/PPP2PPP/2K4R b - - 8 22,10.0000
rn3r2/ppqb1p1k/6Rp/2p1Q3/2B5/8/PPP2PPP/2K4R w - - 9 23,10.0000
rn3r2/ppqb1pRk/7p/2p1Q3/2B5/8/PPP2PPP/2K4R b - - 10 23,6.1000
rn3r1k/ppqb1pR1/7p/2p1Q3/2B5/8/PPP2PPP/2K4R w - - 11 24,6.2800
rn3r1k/ppQb1pR1/7p/2p5/2B5/8/PPP2PPP/2K4R b - - 0 24,6.3700
rn3r1k/p1Qb1pR1/7p/1pp5/2B5/8/PPP2PPP/2K4R w - - 0 25,7.8900
rn3r1k/p1Qb1pR1/7p/1ppB4/8/8/PPP2PPP/2K4R b - - 1 25,6.5400
rn3r1k/p1Q2pR1/7p/1ppB1b2/8/8/PPP2PPP/2K4R w - - 2 26,9.1300
rn3r1k/p1Q2pR1/7p/1ppB1b2/6P1/8/PPP2P1P/2K4R b - - 0 26,6.7700
rnr4k/p1Q2pR1/7p/1ppB1b2/6P1/8/PPP2P1P/2K4R w - - 1 27,8.5600
rnr3Rk/p1Q2p2/7p/1ppB1b2/6P1/8/PPP2P1P/2K4R b - - 2 27,7.9300
rnbqkbnr/ppp2ppp/4p3/3p4/3PP3/2N5/PPP2PPP/R1BQKBNR b KQkq - 1 3,0.4200
rnbqkb1r/ppp2ppp/4pn2/3p4/3PP3/2N5/PPP2PPP/R1BQKBNR w KQkq - 2 4,0.4800
rnbqkb1r/ppp2ppp/4pn2/3pP3/3P4/2N5/PPP2PPP/R1BQKBNR b KQkq - 0 4,0.4700
rnbqkb1r/ppp2ppp/4p3/3pP3/3Pn3/2N5/PPP2PPP/R1BQKBNR w KQkq - 1 5,0.9100
rnbqkb1r/ppp2ppp/4p3/3pP3/3Pn3/2N2N2/PPP2PPP/R1BQKB1R b KQkq - 2 5,-0.0900
rnbqkb1r/ppp2pp1/4p2p/3pP3/3Pn3/2N2N2/PPP2PPP/R1BQKB1R w KQkq - 0 6,0.4800
rnbqkb1r/ppp2pp1/4p2p/3pP3/3Pn3/2NB1N2/PPP2PPP/R1BQK2R b KQkq - 1 6,0.1800
rnbqk2r/ppp2pp1/4p2p/3pP3/1b1Pn3/2NB1N2/PPP2PPP/R1BQK2R w KQkq - 2 7,0.6700
rnbqk2r/ppp2pp1/4p2p/3pP3/1b1Pn3/2NB4/PPPN1PPP/R1BQK2R b KQkq - 3 7,-0.8100
rnbqk2r/ppp2pp1/4p2p/3pP3/1b1P4/2nB4/PPPN1PPP/R1BQK2R w KQkq - 0 8,-0.8100
rnbqk2r/ppp2pp1/4p2p/3pP3/1b1P4/2PB4/P1PN1PPP/R1BQK2R b KQkq - 0 8,-2.1300
rnbqkb1r/ppp2pp1/4p2p/3pP3/3P4/2PB4/P1PN1PPP/R1BQK2R w KQkq - 1 9,0.8500
rnbqkb1r/ppp2pp1/4p2p/3pP3/3P4/1NPB4/P1P2PPP/R1BQK2R b KQkq - 2 9,0.6900
rnb1kb1r/pppq1pp1/4p2p/3pP3/3P4/1NPB4/P1P2PPP/R1BQK2R w KQkq - 3 10,0.8000
rnb1kb1r/pppq1pp1/4p2p/3pP3/3P4/1NPB4/P1P2PPP/R1BQ1RK1 b kq - 4 10,0.7600
rnb1kb1r/1ppq1pp1/4p2p/p2pP3/3P4/1NPB4/P1P2PPP/R1BQ1RK1 w kq - 0 11,0.9600
rnb1kb1r/1ppq1pp1/4p2p/p2pP3/P2P4/1NPB4/2P2PPP/R1BQ1RK1 b kq - 0 11,0.9800
rnb1kb1r/1ppq1pp1/4p3/p2pP2p/P2P4/1NPB4/2P2PPP/R1BQ1RK1 w kq - 0 12,1.9200
rnb1kb1r/1ppq1pp1/4p3/p2pP2p/P2P1P2/1NPB4/2P3PP/R1BQ1RK1 b kq - 0 12,1.4500
rnb1kb1r/1ppq1p2/4p1p1/p2pP2p/P2P1P2/1NPB4/2P3PP/R1BQ1RK1 w kq - 0 13,1.5700
rnb1kb1r/1ppq1p2/4p1p1/p2pP2p/P2P1P2/1NPB1Q2/2P3PP/R1B2RK1 b kq - 1 13,1.2400
rnb1kb1r/2pq1p2/1p2p1p1/p2pP2p/P2P1P2/1NPB1Q2/2P3PP/R1B2RK1 w kq - 0 14,1.0600
rnb1kb1r/2pq1p2/1p2p1p1/p2pP2p/P1PP1P2/1N1B1Q2/2P3PP/R1B2RK1 b kq - 0 14,1.0600
r1b1kb1r/2pq1p2/1pn1p1p1/p2pP2p/P1PP1P2/1N1B1Q2/2P3PP/R1B2RK1 w kq - 1 15,1.9800
r1b1kb1r/2pq1p2/1pn1p1p1/p2PP2p/P2P1P2/1N1B1Q2/2P3PP/R1B2RK1 b kq - 0 15,1.8500
r1b1kb1r/2pq1p2/1p2p1p1/p2PP2p/P2n1P2/1N1B1Q2/2P3PP/R1B2RK1 w kq - 0 16,4.8800
r1b1kb1r/2pq1p2/1p2p1p1/p2PP2p/P2n1P2/1N1B4/2P2QPP/R1B2RK1 b kq - 1 16,1.1200
r1b1kb1r/2pq1p2/1p2p1p1/p2PP2p/P4P2/1n1B4/2P2QPP/R1B2RK1 w kq - 0 17,1.2300
r1b1kb1r/2pq1p2/1p2p1p1/pB1PP2p/P4P2/1n6/2P2QPP/R1B2RK1 b kq - 1 17,1.0700
r1b1kb1r/2p2p2/1p2p1p1/pq1PP2p/P4P2/1n6/2P2QPP/R1B2RK1 w kq - 0 18,2.4600
r1b1kb1r/2p2p2/1p2p1p1/pP1PP2p/5P2/1n6/2P2QPP/R1B2RK1 b kq - 0 18,2.3700
r1b1kb1r/2p2p2/1p2p1p1/pP1PP2p/5P2/8/2P2QPP/n1B2RK1 w kq - 0 19,2.7200
r1b1kb1r/2p2p2/1p1Pp1p1/pP2P2p/5P2/8/2P2QPP/n1B2RK1 b kq - 0 19,2.6900
r1b1kb1r/2p2p2/1p1Pp1p1/pP2P2p/5P2/8/2n2QPP/2B2RK1 w kq - 0 20,4.3900
r1b1kb1r/2p2p2/1p1Pp1p1/pP2P2p/5P2/5Q2/2n3PP/2B2RK1 b kq - 1 20,1.3100
1rb1kb1r/2p2p2/1p1Pp1p1/pP2P2p/5P2/5Q2/2n3PP/2B2RK1 w k - 2 21,1.6000
1rb1kb1r/2p2p2/1p1Pp1p1/pP2P2p/5P2/2Q5/2n3PP/2B2RK1 b k - 3 21,1.6500
1r2kb1r/2pb1p2/1p1Pp1p1/pP2P2p/5P2/2Q5/2n3PP/2B2RK1 w k - 4 22,1.6800
1r2kb1r/2pb1p2/1p1Pp1p1/pP2PP1p/8/2Q5/2n3PP/2B2RK1 b k - 0 22,1.1400
1r2kb1r/2pb1p2/1p1P2p1/pP2Pp1p/8/2Q5/2n3PP/2B2RK1 w k - 0 23,2.8400
1r2kb1r/2pb1p2/1p1P2p1/pP2Pp1p/8/2Q5/1Bn3PP/5RK1 b k - 1 23,1.5700
1r2kb1r/2pb1p2/1p1P2p1/pP2Pp1p/1n6/2Q5/1B4PP/5RK1 w k - 2 24,1.4500
1r2kb1r/2pb1p2/1p1PP1p1/pP3p1p/1n6/2Q5/1B4PP/5RK1 b k - 0 24,1.3100
1r2kb1r/2pb4/1p1Pp1p1/pP3p1p/1n6/2Q5/1B4PP/5RK1 w k - 0 25,3.3700
1r2kb1Q/2pb4/1p1Pp1p1/pP3p1p/1n6/8/1B4PP/5RK1 b - - 0 25,3.1700
1r2kb1Q/2p5/1p1Pp1p1/pb3p1p/1n6/8/1B4PP/5RK1 w - - 0 26,3.3100
1r2kb1Q/2p5/1p1Pp1p1/pb3p1p/1n6/8/1B4PP/3R2K1 b - - 1 26,3.0600
1r2kb1Q/2p5/1pbPp1p1/p4p1p/1n6/8/1B4PP/3R2K1 w - - 2 27,5.6900
1r2kb1Q/2p3B1/1pbPp1p1/p4p1p/1n6/8/6PP/3R2K1 b - - 3 27,6.3400
1r3b1Q/2p2kB1/1pbPp1p1/p4p1p/1n6/8/6PP/3R2K1 w - - 4 28,6.1000
1r3b1Q/2p2k2/1pbPp1p1/p4p1p/1n6/8/1B4PP/3R2K1 b - - 5 28,3.6600
1r3b1Q/2p2k2/1p1Pp1p1/p2b1p1p/1n6/8/1B4PP/3R2K1 w - - 6 29,10.0000
1r3b1Q/2p2k2/1p1Pp1p1/p2b1p1p/1n4P1/8/1B5P/3R2K1 b - - 0 29,2.7500
1r3b1Q/2p2k2/1p1Pp1p1/p2b1p2/1n4p1/8/1B5P/3R2K1 w - - 0 30,10.0000
1r3b1Q/2p2k2/1p1Pp1p1/p2b1p2/1n4p1/8/1B5P/2R3K1 b - - 1 30,3.3300
2r2b1Q/2p2k2/1p1Pp1p1/p2b1p2/1n4p1/8/1B5P/2R3K1 w - - 2 31,10.0000
2r2b1Q/2R2k2/1p1Pp1p1/p2b1p2/1n4p1/8/1B5P/6K1 b - - 0 31,3.9700
2r4Q/2R1bk2/1p1Pp1p1/p2b1p2/1n4p1/8/1B5P/6K1 w - - 1 32,10.0000
2r5/2R1bkQ1/1p1Pp1p1/p2b1p2/1n4p1/8/1B5P/6K1 b - - 2 32,10.0000
2r1k3/2R1b1Q1/1p1Pp1p1/p2b1p2/1n4p1/8/1B5P/6K1 w - - 3 33,10.0000
2r1k3/2RPb1Q1/1p2p1p1/p2b1p2/1n4p1/8/1B5P/6K1 b - - 0 33,10.0000
2rk4/2RPb1Q1/1p2p1p1/p2b1p2/1n4p1/8/1B5P/6K1 w - - 1 34,10.0000
2rk3Q/2RPb3/1p2p1p1/p2b1p2/1n4p1/8/1B5P/6K1 b - - 2 34,10.0000
2r4Q/2kPb3/1p2p1p1/p2b1p2/1n4p1/8/1B5P/6K1 w - - 0 35,10.0000
rnbqkbnr/pp1p1ppp/4p3/2p5/2P5/2N2N2/PP1PPPPP/R1BQKB1R b KQkq - 1 3,0.3600
rnbqkbnr/pp3ppp/4p3/2pp4/2P5/2N2N2/PP1PPPPP/R1BQKB1R w KQkq - 0 4,0.3600
rnbqkbnr/pp3ppp/4p3/2pp4/2PP4/2N2N2/PP2PPPP/R1BQKB1R b KQkq - 0 4,-0.3200
rnbqkbnr/pp3ppp/4p3/2p5/2pP4/2N2N2/PP2PPPP/R1BQKB1R w KQkq - 0 5,0.4100
rnbqkbnr/pp3ppp/4p3/2p3B1/2pP4/2N2N2/PP2PPPP/R2QKB1R b KQkq - 1 5,-0.1100
rnb1kbnr/pp3ppp/1q2p3/2p3B1/2pP4/2N2N2/PP2PPPP/R2QKB1R w KQkq - 2 6,1.0900
rnb1kbnr/pp3ppp/1q2p3/2p3B1/2pPP3/2N2N2/PP3PPP/R2QKB1R b KQkq - 0 6,0.4500
rnb1kbnr/pp3pp1/1q2p2p/2p3B1/2pPP3/2N2N2/PP3PPP/R2QKB1R w KQkq - 0 7,1.3400
rnb1kbnr/pp3pp1/1q2p2p/2p5/2pPP3/2N1BN2/PP3PPP/R2QKB1R b KQkq - 1 7,0.7600
rnb1kbnr/pp3pp1/1q2p2p/8/2ppP3/2N1BN2/PP3PPP/R2QKB1R w KQkq - 0 8,0.6700
rnb1kbnr/pp3pp1/1q2p2p/8/2pNP3/2N1B3/PP3PPP/R2QKB1R b KQkq - 0 8,1.4100
rn2kbnr/pp1b1pp1/1q2p2p/8/2pNP3/2N1B3/PP3PPP/R2QKB1R w KQkq - 1 9,1.3600
rn2kbnr/pp1b1pp1/1q2p2p/1N6/2p1P3/2N1B3/PP3PPP/R2QKB1R b KQkq - 2 9,0.7400
rn1qkbnr/pp1b1pp1/4p2p/1N6/2p1P3/2N1B3/PP3PPP/R2QKB1R w KQkq - 3 10,1.6000
rn1qkbnr/Np1b1pp1/4p2p/8/2p1P3/2N1B3/PP3PPP/R2QKB1R b KQkq - 0 10,0.4500
rn2kbnr/Npqb1pp1/4p2p/8/2p1P3/2N1B3/PP3PPP/R2QKB1R w KQkq - 1 11,1.5000
rn2kbnr/Npqb1pp1/4p2p/8/2p1P3/2N1B3/PP2BPPP/R2QK2R b KQkq - 2 11,-0.3100
rn2k1nr/Npqb1pp1/3bp2p/8/2p1P3/2N1B3/PP2BPPP/R2QK2R w KQkq - 3 12,1.5200
rn2k1nr/Npqb1pp1/3bp2p/8/P1p1P3/2N1B3/1P2BPPP/R2QK2R b KQkq - 0 12,1.1400
rn2k2r/Npqbnpp1/3bp2p/8/P1p1P3/2N1B3/1P2BPPP/R2QK2R w KQkq - 1 13,1.7200
rn2k2r/Npqbnpp1/3bp2p/8/P1p1P3/2N1B3/1P2BPPP/R2Q1RK1 b kq - 2 13,1.8200
rn3rk1/Npqbnpp1/3bp2p/8/P1p1P3/2N1B3/1P2BPPP/R2Q1RK1 w - - 3 14,1.6900
rn3rk1/Npqbnpp1/3bp2p/1N6/P1p1P3/4B3/1P2BPPP/R2Q1RK1 b - - 4 14,1.1700
rn3rk1/Npqbnpp1/4p2p/1N6/P1p1P3/4B3/1P2BPPb/R2Q1RK1 w - - 0 15,1.4900
rnbqkbnr/pp1p1ppp/4p3/2p5/2P1P3/5N2/PP1P1PPP/RNBQKB1R b KQkq - 0 3,0.2400
rnbqkbnr/p2p1ppp/1p2p3/2p5/2P1P3/5N2/PP1P1PPP/RNBQKB1R w KQkq - 0 4,0.4400
rnbqkbnr/p2p1ppp/1p2p3/2p5/2P1P3/5N2/PP1PBPPP/RNBQK2R b KQkq - 1 4,0.3600
rn1qkbnr/pb1p1ppp/1p2p3/2p5/2P1P3/5N2/PP1PBPPP/RNBQK2R w KQkq - 2 5,0.4500
rn1qkbnr/pb1p1ppp/1p2p3/2p5/2P1P3/2N2N2/PP1PBPPP/R1BQK2R b KQkq - 3 5,0.3800
r2qkbnr/pb1p1ppp/1pn1p3/2p5/2P1P3/2N2N2/PP1PBPPP/R1BQK2R w KQkq - 4 6,0.4000
r2qkbnr/pb1p1ppp/1pn1p3/2p5/2P1P3/2NP1N2/PP2BPPP/R1BQK2R b KQkq - 0 6,0.0200
r2qkb1r/pb1p1ppp/1pn1pn2/2p5/2P1P3/2NP1N2/PP2BPPP/R1BQK2R w KQkq - 1 7,0.1200
r2qkb1r/pb1p1ppp/1pn1pn2/2p5/2P1P3/2NP1N1P/PP2BPP1/R1BQK2R b KQkq - 0 7,0.0700
r3kb1r/pbqp1ppp/1pn1pn2/2p5/2P1P3/2NP1N1P/PP2BPP1/R1BQK2R w KQkq - 1 8,0.0800
r3kb1r/pbqp1ppp/1pn1pn2/2p5/2P1P3/P1NP1N1P/1P2BPP1/R1BQK2R b KQkq - 0 8,-0.1100
2r1kb1r/pbqp1ppp/1pn1pn2/2p5/2P1P3/P1NP1N1P/1P2BPP1/R1BQK2R w KQk - 1 9,-0.1500
2r1kb1r/pbqp1ppp/1pn1pn2/2p5/2P1P3/P1NP1N1P/1P2BPP1/R1BQ1RK1 b k - 2 9,-0.1200
2r1k2r/pbqpbppp/1pn1pn2/2p5/2P1P3/P1NP1N1P/1P2BPP1/R1BQ1RK1 w k - 3 10,-0.1000
2r1k2r/pbqpbppp/1pn1pn2/2p5/2P1P3/P1NP1N1P/1P2BPP1/R1BQR1K1 b k - 4 10,-0.0800
1qr1k2r/pb1pbppp/1pn1pn2/2p5/2P1P3/P1NP1N1P/1P2BPP1/R1BQR1K1 w k - 5 11,0.0500
1qr1k2r/pb1pbppp/1pn1pn2/2p5/2P1P3/P1NPBN1P/1P2BPP1/R2QR1K1 b k - 6 11,-0.0200
1qr2rk1/pb1pbppp/1pn1pn2/2p5/2P1P3/P1NPBN1P/1P2BPP1/R2QR1K1 w - - 7 12,0.0100
1qr2rk1/pb1pbppp/1pn1pn2/2p5/2P1P3/P1NPBN1P/1P3PP1/R2QRBK1 b - - 8 12,-0.0100
1qrr2k1/pb1pbppp/1pn1pn2/2p5/2P1P3/P1NPBN1P/1P3PP1/R2QRBK1 w - - 9 13,-0.0500
1qrr2k1/pb1pbppp/1pn1pn2/2p5/2P1P3/P1NPBN1P/1P3PP1/1R1QRBK1 b - - 10 13,-0.3400
1qrr2k1/pb1p1ppp/1pnbpn2/2p5/2P1P3/P1NPBN1P/1P3PP1/1R1QRBK1 w - - 11 14,0.2200
1qrr2k1/pb1p1ppp/1pnbpn2/2p5/2P1P3/P1NPBN1P/1P2QPP1/1R2RBK1 b - - 12 14,0.1400
1qrr1bk1/pb1p1ppp/1pn1pn2/2p5/2P1P3/P1NPBN1P/1P2QPP1/1R2RBK1 w - - 13 15,0.1300
1qrr1bk1/pb1p1ppp/1pn1pn2/2p5/2PPP3/P1N1BN1P/1P2QPP1/1R2RBK1 b - - 0 15,-0.2200
1qrr1bk1/pb3ppp/1pn1pn2/2pp4/2PPP3/P1N1BN1P/1P2QPP1/1R2RBK1 w - - 0 16,0.3100
1qrr1bk1/pb3ppp/1pn1pn2/2ppP3/2PP4/P1N1BN1P/1P2QPP1/1R2RBK1 b - - 0 16,-0.8800
1qrr1bk1/pb3ppp/1p2pn2/2ppP3/2Pn4/P1N1BN1P/1P2QPP1/1R2RBK1 w - - 0 17,-0.9500
1qrr1bk1/pb3ppp/1p2pn2/2ppP3/2PN4/P1N1B2P/1P2QPP1/1R2RBK1 b - - 0 17,-0.9600
1qrr1bk1/pb1n1ppp/1p2p3/2ppP3/2PN4/P1N1B2P/1P2QPP1/1R2RBK1 w - - 1 18,1.7900
1qrr1bk1/pb1n1ppp/1p2p3/2ppP3/2P5/PNN1B2P/1P2QPP1/1R2RBK1 b - - 2 18,1.2700
2rr1bk1/pb1n1ppp/1p2p3/2ppq3/2P5/PNN1B2P/1P2QPP1/1R2RBK1 w - - 0 19,1.8700
2rr1bk1/pb1n1ppp/1p2p3/2ppq3/2P5/PNN4P/1P1BQPP1/1R2RBK1 b - - 1 19,0.9000
2rr1bk1/pb1n1ppp/1p2p3/2pp4/2P5/PNN4P/1P1BqPP1/1R2RBK1 w - - 0 20,0.7500
2rr1bk1/pb1n1ppp/1p2p3/2pp4/2P5/PNN4P/1P1BBPP1/1R2R1K1 b - - 0 20,0.7900
2rr1bk1/pb1n1pp1/1p2p2p/2pp4/2P5/PNN4P/1P1BBPP1/1R2R1K1 w - - 0 21,1.5000
2rr1bk1/pb1n1pp1/1p2p2p/1Npp4/2P5/PN5P/1P1BBPP1/1R2R1K1 b - - 1 21,0.8300
2rr1bk1/pb3pp1/1p2pn1p/1Npp4/2P5/PN5P/1P1BBPP1/1R2R1K1 w - - 2 22,1.6300
2rr1bk1/Nb3pp1/1p2pn1p/2pp4/2P5/PN5P/1P1BBPP1/1R2R1K1 b - - 0 22,2.0700
1r1r1bk1/Nb3pp1/1p2pn1p/2pp4/2P5/PN5P/1P1BBPP1/1R2R1K1 w - - 1 23,2.6600
1r1r1bk1/Nb3pp1/1p2pn1p/2pp4/2P2B2/PN5P/1P2BPP1/1R2R1K1 b - - 2 23,2.6700
1r1r1bk1/Nb3pp1/1p2pn1p/2p5/2p2B2/PN5P/1P2BPP1/1R2R1K1 w - - 0 24,3.2500
1B1r1bk1/Nb3pp1/1p2pn1p/2p5/2p5/PN5P/1P2BPP1/1R2R1K1 b - - 0 24,3.2500
1r3bk1/Nb3pp1/1p2pn1p/2p5/2p5/PN5P/1P2BPP1/1R2R1K1 w - - 0 25,3.7500
1r3bk1/Nb3pp1/1p2pn1p/2p5/2p5/P6P/1P2BPP1/NR2R1K1 b - - 1 25,3.5200
r4bk1/Nb3pp1/1p2pn1p/2p5/2p5/P6P/1P2BPP1/NR2R1K1 w - - 2 26,3.4200
r4bk1/Nb3pp1/1p2pn1p/2p5/2p5/P6P/1P2BPP1/N1R1R1K1 b - - 3 26,0.1300
5bk1/rb3pp1/1p2pn1p/2p5/2p5/P6P/1P2BPP1/N1R1R1K1 w - - 0 27,0.0700
5bk1/rb3pp1/1p2pn1p/2p5/2B5/P6P/1P3PP1/N1R1R1K1 b - - 0 27,0.1300
5bk1/rb3p2/1p2pnpp/2p5/2B5/P6P/1P3PP1/N1R1R1K1 w - - 0 28,0.1900
5bk1/rb3p2/1p2pnpp/2p5/2B5/P6P/1P3PP1/N2RR1K1 b - - 1 28,0.0600
6k1/rb2bp2/1p2pnpp/2p5/2B5/P6P/1P3PP1/N2RR1K1 w - - 2 29,-0.0100
6k1/rb2bp2/1p2pnpp/2p5/2B5/P5PP/1P3P2/N2RR1K1 b - - 0 29,-0.2500
6k1/r3bp2/1p2pnpp/2p5/2B5/P4bPP/1P3P2/N2RR1K1 w - - 1 30,-0.2300
6k1/r3bp2/1p2pnpp/2p5/8/P4bPP/1P2BP2/N2RR1K1 b - - 2 30,-0.2300
6k1/r3bp2/1pb1pnpp/2p5/8/P5PP/1P2BP2/N2RR1K1 w - - 3 31,-0.2700
6k1/r3bp2/1pb1pnpp/2p5/8/P5PP/1PN1BP2/3RR1K1 b - - 4 31,-0.4900
6k1/r3bp2/1p2pnpp/2p5/b7/P5PP/1PN1BP2/3RR1K1 w - - 5 32,-0.4900
6k1/r3bp2/1p2pnpp/2p5/b7/P5PP/1PN1BP2/2R1R1K1 b - - 6 32,-0.6300
6k1/r2nbp2/1p2p1pp/2p5/b7/P5PP/1PN1BP2/2R1R1K1 w - - 7 33,-0.0800
6k1/r2nbp2/1p2p1pp/2p5/b7/P3N1PP/1P2BP2/2R1R1K1 b - - 8 33,-0.0300
6k1/r2nbp2/1pb1p1pp/2p5/8/P3N1PP/1P2BP2/2R1R1K1 w - - 9 34,0.3000
6k1/r2nbp2/1pb1p1pp/2p5/8/P3N1PP/1P2BP2/2RR2K1 b - - 10 34,0.3400
6k1/r3bp2/1pb1p1pp/2p1n3/8/P3N1PP/1P2BP2/2RR2K1 w - - 11 35,0.2800
6k1/r3bp2/1pb1p1pp/2p1n3/8/P1R1N1PP/1P2BP2/3R2K1 b - - 12 35,0.0900
5k2/r3bp2/1pb1p1pp/2p1n3/8/P1R1N1PP/1P2BP2/3R2K1 w - - 13 36,0.1000
5k2/r3bp2/1pb1p1pp/2p1n3/8/PR2N1PP/1P2BP2/3R2K1 b - - 14 36,0.0700
5k2/r3bp2/1pb1p1pp/2p5/8/PR2NnPP/1P2BP2/3R2K1 w - - 15 37,2.0900
5k2/r3bp2/1pb1p1pp/2p5/8/PR2NnPP/1P2BPK1/3R4 b - - 16 37,-4.5900
5k2/r3bp2/1pb1p1pp/2p3n1/8/PR2N1PP/1P2BPK1/3R4 w - - 17 38,0.5600
rnbqkb1r/pppp1ppp/4pn2/6B1/3P4/5N2/PPP1PPPP/RN1QKB1R b KQkq - 2 3,0.0300
rnbqk2r/ppppbppp/4pn2/6B1/3P4/5N2/PPP1PPPP/RN1QKB1R w KQkq - 3 4,0.1600
rnbqk2r/ppppbppp/4pn2/6B1/2PP4/5N2/PP2PPPP/RN1QKB1R b KQkq - 0 4,0.0900
rnbqk2r/ppppbppp/4p3/6B1/2PPn3/5N2/PP2PPPP/RN1QKB1R w KQkq - 1 5,0.3300
rnbqk2r/ppppBppp/4p3/8/2PPn3/5N2/PP2PPPP/RN1QKB1R b KQkq - 0 5,0.3600
rnbqk2r/ppppBppp/4p3/8/2PP4/5N2/PP2PnPP/RN1QKB1R w KQkq - 0 6,4.9200
rnbqk2r/ppppBppp/4p3/8/2PP4/5N2/PP2PKPP/RN1Q1B1R b kq - 0 6,4.0900
rnbqk2r/p1ppBppp/1p2p3/8/2PP4/5N2/PP2PKPP/RN1Q1B1R w kq - 0 7,8.4100
rnbqk2r/p1pp1ppp/1p2p3/6B1/2PP4/5N2/PP2PKPP/RN1Q1B1R b kq - 1 7,5.8400
rnbqkb1r/1ppppppp/p4n2/8/3P4/P4N2/1PP1PPPP/RNBQKB1R b KQkq - 0 3,0.2400
rnbqkb1r/2pppppp/p4n2/1p6/3P4/P4N2/1PP1PPPP/RNBQKB1R w KQkq - 0 4,0.3600
rnbqkb1r/2pppppp/p4n2/1p6/3P4/P4NP1/1PP1PP1P/RNBQKB1R b KQkq - 0 4,0.1500
rnbqkb1r/2pp1ppp/p3pn2/1p6/3P4/P4NP1/1PP1PP1P/RNBQKB1R w KQkq - 0 5,0.1600
rnbqkb1r/2pp1ppp/p3pn2/1p6/3P1B2/P4NP1/1PP1PP1P/RN1QKB1R b KQkq - 1 5,-0.0800
rnbqk2r/2ppbppp/p3pn2/1p6/3P1B2/P4NP1/1PP1PP1P/RN1QKB1R w KQkq - 2 6,-0.1100
rnbqk2r/2ppbppp/p3pn2/1p6/3P1B2/P4NP1/1PPNPP1P/R2QKB1R b KQkq - 3 6,-0.2100
rnbqk2r/2ppbppp/p3p3/1p5n/3P1B2/P4NP1/1PPNPP1P/R2QKB1R w KQkq - 4 7,0.0400
rnbqk2r/2ppbppp/p3p3/1p5n/3P4/P3BNP1/1PPNPP1P/R2QKB1R b KQkq - 5 7,-0.0600
rnbqk2r/2ppbppp/4p3/pp5n/3P4/P3BNP1/1PPNPP1P/R2QKB1R w KQkq - 0 8,0.2800
rnbqk2r/2ppbppp/4p3/pp5n/P2P4/4BNP1/1PPNPP1P/R2QKB1R b KQkq - 0 8,0.0700
rnbqk2r/2ppbppp/4p3/p6n/p2P4/4BNP1/1PPNPP1P/R2QKB1R w KQkq - 0 9,0.3900
rnbqk2r/2ppbppp/4p3/p6n/p2P4/4BNP1/1PPNPPBP/R2QK2R b KQkq - 1 9,0.2900
rnbqk2r/2ppbppp/4pn2/p7/p2P4/4BNP1/1PPNPPBP/R2QK2R w KQkq - 2 10,0.2800
rnbqk2r/2ppbppp/4pn2/p7/p1PP4/4BNP1/1P1NPPBP/R2QK2R b KQkq - 0 10,0.2800
rn1qk2r/1bppbppp/4pn2/p7/p1PP4/4BNP1/1P1NPPBP/R2QK2R w KQkq - 1 11,0.2700
rn1qk2r/1bppbppp/4pn2/p7/Q1PP4/4BNP1/1P1NPPBP/R3K2R b KQkq - 0 11,0.2700
rn1qk2r/1bppbpp1/4pn1p/p7/Q1PP4/4BNP1/1P1NPPBP/R3K2R w KQkq - 0 12,0.3700
rn1qk2r/1bppbpp1/4pn1p/p7/2PP4/1Q2BNP1/1P1NPPBP/R3K2R b KQkq - 1 12,0.1200
rn1qk2r/1bpp1pp1/4pn1p/p7/1bPP4/1Q2BNP1/1P1NPPBP/R3K2R w KQkq - 2 13,0.1700
rn1qk2r/1bpp1pp1/4pn1p/p7/1bPP4/1Q2BNP1/1P1NPPBP/R4RK1 b kq - 3 13,0.1600
rn1qk2r/1bpp1pp1/4p2p/p7/1bPP2n1/1Q2BNP1/1P1NPPBP/R4RK1 w kq - 4 14,0.3900
rn1qk2r/1bpp1pp1/4p2p/p7/1bPP2n1/1Q2BNP1/1P2PPBP/RN3RK1 b kq - 5 14,0.1700
rn1qk2r/1bpp1pp1/4p2p/p7/1bPP4/1Q2nNP1/1P2PPBP/RN3RK1 w kq - 0 15,0.3100
rn1qk2r/1bpp1pp1/4p2p/R7/1bPP4/1Q2nNP1/1P2PPBP/1N3RK1 b kq - 0 15,-3.2400
1n1qk2r/1bpp1pp1/4p2p/r7/1bPP4/1Q2nNP1/1P2PPBP/1N3RK1 w k - 0 16,-3.4100
1n1qk2r/1bpp1pp1/4p2p/r7/1bPP4/1Q2PNP1/1P2P1BP/1N3RK1 b k - 0 16,-3.2700
1n1qk2r/2pp1pp1/4p2p/r7/1bPP4/1Q2PbP1/1P2P1BP/1N3RK1 w k - 0 17,-3.9200
1n1qk2r/2pp1pp1/4p2p/r7/1bPP4/1QN1PbP1/1P2P1BP/5RK1 b k - 1 17,-5.9500
1n1q1rk1/2pp1pp1/4p2p/r7/1bPP4/1QN1PbP1/1P2P1BP/5RK1 w - - 2 18,-4.2600
1n1q1rk1/2pp1pp1/4p2p/r7/1bPP4/1QN1PRP1/1P2P1BP/6K1 b - - 0 18,-4.1500
1n3rk1/2ppqpp1/4p2p/r7/1bPP4/1QN1PRP1/1P2P1BP/6K1 w - - 1 19,-4.1200
1n3rk1/2ppqpp1/4p2p/r7/1bPP4/1QN1P1P1/1P2P1BP/5RK1 b - - 2 19,-4.0100
1n3r1k/2ppqpp1/4p2p/r7/1bPP4/1QN1P1P1/1P2P1BP/5RK1 w - - 3 20,-4.0100
1n3r1k/2ppqpp1/4p2p/r7/1bPP4/1Q2P1P1/NP2P1BP/5RK1 b - - 4 20,-4.3300
1n3r1k/2ppqpp1/4p2p/8/1bPP4/1Q2P1P1/rP2P1BP/5RK1 w - - 0 21,-4.0600
1n3r1k/2ppqpp1/4p2p/2P5/1b1P4/1Q2P1P1/rP2P1BP/5RK1 b - - 0 21,-4.5800
1n3r1k/2ppqpp1/4p2p/2b5/3P4/1Q2P1P1/rP2P1BP/5RK1 w - - 0 22,-4.3400
1n3r1k/2ppqpp1/4p2p/2b5/2QP4/4P1P1/rP2P1BP/5RK1 b - - 1 22,-5.4500
1n3r1k/2ppqpp1/1b2p2p/8/2QP4/4P1P1/rP2P1BP/5RK1 w - - 2 23,-4.8000
1n3r1k/2ppqpp1/1b2p2p/8/3P4/4P1P1/QP2P1BP/5RK1 b - - 0 23,-5.1900
1n3r1k/2ppqpp1/1b2p3/7p/3P4/4P1P1/QP2P1BP/5RK1 w - - 0 24,-4.1400
1n3r1k/2ppqpp1/1b2p3/3P3p/8/4P1P1/QP2P1BP/5RK1 b - - 0 24,-4.7600
1n3r1k/2ppqpp1/4p3/2bP3p/8/4P1P1/QP2P1BP/5RK1 w - - 1 25,-4.3500
1n3r1k/2ppqpp1/4p3/2bP3p/2Q5/4P1P1/1P2P1BP/5RK1 b - - 2 25,-5.1600
1n3r1k/2ppqpp1/3bp3/3P3p/2Q5/4P1P1/1P2P1BP/5RK1 w - - 3 26,-4.6600
1n3r1k/2ppqpp1/3bp3/3P3p/3Q4/4P1P1/1P2P1BP/5RK1 b - - 4 26,-4.8700
1n3r1k/2ppq1p1/3bp3/3P1p1p/3Q4/4P1P1/1P2P1BP/5RK1 w - - 0 27,-4.7500
1n3r1k/2ppq1p1/3bp3/3P1p1p/3Q4/4PBP1/1P2P2P/5RK1 b - - 1 27,-4.8700
1n3r1k/2ppq1p1/3b4/3Ppp1p/3Q4/4PBP1/1P2P2P/5RK1 w - - 0 28,-5.1500
1n3r1k/2ppq1p1/3b4/3Ppp1p/Q7/4PBP1/1P2P2P/5RK1 b - - 1 28,-5.3000
1n3r1k/2pp2p1/3b1q2/3Ppp1p/Q7/4PBP1/1P2P2P/5RK1 w - - 2 29,-3.7200
1n3r1k/2pp2p1/3b1q2/3Ppp1p/Q3P3/5BP1/1P2P2P/5RK1 b - - 0 29,-3.7700
1n3r1k/2pp2p1/3b1q2/3Pp2p/Q3Pp2/5BP1/1P2P2P/5RK1 w - - 0 30,-3.5100
1n3r1k/2pp2p1/3b1q2/3Pp2p/Q3PpP1/5B2/1P2P2P/5RK1 b - - 0 30,-4.0200
1n3r1k/2pp2p1/5q2/2bPp2p/Q3PpP1/5B2/1P2P2P/5RK1 w - - 1 31,-3.6300
1n3r1k/2pp2p1/5q2/2bPp2p/Q3PpP1/5B2/1P2P2P/5R1K b - - 2 31,-3.7800
1n3r1k/2pp2p1/5q2/3Pp2p/Q3PpP1/4bB2/1P2P2P/5R1K w - - 3 32,-3.4900
1n3r1k/2pp2p1/5q2/3Pp2P/Q3Pp2/4bB2/1P2P2P/5R1K b - - 0 32,-3.8900
1n3r1k/2pp2p1/1q6/3Pp2P/Q3Pp2/4bB2/1P2P2P/5R1K w - - 1 33,-3.4100
1n3r1k/2pp2p1/1q6/3Pp2P/Q3Pp2/4bB2/1P2P2P/R6K b - - 2 33,-3.6700
1n3r1k/2pp2p1/1q6/2bPp2P/Q3Pp2/5B2/1P2P2P/R6K w - - 3 34,-3.2200
1n3r1k/2pp2p1/1q6/2bPp2P/Q3Pp2/5B2/RP2P2P/7K b - - 4 34,-3.4900
1n3r1k/2p3p1/1q1p4/2bPp2P/Q3Pp2/5B2/RP2P2P/7K w - - 0 35,-3.1200
1n3r1k/2p3p1/1q1p4/2bPp2P/Q3Pp2/5B1P/RP2P3/7K b - - 0 35,-3.3700
1n3r1k/6p1/1qpp4/2bPp2P/Q3Pp2/5B1P/RP2P3/7K w - - 0 36,-3.3200
1n3r1k/6p1/1qpp4/2bPp2P/Q3Pp2/5B1P/RP2P2K/8 b - - 1 36,-3.5700
r1bqkbnr/pp1ppppp/2n5/2p5/3PP3/5N2/PPP2PPP/RNBQKB1R b KQkq - 0 3,0.4800
r1bqkbnr/pp1ppppp/8/2p5/3nP3/5N2/PPP2PPP/RNBQKB1R w KQkq - 0 4,1.0100
r1bqkbnr/pp1ppppp/8/2p5/3nP3/4BN2/PPP2PPP/RN1QKB1R b KQkq - 1 4,-0.1900
r1bqkbnr/pp1ppppp/2n5/2p5/4P3/4BN2/PPP2PPP/RN1QKB1R w KQkq - 2 5,-0.2800
r1bqkbnr/pp1ppppp/2n5/2p5/4P3/4BN1P/PPP2PP1/RN1QKB1R b KQkq - 0 5,-0.7800
r1bqkbnr/pp1p1ppp/2n1p3/2p5/4P3/4BN1P/PPP2PP1/RN1QKB1R w KQkq - 0 6,-0.7400
r1bqkbnr/pp1p1ppp/2n1p3/2p5/4P3/2N1BN1P/PPP2PP1/R2QKB1R b KQkq - 1 6,-0.7800
r1bqkbnr/1p1p1ppp/p1n1p3/2p5/4P3/2N1BN1P/PPP2PP1/R2QKB1R w KQkq - 0 7,-0.8200
r1bqkbnr/1p1p1ppp/p1n1p3/2p5/4P3/2N1BNPP/PPP2P2/R2QKB1R b KQkq - 0 7,-1.0400
r1bqkbnr/1p3ppp/p1npp3/2p5/4P3/2N1BNPP/PPP2P2/R2QKB1R w KQkq - 0 8,-1.2700
r1bqkbnr/1p3ppp/p1npp3/2p5/P3P3/2N1BNPP/1PP2P2/R2QKB1R b KQkq - 0 8,-1.3000
r1bqk1nr/1p2bppp/p1npp3/2p5/P3P3/2N1BNPP/1PP2P2/R2QKB1R w KQkq - 1 9,-1.0900
r1bqk1nr/1p2bppp/p1npp3/2p5/P3P3/2N1BNPP/1PP1QP2/R3KB1R b KQkq - 2 9,-1.2100
r1b1k1nr/1pq1bppp/p1npp3/2p5/P3P3/2N1BNPP/1PP1QP2/R3KB1R w KQkq - 3 10,-1.1500
r1b1k1nr/1pq1bppp/p1npp3/2p5/P3P3/2N1B1PP/1PPNQP2/R3KB1R b KQkq - 4 10,-1.4200
r1b1k1nr/1pq1bppp/p2pp3/2p5/P2nP3/2N1B1PP/1PPNQP2/R3KB1R w KQkq - 5 11,-1.0800
r1b1k1nr/1pq1bppp/p2pp3/2p5/P2BP3/2N3PP/1PPNQP2/R3KB1R b KQkq - 0 11,-2.5900
r1b1k1nr/1pq1bppp/p2pp3/8/P2pP3/2N3PP/1PPNQP2/R3KB1R w KQkq - 0 12,-2.5800
r1b1k1nr/1pq1bppp/p2pp3/8/P2pP3/6PP/1PPNQP2/RN2KB1R b KQkq - 1 12,-2.7400
r1b1k1nr/1pq1bppp/p3p3/3p4/P2pP3/6PP/1PPNQP2/RN2KB1R w KQkq - 0 13,-2.1600
r1b1k1nr/1pq1bppp/p3p3/3p4/P2pP3/2P3PP/1P1NQP2/RN2KB1R b KQkq - 0 13,-2.6100
r1b1k1nr/1pq1bppp/p3p3/3p4/P3P3/2p3PP/1P1NQP2/RN2KB1R w KQkq - 0 14,-2.3000
r1b1k1nr/1pq1bppp/p3p3/3p4/P3P3/2N3PP/1P1NQP2/R3KB1R b KQkq - 0 14,-2.0200
r1b1k1nr/1pq1bppp/p3p3/8/P2pP3/2N3PP/1P1NQP2/R3KB1R w KQkq - 0 15,-2.0900
r1b1k1nr/1pq1bppp/p3p3/8/P2pP3/6PP/1P1NQP2/RN2KB1R b KQkq - 1 15,-2.6400
r3k1nr/1pqbbppp/p3p3/8/P2pP3/6PP/1P1NQP2/RN2KB1R w KQkq - 2 16,-2.4300
r3k1nr/1pqbbppp/p3p3/8/P2pP3/1N4PP/1P2QP2/RN2KB1R b KQkq - 3 16,-3.9600
r3k1nr/1pqbbppp/p7/4p3/P2pP3/1N4PP/1P2QP2/RN2KB1R w KQkq - 0 17,-2.5900
r3k1nr/1pqbbppp/p7/P3p3/3pP3/1N4PP/1P2QP2/RN2KB1R b KQkq - 0 17,-3.2600
2r1k1nr/1pqbbppp/p7/P3p3/3pP3/1N4PP/1P2QP2/RN2KB1R w KQk - 1 18,-2.9500
2r1k1nr/1pqbbppp/p7/P3p3/3pP3/1N1Q2PP/1P3P2/RN2KB1R b KQk - 2 18,-3.4800
2r1k1nr/1pqbbpp1/p6p/P3p3/3pP3/1N1Q2PP/1P3P2/RN2KB1R w KQk - 0 19,-3.3300
2r1k1nr/1pqbbpp1/p6p/P3p3/3pP3/1N1Q2PP/1P1N1P2/R3KB1R b KQk - 1 19,-3.1800
2r1k2r/1pqbbpp1/p4n1p/P3p3/3pP3/1N1Q2PP/1P1N1P2/R3KB1R w KQk - 2 20,-2.7900
2r1k2r/1pqbbpp1/p4n1p/P3p3/3pP3/1N1Q2PP/1P1N1P2/2R1KB1R b Kk - 3 20,-5.4900
2rqk2r/1p1bbpp1/p4n1p/P3p3/3pP3/1N1Q2PP/1P1N1P2/2R1KB1R w Kk - 4 21,-2.8500
2Rqk2r/1p1bbpp1/p4n1p/P3p3/3pP3/1N1Q2PP/1P1N1P2/4KB1R b Kk - 0 21,-3.2600
2q1k2r/1p1bbpp1/p4n1p/P3p3/3pP3/1N1Q2PP/1P1N1P2/4KB1R w Kk - 0 22,-3.1200
2q1k2r/1p1bbpp1/p4n1p/P3p3/3pP3/1N1Q2PP/1P1N1PB1/4K2R b Kk - 1 22,-3.7500
2q2rk1/1p1bbpp1/p4n1p/P3p3/3pP3/1N1Q2PP/1P1N1PB1/4K2R w K - 2 23,-3.4800
2q2rk1/1p1bbpp1/p4n1p/P3p3/2QpP3/1N4PP/1P1N1PB1/4K2R b K - 3 23,-3.8200
2q2rk1/1p2bpp1/p4n1p/Pb2p3/2QpP3/1N4PP/1P1N1PB1/4K2R w K - 4 24,-4.0000
rnbqkb1r/pppp1ppp/4pn2/8/3P4/5NP1/PPP1PP1P/RNBQKB1R b KQkq - 0 3,0.1400
rnbqkb1r/p1pp1ppp/4pn2/1p6/3P4/5NP1/PPP1PP1P/RNBQKB1R w KQkq - 0 4,0.3100
rnbqkb1r/p1pp1ppp/4pn2/1p4B1/3P4/5NP1/PPP1PP1P/RN1QKB1R b KQkq - 1 4,0.2000
rn1qkb1r/pbpp1ppp/4pn2/1p4B1/3P4/5NP1/PPP1PP1P/RN1QKB1R w KQkq - 2 5,0.2800
rn1qkb1r/pbpp1ppp/4pn2/1p4B1/3P4/5NP1/PPPNPP1P/R2QKB1R b KQkq - 3 5,0.0700
rn1qkb1r/pb1p1ppp/4pn2/1pp3B1/3P4/5NP1/PPPNPP1P/R2QKB1R w KQkq - 0 6,0.3600
rn1qkb1r/pb1p1ppp/4pn2/1pp3B1/3P4/5NP1/PPPNPPBP/R2QK2R b KQkq - 1 6,-0.3100
rn1qk2r/pb1pbppp/4pn2/1pp3B1/3P4/5NP1/PPPNPPBP/R2QK2R w KQkq - 2 7,0.0500
rn1qk2r/pb1pbppp/4pn2/1pp3B1/3P4/5NP1/PPPNPPBP/R2Q1RK1 b kq - 3 7,-0.0900
rnbqkb1r/pppp1ppp/4pn2/4P3/8/2N5/PPPP1PPP/R1BQKBNR b KQkq - 0 3,0.3700
rnbqkb1r/ppp2ppp/4pn2/3pP3/8/2N5/PPPP1PPP/R1BQKBNR w KQkq d6 0 4,3.4500
rnbqkb1r/ppp2ppp/4pP2/3p4/8/2N5/PPPP1PPP/R1BQKBNR b KQkq - 0 4,3.6000
rnb1kb1r/ppp2ppp/4pq2/3p4/8/2N5/PPPP1PPP/R1BQKBNR w KQkq - 0 5,3.8500
rnb1kb1r/ppp2ppp/4pq2/3p4/8/P1N5/1PPP1PPP/R1BQKBNR b KQkq - 0 5,3.0100
r1b1kb1r/ppp2ppp/2n1pq2/3p4/8/P1N5/1PPP1PPP/R1BQKBNR w KQkq - 1 6,3.2600
r1b1kb1r/ppp2ppp/2n1pq2/3p4/7P/P1N5/1PPP1PP1/R1BQKBNR b KQkq - 0 6,2.9400
r1bqkb1r/ppp2ppp/2n1p3/3p4/7P/P1N5/1PPP1PP1/R1BQKBNR w KQkq - 1 7,4.2300
r1bqkb1r/ppp2ppp/2n1p3/3p4/3P3P/P1N5/1PP2PP1/R1BQKBNR b KQkq - 0 7,3.6000
r1bqkb1r/1pp2ppp/p1n1p3/3p4/3P3P/P1N5/1PP2PP1/R1BQKBNR w KQkq - 0 8,4.4700
r1bqkb1r/1pp2ppp/p1n1p3/3p4/3P3P/P1N2N2/1PP2PP1/R1BQKB1R b KQkq - 1 8,3.6300
r1bqkb1r/1pp2pp1/p1n1p2p/3p4/3P3P/P1N2N2/1PP2PP1/R1BQKB1R w KQkq - 0 9,3.7100
r1bqkb1r/1pp2pp1/p1n1p2p/3p4/3P3P/P1N1BN2/1PP2PP1/R2QKB1R b KQkq - 1 9,3.5400
r1bqk2r/1pp2pp1/p1nbp2p/3p4/3P3P/P1N1BN2/1PP2PP1/R2QKB1R w KQkq - 2 10,3.7300
r1bqk2r/1pp2pp1/p1nbp2p/3p4/3P3P/P1N1BN2/1PPQ1PP1/R3KB1R b KQkq - 3 10,3.6000
r1bqk2r/1pp2pp1/p1nb3p/3pp3/3P3P/P1N1BN2/1PPQ1PP1/R3KB1R w KQkq - 0 11,4.9900
r1bqk2r/1pp2pp1/p1nb3p/3pP3/7P/P1N1BN2/1PPQ1PP1/R3KB1R b KQkq - 0 11,4.7700
r1bqk2r/1pp1bpp1/p1n4p/3pP3/7P/P1N1BN2/1PPQ1PP1/R3KB1R w KQkq - 1 12,5.2400
r1bqk2r/1pp1bpp1/p1n4p/3NP3/7P/P3BN2/1PPQ1PP1/R3KB1R b KQkq - 0 12,5.0200
r2qk2r/1pp1bpp1/p1n4p/3NP3/6bP/P3BN2/1PPQ1PP1/R3KB1R w KQkq - 1 13,5.2200
r2qk2r/1pp1bpp1/p1n4p/3NP3/6bP/P3BN2/1PPQ1PP1/2R1KB1R b Kkq - 2 13,4.5200
r2qk2r/1pp1bpp1/p1n4p/3NPb2/7P/P3BN2/1PPQ1PP1/2R1KB1R w Kkq - 3 14,5.2700
r2qk2r/1pp1bpp1/p1n4p/3NPb2/7P/P3BN2/1PPQ1PP1/2R1KBR1 b kq - 4 14,4.5500
r2qk2r/1pp1bp2/p1n4p/3NPbp1/7P/P3BN2/1PPQ1PP1/2R1KBR1 w kq - 0 15,5.4700
r2qk2r/1pp1Np2/p1n4p/4Pbp1/7P/P3BN2/1PPQ1PP1/2R1KBR1 b kq - 0 15,4.7900
r2qk2r/1pp1np2/p6p/4Pbp1/7P/P3BN2/1PPQ1PP1/2R1KBR1 w kq - 0 16,5.7300
r2qk2r/1pp1np2/p6p/4Pbp1/3N3P/P3B3/1PPQ1PP1/2R1KBR1 b kq - 1 16,5.4900
r2qk2r/1p2np2/p6p/2p1Pbp1/3N3P/P3B3/1PPQ1PP1/2R1KBR1 w kq - 0 17,5.3300
r2qk2r/1p2np2/p6p/2p1Pbp1/7P/P3BN2/1PPQ1PP1/2R1KBR1 b kq - 1 17,4.7400
r3k2r/1p2np2/p6p/2p1Pbp1/7P/P3BN2/1PPq1PP1/2R1KBR1 w kq - 0 18,4.9900
rnbqkbnr/ppp2ppp/4p3/3p4/3P4/4PN2/PPP2PPP/RNBQKB1R b KQkq - 0 3,0.1000
rnbqk1nr/ppp1bppp/4p3/3p4/3P4/4PN2/PPP2PPP/RNBQKB1R w KQkq - 1 4,0.1700
rnbqk1nr/ppp1bppp/4p3/3p4/2PP4/4PN2/PP3PPP/RNBQKB1R b KQkq - 0 4,0.1000
rnbqk1nr/1pp1bppp/p3p3/3p4/2PP4/4PN2/PP3PPP/RNBQKB1R w KQkq - 0 5,0.3800
rnbqk1nr/1pp1bppp/p3p3/3p4/2PP4/4PN2/PP1N1PPP/R1BQKB1R b KQkq - 1 5,0.2900
rnbqk2r/1pp1bppp/p3pn2/3p4/2PP4/4PN2/PP1N1PPP/R1BQKB1R w KQkq - 2 6,0.3000
rnbqk2r/1pp1bppp/p3pn2/3p4/2PP4/3BPN2/PP1N1PPP/R1BQK2R b KQkq - 3 6,0.2400
rnbqk2r/2p1bppp/pp2pn2/3p4/2PP4/3BPN2/PP1N1PPP/R1BQK2R w KQkq - 0 7,0.3300
rnbqk2r/2p1bppp/pp2pn2/3p4/2PP4/1P1BPN2/P2N1PPP/R1BQK2R b KQkq - 0 7,0.2300
r1bqk2r/2pnbppp/pp2pn2/3p4/2PP4/1P1BPN2/P2N1PPP/R1BQK2R w KQkq - 1 8,0.2100
r1bqk2r/2pnbppp/pp2pn2/3p4/2PP4/1P1BPN2/PB1N1PPP/R2QK2R b KQkq - 2 8,0.1700
r1bq1rk1/2pnbppp/pp2pn2/3p4/2PP4/1P1BPN2/PB1N1PPP/R2QK2R w KQ - 3 9,0.3000
r1bq1rk1/2pnbppp/pp2pn2/3p4/2PP4/1P1BPN2/PB1NQPPP/R3K2R b KQ - 4 9,0.1400
r1bq1rk1/2pnbppp/pp2pn2/8/2pP4/1P1BPN2/PB1NQPPP/R3K2R w KQ - 0 10,0.3200
r1bq1rk1/2pnbppp/pp2pn2/8/2PP4/3BPN2/PB1NQPPP/R3K2R b KQ - 0 10,0.2800
r2q1rk1/1bpnbppp/pp2pn2/8/2PP4/3BPN2/PB1NQPPP/R3K2R w KQ - 1 11,0.2800
r2q1rk1/1bpnbppp/pp2pn2/8/2PP4/3BPN2/PB1NQPPP/3RK2R b K - 2 11,-0.1400
rq3rk1/1bpnbppp/pp2pn2/8/2PP4/3BPN2/PB1NQPPP/3RK2R w K - 3 12,0.5700
rq3rk1/1bpnbppp/pp2pn2/8/2PPP3/3B1N2/PB1NQPPP/3RK2R b K - 0 12,0.5700
rq3rk1/1bpnbppp/pp3n2/4p3/2PPP3/3B1N2/PB1NQPPP/3RK2R w K - 0 13,1.8200
rnbqkbnr/ppp2ppp/4p3/3p4/2P5/4PN2/PP1P1PPP/RNBQKB1R b KQkq - 0 3,0.0900
rnbqkb1r/ppp2ppp/4pn2/3p4/2P5/4PN2/PP1P1PPP/RNBQKB1R w KQkq - 1 4,0.1000
rnbqkb1r/ppp2ppp/4pn2/3p4/2P5/2N1PN2/PP1P1PPP/R1BQKB1R b KQkq - 2 4,0.0800
rnbqkb1r/1pp2ppp/p3pn2/3p4/2P5/2N1PN2/PP1P1PPP/R1BQKB1R w KQkq - 0 5,0.1400
rnbqkb1r/1pp2ppp/p3pn2/3p4/2PP4/2N1PN2/PP3PPP/R1BQKB1R b KQkq - 0 5,0.1800
rnbqkb1r/1p3ppp/p3pn2/2pp4/2PP4/2N1PN2/PP3PPP/R1BQKB1R w KQkq - 0 6,0.2400
rnbqkb1r/1p3ppp/p3pn2/2Pp4/2P5/2N1PN2/PP3PPP/R1BQKB1R b KQkq - 0 6,0.0800
rnbqk2r/1p3ppp/p3pn2/2bp4/2P5/2N1PN2/PP3PPP/R1BQKB1R w KQkq - 0 7,0.0900
rnbqk2r/1p3ppp/p3pn2/2bp4/2P5/1PN1PN2/P4PPP/R1BQKB1R b KQkq - 0 7,-0.2100
rnbq1rk1/1p3ppp/p3pn2/2bp4/2P5/1PN1PN2/P4PPP/R1BQKB1R w KQ - 1 8,-0.1900
rnbq1rk1/1p3ppp/p3pn2/2bp4/2P5/1PN1PN2/PB3PPP/R2QKB1R b KQ - 2 8,-0.3100
rnbq1rk1/1p3ppp/p3pn2/2b5/2p5/1PN1PN2/PB3PPP/R2QKB1R w KQ - 0 9,-0.2600
rnbq1rk1/1p3ppp/p3pn2/2b5/2P5/2N1PN2/PB3PPP/R2QKB1R b KQ - 0 9,-0.4600
rnbq1rk1/1p2bppp/p3pn2/8/2P5/2N1PN2/PB3PPP/R2QKB1R w KQ - 1 10,-0.3600
rnbq1rk1/1p2bppp/p3pn2/8/2P5/2NBPN2/PB3PPP/R2QK2R b KQ - 2 10,-0.4700
rnb2rk1/1pq1bppp/p3pn2/8/2P5/2NBPN2/PB3PPP/R2QK2R w KQ - 3 11,-0.4100
rnb2rk1/1pq1bppp/p3pn2/8/2P5/2NBPN2/PB3PPP/R2Q1RK1 b - - 4 11,-0.4100
rnb2rk1/2q1bppp/pp2pn2/8/2P5/2NBPN2/PB3PPP/R2Q1RK1 w - - 0 12,-0.3600
rnb2rk1/2q1bppp/pp2pn2/8/2P1N3/3BPN2/PB3PPP/R2Q1RK1 b - - 1 12,-0.3300
rnb2rk1/2q1bppp/pp2p3/8/2P1N1n1/3BPN2/PB3PPP/R2Q1RK1 w - - 2 13,1.6300
rnb2rk1/2q1bppp/pp2p3/2P5/4N1n1/3BPN2/PB3PPP/R2Q1RK1 b - - 0 13,0.9400
rnb2rk1/2q1bppp/p3p3/1pP5/4N1n1/3BPN2/PB3PPP/R2Q1RK1 w - - 0 14,2.0900
rnb2rk1/2q1bppp/p3p3/1pP5/4N1n1/3BPN2/PB3PPP/2RQ1RK1 b - - 1 14,1.2700
rn3rk1/1bq1bppp/p3p3/1pP5/4N1n1/3BPN2/PB3PPP/2RQ1RK1 w - - 2 15,1.6100
rn3rk1/1bq1bppp/p3p3/1pP5/4N1n1/3BPN1P/PB3PP1/2RQ1RK1 b - - 0 15,1.8100
rn3rk1/1bq1bppp/p3p2n/1pP5/4N3/3BPN1P/PB3PP1/2RQ1RK1 w - - 1 16,2.0000
rn3rk1/1bq1bppp/p3p2n/1pP3N1/4N3/3BP2P/PB3PP1/2RQ1RK1 b - - 2 16,1.4000
rn3rk1/1b2bppp/p1q1p2n/1pP3N1/4N3/3BP2P/PB3PP1/2RQ1RK1 w - - 3 17,1.5000
rn3rk1/1b2bppp/p1q1p2n/1pP5/4N3/3BPN1P/PB3PP1/2RQ1RK1 b - - 4 17,0.7500
rn1r2k1/1b2bppp/p1q1p2n/1pP5/4N3/3BPN1P/PB3PP1/2RQ1RK1 w - - 5 18,1.4200
rn1r2k1/1b2bppp/p1q1p2n/1pP5/3NN3/3BP2P/PB3PP1/2RQ1RK1 b - - 6 18,0.5900
rn1r2k1/1b1qbppp/p3p2n/1pP5/3NN3/3BP2P/PB3PP1/2RQ1RK1 w - - 7 19,1.4900
rn1r2k1/1b1qbppp/p3p2n/1pP5/3N4/3BP1NP/PB3PP1/2RQ1RK1 b - - 8 19,0.7300
r2r2k1/1b1qbppp/p1n1p2n/1pP5/3N4/3BP1NP/PB3PP1/2RQ1RK1 w - - 9 20,0.9500
r2r2k1/1b1qbppp/p1n1p2n/1pP5/3N4/3BP1NP/PBQ2PP1/2R2RK1 b - - 10 20,1.1400
r2r2k1/1b1qb1pp/p1n1p2n/1pP2p2/3N4/3BP1NP/PBQ2PP1/2R2RK1 w - - 0 21,1.1400
r2r2k1/1b1qb1pp/p1n1p2n/1pP2p1N/3N4/3BP2P/PBQ2PP1/2R2RK1 b - - 1 21,0.9000
rnbqkb1r/ppp1pppp/5n2/3p4/2P5/4PN2/PP1P1PPP/RNBQKB1R b KQkq - 0 3,0.0800
rnbqkb1r/ppp2ppp/4pn2/3p4/2P5/4PN2/PP1P1PPP/RNBQKB1R w KQkq - 0 4,0.0700
rnbqkb1r/ppp2ppp/4pn2/3p4/2PP4/4PN2/PP3PPP/RNBQKB1R b KQkq - 0 4,0.0600
rnbqkb1r/pp3ppp/4pn2/2pp4/2PP4/4PN2/PP3PPP/RNBQKB1R w KQkq - 0 5,0.2200
rnbqkb1r/pp3ppp/4pn2/2pp4/2PP4/2N1PN2/PP3PPP/R1BQKB1R b KQkq - 1 5,0.2100
rnbqkb1r/pp3ppp/4pn2/2p5/2pP4/2N1PN2/PP3PPP/R1BQKB1R w KQkq - 0 6,0.3200
rnbqkb1r/pp3ppp/4pn2/2p5/2BP4/2N1PN2/PP3PPP/R1BQK2R b KQkq - 0 6,0.3000
rnbqk2r/pp2bppp/4pn2/2p5/2BP4/2N1PN2/PP3PPP/R1BQK2R w KQkq - 1 7,0.5400
rnbqk2r/pp2bppp/4pn2/2p5/2BP4/2N1PN2/PP3PPP/R1BQ1RK1 b kq - 2 7,0.5000
r1bqk2r/pp2bppp/2n1pn2/2p5/2BP4/2N1PN2/PP3PPP/R1BQ1RK1 w kq - 3 8,0.7800
r1bqk2r/pp2bppp/2n1pn2/2p5/2BP4/2N1PN2/PP2QPPP/R1B2RK1 b kq - 4 8,0.6500
r1bqk2r/pp2bppp/2n1pn2/8/2Bp4/2N1PN2/PP2QPPP/R1B2RK1 w kq - 0 9,0.5000
r1bqk2r/pp2bppp/2n1pn2/8/2BN4/2N1P3/PP2QPPP/R1B2RK1 b kq - 0 9,0.3400
r2qk2r/pp1bbppp/2n1pn2/8/2BN4/2N1P3/PP2QPPP/R1B2RK1 w kq - 1 10,0.5200
r2qk2r/pp1bbppp/2n1pn2/8/2BN4/2N1P3/PP2QPPP/R1BR2K1 b kq - 2 10,0.3400
rq2k2r/pp1bbppp/2n1pn2/8/2BN4/2N1P3/PP2QPPP/R1BR2K1 w kq - 3 11,0.4600
rq2k2r/pp1bbppp/2n1pn2/8/2BNP3/2N5/PP2QPPP/R1BR2K1 b kq - 0 11,0.4000
rq2k2r/pp1bbppp/4pn2/8/2BnP3/2N5/PP2QPPP/R1BR2K1 w kq - 0 12,0.4000
rq2k2r/pp1bbppp/4pn2/8/2BnP3/2N1Q3/PP3PPP/R1BR2K1 b kq - 1 12,-3.8600
rq2k2r/pp1bbppp/2n1pn2/8/2B1P3/2N1Q3/PP3PPP/R1BR2K1 w kq - 2 13,-3.7500
rq2k2r/pp1bbppp/2n1pn2/8/2B1PP2/2N1Q3/PP4PP/R1BR2K1 b kq - 0 13,-3.8100
rq2k2r/pp1bbppp/2n2n2/4p3/2B1PP2/2N1Q3/PP4PP/R1BR2K1 w kq - 0 14,-2.8300
rq2k2r/pp1bbppp/2n2n2/4p3/1PB1PP2/2N1Q3/P5PP/R1BR2K1 b kq - 0 14,-3.4200
rq2k2r/p2bbppp/2n2n2/1p2p3/1PB1PP2/2N1Q3/P5PP/R1BR2K1 w kq - 0 15,-2.5900
rq2k2r/p2bbppp/2n2n2/1B2p3/1P2PP2/2N1Q3/P5PP/R1BR2K1 b kq - 0 15,-3.0500
rq2k2r/p2bbppp/2n2n2/1B6/1P2Pp2/2N1Q3/P5PP/R1BR2K1 w kq - 0 16,-2.6300
rq2k2r/p2bbppp/2n2n2/1B6/1P2PQ2/2N5/P5PP/R1BR2K1 b kq - 0 16,-3.0100
r3k2r/p2bbppp/2n2n2/1B6/1P2Pq2/2N5/P5PP/R1BR2K1 w kq - 0 17,-2.4600
r3k2r/p2Rbppp/2n2n2/1B6/1P2Pq2/2N5/P5PP/R1B3K1 b kq - 0 17,-4.4700
r3k2r/p2Rbppp/2n2n2/1B6/1P2P2q/2N5/P5PP/R1B3K1 w kq - 1 18,-4.1200
r3k2r/p2Rbppp/2n2n2/1B6/1P2P2q/2N3P1/P6P/R1B3K1 b kq - 0 18,-4.3500
r3k2r/p2Rbppp/2n2n2/1B5q/1P2P3/2N3P1/P6P/R1B3K1 w kq - 1 19,-4.2700
r3k2r/p2Rbppp/2n2n2/1B1N3q/1P2P3/6P1/P6P/R1B3K1 b kq - 2 19,-6.0900
r3k2r/p2nbppp/2n5/1B1N3q/1P2P3/6P1/P6P/R1B3K1 w kq - 0 20,-5.8800
r3k2r/p2nbppp/2n5/1B1N3q/1P2P3/6P1/PB5P/R5K1 b kq - 1 20,-5.9800
r3k2r/p2nbppp/2n5/1B1N2q1/1P2P3/6P1/PB5P/R5K1 w kq - 2 21,-4.7300
r3k2r/p2nbppp/2n5/1B1N2q1/1P2P3/6P1/PB5P/3R2K1 b kq - 3 21,-4.8100
rnbqk1nr/ppppbppp/4p3/8/2PP4/5N2/PP2PPPP/RNBQKB1R b KQkq - 2 3,0.2700
rnbqk2r/ppppbppp/4pn2/8/2PP4/5N2/PP2PPPP/RNBQKB1R w KQkq - 3 4,0.3100
rnbqk2r/ppppbppp/4pn2/8/2PP4/2N2N2/PP2PPPP/R1BQKB1R b KQkq - 4 4,0.3100
rnbqk2r/ppp1bppp/4pn2/3p4/2PP4/2N2N2/PP2PPPP/R1BQKB1R w KQkq - 0 5,0.3200
rnbqk2r/ppp1bppp/4pn2/3p2B1/2PP4/2N2N2/PP2PPPP/R2QKB1R b KQkq - 1 5,0.2900
rnbqk2r/p1p1bppp/1p2pn2/3p2B1/2PP4/2N2N2/PP2PPPP/R2QKB1R w KQkq - 0 6,0.4700
rnbqk2r/p1p1bppp/1p2pn2/3p2B1/2PP4/2N2N2/PPQ1PPPP/R3KB1R b KQkq - 1 6,0.4200
rnbqk2r/2p1bppp/pp2pn2/3p2B1/2PP4/2N2N2/PPQ1PPPP/R3KB1R w KQkq - 0 7,0.6600
rnbqk2r/2p1bppp/pp2pn2/3P2B1/3P4/2N2N2/PPQ1PPPP/R3KB1R b KQkq - 0 7,0.7100
rnbqk2r/2p1bppp/pp3n2/3p2B1/3P4/2N2N2/PPQ1PPPP/R3KB1R w KQkq - 0 8,0.6600
rnbqk2r/2p1bppp/pp3n2/3p2B1/3P4/2N1PN2/PPQ2PPP/R3KB1R b KQkq - 0 8,0.6400
rn1qk2r/2p1bppp/pp2bn2/3p2B1/3P4/2N1PN2/PPQ2PPP/R3KB1R w KQkq - 1 9,0.7800
rn1qk2r/2p1bppp/pp2bn2/3p2B1/3P4/2N1PN2/PPQ2PPP/3RKB1R b Kkq - 2 9,0.7100
rn1qk2r/2p1bpp1/pp2bn1p/3p2B1/3P4/2N1PN2/PPQ2PPP/3RKB1R w Kkq - 0 10,0.6800
rn1qk2r/2p1bpp1/pp2bn1p/3p4/3P3B/2N1PN2/PPQ2PPP/3RKB1R b Kkq - 1 10,0.7400
rn1qk2r/2p1bpp1/pp2b2p/3p3n/3P3B/2N1PN2/PPQ2PPP/3RKB1R w Kkq - 2 11,0.9400
rn1qk2r/2p1bpp1/pp2b2p/3p3n/3P4/2N1PNB1/PPQ2PPP/3RKB1R b Kkq - 3 11,0.6300
rn1q1rk1/2p1bpp1/pp2b2p/3p3n/3P4/2N1PNB1/PPQ2PPP/3RKB1R w K - 4 12,0.6000
rn1q1rk1/2p1bpp1/pp2b2p/3p3n/3P4/2NBPNB1/PPQ2PPP/3RK2R b K - 5 12,0.6000
r2q1rk1/2p1bpp1/ppn1b2p/3p3n/3P4/2NBPNB1/PPQ2PPP/3RK2R w K - 6 13,0.9200
r2q1rk1/2p1bpp1/ppn1b2p/3p3n/3P4/2NBPNB1/PP3PPP/2QRK2R b K - 7 13,0.6700
r2q1rk1/2p1bpp1/ppn1b2p/3p4/3P4/2NBPNn1/PP3PPP/2QRK2R w K - 0 14,0.7000
rnbqkbnr/ppp1pppp/8/8/Q1pP4/8/PP2PPPP/RNB1KBNR b KQkq - 1 3,-0.0300
r1bqkbnr/ppp1pppp/2n5/8/Q1pP4/8/PP2PPPP/RNB1KBNR w KQkq - 2 4,0.1300
r1bqkbnr/ppp1pppp/2n5/8/Q1pP4/2N5/PP2PPPP/R1B1KBNR b KQkq - 3 4,-0.1900
r1bqkb1r/ppp1pppp/2n2n2/8/Q1pP4/2N5/PP2PPPP/R1B1KBNR w KQkq - 4 5,0.5300
r1bqkb1r/ppp1pppp/2n2n2/8/Q1pP4/2N1P3/PP3PPP/R1B1KBNR b KQkq - 0 5,-0.3200
r1bqkb1r/ppp2ppp/2n2n2/4p3/Q1pP4/2N1P3/PP3PPP/R1B1KBNR w KQkq - 0 6,-0.3900
r1bqkb1r/ppp2ppp/2n2n2/4p3/Q1BP4/2N1P3/PP3PPP/R1B1K1NR b KQkq - 0 6,-0.3300
r1bqkb1r/ppp2ppp/2n2n2/8/Q1Bp4/2N1P3/PP3PPP/R1B1K1NR w KQkq - 0 7,-0.2200
r1bqkb1r/ppp2ppp/2n2n2/1N6/Q1Bp4/4P3/PP3PPP/R1B1K1NR b KQkq - 1 7,-2.8700
r2qkb1r/pppb1ppp/2n2n2/1N6/Q1Bp4/4P3/PP3PPP/R1B1K1NR w KQkq - 2 8,-1.9900
r2qkb1r/pppb1ppp/2n2n2/1N6/2Bp4/4P3/PPQ2PPP/R1B1K1NR b KQkq - 3 8,-2.4500
r2qkb1r/pppb1ppp/5n2/1N2n3/2Bp4/4P3/PPQ2PPP/R1B1K1NR w KQkq - 4 9,-2.1200
r2qkb1r/pppb1ppp/5n2/4n3/2BN4/4P3/PPQ2PPP/R1B1K1NR b KQkq - 0 9,-2.0100
r2qkb1r/pp1b1ppp/5n2/2p1n3/2BN4/4P3/PPQ2PPP/R1B1K1NR w KQkq - 0 10,-1.4300
r2qkb1r/pp1b1ppp/5n2/2p1n3/2B5/4PN2/PPQ2PPP/R1B1K1NR b KQkq - 1 10,-1.3500
r2qkb1r/pp1b1ppp/2n2n2/2p5/2B5/4PN2/PPQ2PPP/R1B1K1NR w KQkq - 2 11,-0.0400
r2qkb1r/pp1b1ppp/2n2n2/2p5/2B5/1Q2PN2/PP3PPP/R1B1K1NR b KQkq - 3 11,-1.3500
r2qkb1r/pp1b1ppp/5n2/n1p5/2B5/1Q2PN2/PP3PPP/R1B1K1NR w KQkq - 4 12,-1.3400
r2qkb1r/pp1b1ppp/5n2/n1p5/2B5/4PN2/PPQ2PPP/R1B1K1NR b KQkq - 5 12,-1.3900
r2qk2r/pp1b1ppp/3b1n2/n1p5/2B5/4PN2/PPQ2PPP/R1B1K1NR w KQkq - 6 13,-0.3600
r2qk2r/pp1b1ppp/3b1n2/n1p5/8/4PN2/PPQ2PPP/R1B1KBNR b KQkq - 7 13,-0.8700
r2q1rk1/pp1b1ppp/3b1n2/n1p5/8/4PN2/PPQ2PPP/R1B1KBNR w KQ - 8 14,-1.1300
r2q1rk1/pp1b1ppp/3b1n2/n1p5/8/4PN2/PPQB1PPP/R3KBNR b KQ - 9 14,-1.1000
2rq1rk1/pp1b1ppp/3b1n2/n1p5/8/4PN2/PPQB1PPP/R3KBNR w KQ - 10 15,-0.9900
2rq1rk1/pp1b1ppp/3b1n2/n1p5/8/4PN2/PPQB1PPP/3RKBNR b K - 11 15,-1.3300
2rq1rk1/ppbb1ppp/5n2/n1p5/8/4PN2/PPQB1PPP/3RKBNR w K - 12 16,-0.1200
2rq1rk1/ppbb1ppp/5n2/n1Q5/8/4PN2/PP1B1PPP/3RKBNR b K - 0 16,-0.8000
2rq1rk1/pp1b1ppp/1b3n2/n1Q5/8/4PN2/PP1B1PPP/3RKBNR w K - 1 17,-0.6000
2rq1rk1/pp1b1ppp/1b3n2/n7/1Q6/4PN2/PP1B1PPP/3RKBNR b K - 2 17,-1.1000
2rqr1k1/pp1b1ppp/1b3n2/n7/1Q6/4PN2/PP1B1PPP/3RKBNR w K - 3 18,-0.3800
2rqr1k1/pp1b1ppp/1b3n2/n7/8/Q3PN2/PP1B1PPP/3RKBNR b K - 4 18,-1.4900
rnbqkbnr/pp2pppp/8/2pp4/3P4/4PN2/PPP2PPP/RNBQKB1R b KQkq - 0 3,0.1900
rnbqkbnr/pp3ppp/4p3/2pp4/3P4/4PN2/PPP2PPP/RNBQKB1R w KQkq - 0 4,0.1400
rnbqkbnr/pp3ppp/4p3/2pp4/3P4/P3PN2/1PP2PPP/RNBQKB1R b KQkq - 0 4,0.0600
r1bqkbnr/pp3ppp/2n1p3/2pp4/3P4/P3PN2/1PP2PPP/RNBQKB1R w KQkq - 1 5,0.2800
r1bqkbnr/pp3ppp/2n1p3/2pp4/2PP4/P3PN2/1P3PPP/RNBQKB1R b KQkq - 0 5,0.2400
r1bqkbnr/pp3ppp/2n1p3/3p4/2Pp4/P3PN2/1P3PPP/RNBQKB1R w KQkq - 0 6,0.3700
r1bqkbnr/pp3ppp/2n1p3/3p4/2PP4/P4N2/1P3PPP/RNBQKB1R b KQkq - 0 6,0.3100
r1bqkbnr/1p3ppp/p1n1p3/3p4/2PP4/P4N2/1P3PPP/RNBQKB1R w KQkq - 0 7,0.5700
r1bqkbnr/1p3ppp/p1n1p3/3p4/2PP4/P1N2N2/1P3PPP/R1BQKB1R b KQkq - 1 7,0.4400
r1bqk1nr/1p2bppp/p1n1p3/3p4/2PP4/P1N2N2/1P3PPP/R1BQKB1R w KQkq - 2 8,0.5600
r1bqk1nr/1p2bppp/p1n1p3/3p4/2PP4/P1N1BN2/1P3PPP/R2QKB1R b KQkq - 3 8,0.3500
r1bqk1nr/1p2bppp/p1n1p3/8/2pP4/P1N1BN2/1P3PPP/R2QKB1R w KQkq - 0 9,0.5300
r1bqk1nr/1p2bppp/p1n1p3/8/2BP4/P1N1BN2/1P3PPP/R2QK2R b KQkq - 0 9,0.5700
r1bqk2r/1p2bppp/p1n1pn2/8/2BP4/P1N1BN2/1P3PPP/R2QK2R w KQkq - 1 10,0.5500
r1bqk2r/1p2bppp/p1n1pn2/8/3P4/P1N1BN2/BP3PPP/R2QK2R b KQkq - 2 10,0.4600
1rbqk2r/1p2bppp/p1n1pn2/8/3P4/P1N1BN2/BP3PPP/R2QK2R w KQk - 3 11,0.7500
1rbqk2r/1p2bppp/p1n1pn2/8/3P4/P1N1BN2/BP3PPP/R2Q1RK1 b k - 4 11,0.8000
1rbq1rk1/1p2bppp/p1n1pn2/8/3P4/P1N1BN2/BP3PPP/R2Q1RK1 w - - 5 12,0.8000
1rbq1rk1/1p2bppp/p1n1pn2/8/3P4/P1N1BN1P/BP3PP1/R2Q1RK1 b - - 0 12,0.4400
1rbq1rk1/1p3ppp/p1nbpn2/8/3P4/P1N1BN1P/BP3PP1/R2Q1RK1 w - - 1 13,0.7000
1rbq1rk1/1p3ppp/p1nbpn2/8/3P4/P1N1BN1P/BP3PP1/R2QR1K1 b - - 2 13,0.4900
1rbq1rk1/1p3pp1/p1nbpn1p/8/3P4/P1N1BN1P/BP3PP1/R2QR1K1 w - - 0 14,0.5600
1rbq1rk1/1p3pp1/p1nbpn1p/8/3P4/P1NQBN1P/BP3PP1/R3R1K1 b - - 1 14,0.3100
1rbq1rk1/1p2npp1/p2bpn1p/8/3P4/P1NQBN1P/BP3PP1/R3R1K1 w - - 2 15,0.2900
1rbq1rk1/1p2npp1/p2bpn1p/8/3P4/P1NQBN1P/BP3PP1/3RR1K1 b - - 3 15,0.2300
1r1q1rk1/1p1bnpp1/p2bpn1p/8/3P4/P1NQBN1P/BP3PP1/3RR1K1 w - - 4 16,0.9200
1r1q1rk1/1p1bnpp1/p2bpn1p/8/3P4/P1NQBN1P/1P3PP1/1B1RR1K1 b - - 5 16,0.2100
1r1q1rk1/1p2npp1/p1bbpn1p/8/3P4/P1NQBN1P/1P3PP1/1B1RR1K1 w - - 6 17,0.2900
1r1q1rk1/1p2npp1/p1bbpn1p/3P4/8/P1NQBN1P/1P3PP1/1B1RR1K1 b - - 0 17,0.2600
1r1q1rk1/1p2npp1/p1bb1n1p/3p4/8/P1NQBN1P/1P3PP1/1B1RR1K1 w - - 0 18,0.9000
1r1q1rk1/1p2npp1/p1bb1n1p/3p4/1P6/P1NQBN1P/5PP1/1B1RR1K1 b - - 0 18,-0.1000
1r1q1rk1/1pb1npp1/p1b2n1p/3p4/1P6/P1NQBN1P/5PP1/1B1RR1K1 w - - 1 19,0.9500
1r1q1rk1/1pb1npp1/p1b2n1p/3p4/1P6/P1NQBNPP/5P2/1B1RR1K1 b - - 0 19,0.1200
1r1qr1k1/1pb1npp1/p1b2n1p/3p4/1P6/P1NQBNPP/5P2/1B1RR1K1 w - - 1 20,0.6300
1r1qr1k1/1pb1npp1/p1b2n1p/3p4/1P5N/P1NQB1PP/5P2/1B1RR1K1 b - - 2 20,-0.5400
1r1qr1k1/1pb1npp1/p1b4p/3p4/1P2n2N/P1NQB1PP/5P2/1B1RR1K1 w - - 3 21,0.8200
1r1qr1k1/1pb1npp1/p1b4p/3p4/1P2n2N/P1N1B1PP/2Q2P2/1B1RR1K1 b - - 4 21,-0.7300
1r1qr1k1/1pb1n1p1/p1b4p/3p1p2/1P2n2N/P1N1B1PP/2Q2P2/1B1RR1K1 w - - 0 22,0.8400
1r1qr1k1/1pb1n1p1/p1b4p/3p1p2/1P2N2N/P3B1PP/2Q2P2/1B1RR1K1 b - - 0 22,0.9600
1r1qr1k1/1pb1n1p1/p1b4p/3p4/1P2p2N/P3B1PP/2Q2P2/1B1RR1K1 w - - 0 23,1.0000
1r1qr1k1/1pb1n1p1/p1b4p/2Bp4/1P2p2N/P5PP/2Q2P2/1B1RR1K1 b - - 1 23,0.3300
1rnqr1k1/1pb3p1/p1b4p/2Bp4/1P2p2N/P5PP/2Q2P2/1B1RR1K1 w - - 2 24,1.0900
1rnqr1k1/1pb3p1/p1b4p/2Bp4/1P2p2N/PQ4PP/5P2/1B1RR1K1 b - - 3 24,0.7100
1r1qr1k1/1pb3p1/p1bn3p/2Bp4/1P2p2N/PQ4PP/5P2/1B1RR1K1 w - - 4 25,0.6600
1r1qr1k1/1pb3p1/p1bn3p/2Bp4/PP2p2N/1Q4PP/5P2/1B1RR1K1 b - - 0 25,0.1600
1r1qr3/1pb3pk/p1bn3p/2Bp4/PP2p2N/1Q4PP/5P2/1B1RR1K1 w - - 1 26,1.7100
1r1qr3/1pb3pk/p1bn3p/2BR4/PP2p2N/1Q4PP/5P2/1B2R1K1 b - - 0 26,0.5600
1r2r3/1pb3pk/p1bn1q1p/2BR4/PP2p2N/1Q4PP/5P2/1B2R1K1 w - - 1 27,1.7400
1r2r3/1pb3pk/p1bn1q1p/2B5/PP2p2N/1Q4PP/5P2/1B1RR1K1 b - - 2 27,0.4900
1r2r3/1pb3pk/p1b2q1p/2B2n2/PP2p2N/1Q4PP/5P2/1B1RR1K1 w - - 3 28,0.3000
1r2r3/1pb3pk/p1b2q1p/2B2n2/PP2p3/1Q3NPP/5P2/1B1RR1K1 b - - 4 28,-0.1400
1r2r3/2b3pk/ppb2q1p/2B2n2/PP2p3/1Q3NPP/5P2/1B1RR1K1 w - - 0 29,0.8200
1r2r3/2b3pk/ppb2q1p/5n2/PP1Bp3/1Q3NPP/5P2/1B1RR1K1 b - - 1 29,0.7000
1r2r3/2b3pk/ppb3qp/5n2/PP1Bp3/1Q3NPP/5P2/1B1RR1K1 w - - 2 30,0.5100
